{
    "R2_score": [
        0.5833879160755736,
        0.5770488015007698,
        0.38743515089581093,
        0.6886747085954277,
        0.34145311829974534,
        0.5684811036046504,
        0.3348579831663582,
        0.08065981394801547,
        0.7782379858343016,
        0.40542758344376206
    ],
    "MAE_score": [
        89.6171102696698,
        95.06052348644256,
        95.4240818461602,
        108.10473308311187,
        74.83519164445194,
        38.3512398585019,
        89.39778991458952,
        142.67449728512736,
        75.41562806931685,
        53.4648404799586
    ],
    "RMSE_score": [
        98.50571463274751,
        133.55999308606903,
        120.70636447357059,
        126.47176017188994,
        96.91675131041772,
        42.13545178061157,
        101.42756356554763,
        172.88891020087695,
        93.63470971382964,
        66.79670521370996
    ],
    "y_predict": [
        264.32893042129547,
        223.72085477831763,
        197.87746826440952,
        165.74993587064375,
        263.30926530544264,
        204.2762634455061,
        184.70141720081727,
        176.87188833948318,
        405.39878984255654,
        330.0846723780942,
        285.2424940742146,
        244.08291085203786,
        275.43438588023736,
        262.2430771302814,
        245.05595606664568,
        235.2845617900859,
        309.6543175703335,
        309.6543175703335,
        309.6543175703335,
        309.6543175703335,
        497.26923099340695,
        494.3815408673173,
        490.9001425510486,
        446.8954386089831,
        348.54515375079785,
        305.0316004206972,
        282.4689517655947,
        260.37141514177773,
        363.0893441646393,
        294.9668444477888,
        384.3802871732714,
        364.057809845634,
        203.52916418598454,
        149.99773065930933,
        129.60687508970284,
        133.17889232975915,
        266.5216974976555,
        213.31482647018535,
        189.1172853292616,
        187.26694050492964,
        267.73956411026353,
        233.69435507698572,
        163.33602869497167,
        150.08211107414672,
        296.64190153547503,
        241.62334547904027,
        193.34365596516844,
        171.2389510242653,
        336.8645248242994,
        289.2130758592112,
        289.2130758592112,
        281.47044046321383,
        167.82753111623296,
        96.53014603029959,
        75.13301229597255,
        73.64988073433665,
        177.71333592568448,
        142.84268883058022,
        129.08782174703026,
        117.02372475277281,
        255.7612225170663,
        161.5130806548466,
        164.09603182847798,
        163.63003668256007,
        290.32634540900256,
        253.7056103137001,
        160.65660492624238,
        140.21223865975074,
        263.9312613722854,
        237.78984494086453,
        216.75720556461698,
        214.68838014646116,
        437.00726983091397,
        423.0594688762126,
        400.6539580919664,
        383.967047107652,
        359.49440878630674,
        339.61400613404084,
        279.92390123454817,
        257.3301094610769,
        231.14099754029567,
        190.41150996403638,
        144.2376760615732,
        115.18336798128314,
        356.12723933577615,
        318.1688912027727,
        310.5150038089451,
        276.7900832200339,
        302.7555301201968,
        272.68002987479156,
        218.47843378726887,
        192.76166547489498,
        182.46353053863675,
        113.22850574924485,
        61.13135725893301,
        42.73696445495801,
        249.17279663598742,
        227.78832948433245,
        214.77609252009805,
        210.84307731160374,
        195.43104105823443,
        153.99735080479172,
        124.46100965766932,
        93.6894369052225,
        187.20088889834958,
        144.0929590539935,
        126.07174224710721,
        123.39624860272019,
        300.0667171799323,
        235.97638032404012,
        208.09388124374703,
        170.74966768220025,
        433.8323216906091,
        354.38228344502465,
        324.7241480106584,
        310.1811171592432,
        445.4506404914537,
        409.3146554875683,
        392.149853334725,
        387.0292698475985,
        445.4506404914537,
        409.3146554875683,
        392.149853334725,
        387.0292698475985,
        587.9213136617016,
        537.9031067864211,
        511.3604168061825,
        497.4175522099838,
        305.6354065204472,
        209.44111774590795,
        174.2663647690798,
        172.657504261274,
        214.19983072883048,
        305.0316004206972,
        351.6742385481776,
        354.6745791959384,
        336.0187096063604,
        318.1926096820621,
        93.77459790038483,
        65.89062093337273,
        60.06424264224029,
        55.490596061081305,
        57.08047762164955,
        48.954633243795485,
        44.9460455509134,
        40.35165719154355,
        118.30468607256302,
        80.06541303163797,
        58.00818228028038,
        53.15141534091404,
        219.86137738349237,
        187.02411106181802,
        165.3938618237164,
        160.39190895266438,
        296.4184921783422,
        195.86312000523571,
        170.59376053355908,
        168.95576210958785,
        211.89716542836356,
        172.71713756609398,
        161.31128749815957,
        159.69836245613317,
        383.3777141592874,
        375.64473306341426,
        375.64473306341426,
        496.26314675849636,
        495.27880432768154,
        451.0407031457302,
        571.572650477432,
        278.6076261466087,
        217.1420553311427,
        190.38184148022748,
        146.8912464056213
    ],