{
    "R2_score": [
        0.7469893621827939,
        0.9505142323613804,
        0.93156701022002,
        0.7541192099477775,
        0.9246073438925502,
        0.7986084035496495,
        0.6872813813733021,
        0.805537654417754,
        0.7720366382126426,
        0.8980736124886665
    ],
    "MAE_score": [
        81.76614657962817,
        62.45107907839711,
        49.15455497202349,
        69.82512220657604,
        58.307766632148834,
        67.0606387584981,
        45.02123334177458,
        66.3953717169727,
        56.939533419111626,
        51.24278057379558
    ],
    "RMSE_score": [
        121.59273383166187,
        87.07708704662761,
        68.69087420865282,
        92.51751244092799,
        88.77447531140125,
        84.93449149222499,
        69.77697308124445,
        87.08608295863093,
        81.44893400787949,
        65.39207740564113
    ],
    "y_predict": [
        210.0288969527454,
        219.59978529100377,
        167.150081608861,
        164.4764254766116,
        319.4224971206218,
        308.40547753311205,
        308.8419474723078,
        247.70995724602557,
        462.9212623578787,
        401.51351291363954,
        383.8930301093417,
        336.3598957716325,
        278.8211949044373,
        245.19189838041876,
        197.5338692318042,
        229.2494990290496,
        930.834483940143,
        507.1749711070718,
        384.3479683728734,
        243.28798269161226,
        810.8004908546441,
        579.9976855673568,
        519.86460877255,
        326.3888660011167,
        930.834483940143,
        583.3529085828559,
        519.86460877255,
        375.57503710381883,
        1248.4544289474184,
        1348.935351227444,
        1245.3405340986064,
        1384.4585854405689,
        531.2431480754069,
        489.42041422494276,
        556.5694213519616,
        387.3239452007957,
        492.25704037506193,
        421.6330894836636,
        357.3170248996918,
        313.13954549251144,
        366.7225459362436,
        340.0707345481578,
        350.9039560421798,
        341.65892778621014,
        218.07131781485157,
        156.6646659820914,
        117.95823448765864,
        137.20597533726294,
        174.19101958056677,
        136.4735884859353,
        65.10652901311798,
        77.3673670412557,
        295.58515569750784,
        229.00908344460038,
        160.46896239855212,
        138.4235000127449,
        332.53427069893735,
        218.23670567243084,
        164.63301385653318,
        144.43541665697163,
        477.14970535233044,
        437.43896781632844,
        361.63140583979794,
        386.63745979789246,
        151.55349660230763,
        88.01573519864377,
        51.21023766721012,
        68.47162179420556,
        161.68799025763425,
        100.13375852628116,
        70.54121340640012,
        42.859224454771436,
        213.031309952393,
        86.77666531985025,
        130.7391150567199,
        52.117021810386206,
        282.78878059786274,
        268.3208679716935,
        151.61297057815167,
        126.80583533785324,
        168.17046057605637,
        216.6571982920342,
        48.026615222815735,
        88.90776422919231,
        522.4398283684585,
        584.7401365693044,
        496.64047796998955,
        438.15470457390813,
        274.37329733979146,
        299.2628268343055,
        280.3634297910608,
        254.0741748797958,
        282.3400932492522,
        245.51912394794178,
        173.48033153512702,
        188.90563371582044,
        327.64128422899427,
        316.16391254809986,
        309.4201458582327,
        192.15230992837536,
        254.81825083263755,
        216.21386974743288,
        193.50795230499762,
        192.15230992837536,
        177.71531469525814,
        106.94857642736724,
        69.71957081609332,
        70.34903604684857,
        240.1495208426477,
        152.60477861638242,
        76.28776905263061,
        101.64910335955804,
        201.70584787549654,
        126.18158764292983,
        95.85433732692104,
        87.40713267881699,
        166.44605016771007,
        99.0797503774103,
        99.57519746764038,
        88.05327463402685,
        288.78892612740117,
        261.18930903689625,
        262.5837937760307,
        178.12192720564332,
        419.6705016338958,
        342.9119443299725,
        296.8788359535487,
        301.3207452347729,
        561.5868427063641,
        504.17946944600214,
        460.7190735609122,
        433.84197284627186,
        635.3771427682617,
        508.0191930028128,
        494.23391564146584,
        489.79466363557077,
        558.0813284390055,
        528.1405676361238,
        499.8482750050937,
        501.27969111034315,
        197.0986826047981,
        79.8487019983221,
        51.338373619462715,
        49.471063746727026,
        215.22992333521546,
        400.7082055525633,
        245.2937726724144,
        200.3816363862408,
        184.46843490845163,
        159.73315372327443,
        99.73859324796851,
        69.71957081609332,
        76.36157727781708,
        43.01398854523316,
        147.14521174720863,
        56.57872627599468,
        63.30658647471279,
        64.2432853020214,
        52.22305917443879,
        62.26960344912979,
        26.029665438265113,
        13.427293864494345,
        131.75320895455178,
        23.406529122241636,
        43.35205666881134,
        30.13159168243726,
        285.0998145576606,
        152.56716880286086,
        122.3042130687387,
        114.26637564932759,
        175.4989297161805,
        189.680135052371,
        127.81487184937546,
        141.43196193189232,
        385.558144855412,
        349.8929822479111,
        334.285172187451,
        518.6876205283714,
        560.9140393085918,
        405.03030925303824,
        514.5159000314956,
        320.043031181051,
        305.90834274060876,
        264.35908404419536,
        277.12319717317575
    ],