{
    "R2_score": 0.6424324787745546,
    "MAE_score": 54.86892779524326,
    "RMSE_score": 87.57003474849515,
    "y_predict": [
        336.83736957004936,
        164.78359572002617,
        185.24713383645383,
        203.3045140026369,
        274.76065154552015,
        80.03454858690489,
        240.1888821515059,
        194.44665847281658,
        299.99569339145893,
        309.92872894816935,
        637.5020096386683,
        195.60586395536325,
        233.02742067006542,
        43.87852778959956,
        330.89372138590807,
        417.2449445314442,
        227.37056292093484,
        124.56644981945323,
        511.48595347855587,
        19.244582050385787,
        118.02050700158583,
        215.50091745050136,
        82.53591383242608,
        295.87804996119854,
        67.09596446083057,
        240.1888821515059,
        65.18210984587316,
        498.2980391211702,
        498.2980391211702,
        71.26151975225119,
        320.65483304952613,
        498.2980391211702,
        258.38635066940134,
        78.15442832959926,
        255.53566220156642
    ],
    "y_true": [
        140.0,
        149.0,
        310.4,
        118.4,
        333.94,
        82.5,
        240.6,
        198.0,
        354.8,
        377.13,
        565.3,
        260.4,
        131.0,
        25.0,
        325.0,
        455.0,
        287.4,
        94.6,
        423.0,
        11.6,
        118.4,
        211.8,
        58.1,
        391.6,
        59.7,
        221.9,
        66.5,
        145.9,
        548.0,
        64.8,
        352.5,
        355.6,
        235.0,
        93.4,
        305.0
    ],
    "features": [
        "CC_Electrical_Conductivity",
        "CC_Thermal_Conductivity",
        "Current_Density",
        "E_Anion_Radius",
        "E_Ionic_Conductivity",
        "Is_Binder",
        "M_Density",
        "Morphology_Encoded",
        "Potential_Window",
        "Synthesis_Method"
    ],
    "params": {
        "depth": 4,
        "learning_rate": 0.17964296845519845,
        "iterations": 987,
        "l2_leaf_reg": 3.648174403986094,
        "border_count": 214
    }
}