{
    "R2_score": 0.8831057980821302,
    "MAE_score": 76.86740296121769,
    "RMSE_score": 115.47680024061616,
    "y_predict": [
        243.33555065910315,
        377.6798705148259,
        65.92707515792534,
        47.25905524180078,
        173.508026354409,
        198.4875490607734,
        930.7824356494583,
        170.47431472677602,
        69.26018267041906,
        309.4865891543984,
        316.16376878371443,
        36.18278130615195,
        88.82226882391538,
        390.83209845439137,
        141.04257668050133,
        930.7824356494583,
        63.00777061660631,
        389.42866205968875,
        48.979705628208166,
        364.45437348611483,
        19.286424937937056,
        426.34222783573307,
        242.15300656147127,
        1199.6703251487784,
        454.7148491568156,
        309.65571856904535,
        411.61325736437277,
        384.3351946242561,
        213.10088828350834,
        139.65381511374252,
        18.289743747277043,
        116.20528591011015,
        90.50710410522356,
        488.0169524313984,
        76.2133138887911,
        1340.4877926217664,
        390.83209845439137
    ],
    "y_true": [
        399.7,
        352.5,
        60.3,
        62.2,
        115.0,
        198.0,
        548.0,
        94.6,
        97.9,
        188.8,
        215.28,
        22.1,
        87.23,
        276.0,
        220.0,
        1074.5,
        6.0,
        193.6,
        67.6,
        232.0,
        11.6,
        419.13,
        201.8,
        1340.0,
        455.0,
        333.94,
        750.1,
        528.8,
        216.0,
        109.9,
        98.3,
        88.0,
        82.5,
        422.0,
        92.9,
        1440.0,
        308.0
    ],
    "features": [
        "CC_Thermal_Conductivity",
        "Current_Collector",
        "Current_Density",
        "E_Bare_Anion_Radius",
        "E_Cation_Radius",
        "Is_Binder",
        "M_Density",
        "Morphology_Encoded",
        "Potential_Window",
        "Synthesis_Method"
    ],
    "params": {
        "depth": 4,
        "learning_rate": 0.2954876954171373,
        "iterations": 984,
        "l2_leaf_reg": 1.3583557353098974,
        "border_count": 196
    }
}