{
    "R2_score": [
        -0.1661979965348923,
        -3.460655046763108,
        -0.1365549019371295,
        0.406446532150066,
        0.22163089770757094,
        0.25284968372192373,
        -0.7163914986117521,
        0.10670021261407614,
        -0.17462838688600058,
        -0.31665519421541544
    ],
    "MAE_score": [
        153.59223608900763,
        146.3034780782069,
        120.03267796218542,
        284.7282905031624,
        125.69265500774254,
        205.78632941866553,
        114.42683971885927,
        91.52773169516435,
        158.64792936009644,
        114.79032638324819
    ],
    "RMSE_score": [
        218.21253571150612,
        174.97336842578125,
        140.56721043502137,
        385.28386491754577,
        175.2794692463093,
        221.377249500667,
        130.2091788218629,
        126.43193695880636,
        189.9008582571717,
        167.65115638112943
    ],
    "y_predict": [
        251.11598745245314,
        251.11598745245314,
        251.11598745245314,
        165.3291531779094,
        369.3421320271663,
        256.36509961127035,
        256.36509961127035,
        256.36509961127035,
        336.90774522782306,
        336.90774522782306,
        305.20530626387074,
        282.47114168048205,
        381.6447462606099,
        459.37284459549954,
        272.5133609428355,
        277.7093904314057,
        468.1505099107392,
        468.1505099107392,
        468.1505099107392,
        468.1505099107392,
        530.390128071687,
        530.390128071687,
        530.390128071687,
        530.390128071687,
        517.2075497608124,
        517.2075497608124,
        517.2075497608124,
        517.2075497608124,
        710.1989292197466,
        722.6016358455536,
        569.6406021078433,
        622.6545978034849,
        138.86418788989198,
        138.86418788989198,
        138.86418788989198,
        138.86418788989198,
        372.68874780889695,
        372.68874780889695,
        348.7815732928576,
        383.9695382995767,
        361.30954054226663,
        361.30954054226663,
        252.17815522449246,
        257.37418471306245,
        188.9503955751475,
        148.98828809295136,
        141.82869988571093,
        141.82869988571093,
        394.42782880677174,
        308.640994532228,
        308.640994532228,
        308.640994532228,
        251.8412203057875,
        251.8412203057875,
        138.86418788989198,
        138.86418788989198,
        253.7857719372605,
        253.7857719372605,
        167.99893766271697,
        145.26477307932814,
        360.50360536227316,
        360.50360536227316,
        360.50360536227316,
        360.50360536227316,
        425.04508728202234,
        360.50360536227316,
        360.50360536227316,
        360.50360536227316,
        167.01721935020808,
        93.9237071624294,
        94.8051723422667,
        77.61501658560522,
        196.196258507864,
        130.60637730636566,
        89.44886936215113,
        89.44886936215113,
        357.7263187358288,
        223.93361152032978,
        192.40008809591686,
        181.4991016752569,
        588.1219471918614,
        541.2143737207872,
        530.7002719903548,
        513.5880746041371,
        306.4339623890023,
        202.47543063347356,
        178.47250602361007,
        199.73985520776296,
        345.4343262170749,
        331.0323144546085,
        330.680708291081,
        327.9300907482281,
        262.88257712796315,
        173.35552017468456,
        76.79446176799698,
        50.842768376052554,
        343.1441218817095,
        334.99360491804913,
        310.08578961439343,
        269.0858054867895,
        308.868404704815,
        256.579927189484,
        206.08961641359133,
        174.74034681674206,
        229.51131792879747,
        229.51131792879747,
        102.11310967506535,
        101.90455067319205,
        374.90545217370624,
        352.0592897476034,
        334.7980785674644,
        291.67746207418577,
        320.78193554874326,
        268.5187408047676,
        279.4466113298742,
        280.27408866933916,
        209.06532556101047,
        101.33073318531872,
        49.59156663682685,
        -41.274345375695056,
        267.13005174033714,
        157.99866642256302,
        163.19469591113324,
        163.19469591113324,
        347.61116989372067,
        136.22203914851693,
        167.9898898140002,
        173.06692899113344,
        425.04508728202234,
        360.50360536227316,
        360.50360536227316,
        360.50360536227316,
        490.7394904039903,
        377.7624579880949,
        377.7624579880949,
        377.7624579880949,
        465.7554731239014,
        405.8660007104864,
        417.0024302374663,
        419.7866165330526,
        254.6090753877107,
        159.87745056637942,
        133.84059228145884,
        133.84059228145884,
        369.3421320271663,
        403.6751667430738,
        410.4110792448668,
        444.63505252733967,
        445.38710596066164,
        471.0511977423479,
        107.05328031070195,
        65.37303766449725,
        56.34401273212296,
        57.690096946962505,
        247.73552453690846,
        256.87248595800946,
        271.2338359391263,
        261.5793038703229,
        209.05762481994938,
        200.30566243320197,
        200.30566243320197,
        200.30566243320197,
        271.18050721596074,
        235.2762265874468,
        235.2762265874468,
        235.2762265874468,
        417.7796355814223,
        308.6482502636481,
        313.8442797522183,
        313.8442797522183,
        277.210408695191,
        168.07902337741712,
        173.27505286598733,
        173.27505286598733,
        455.9454503798734,
        428.6757052384667,
        428.6757052384667,
        214.08893857863316,
        191.35477399524444,
        191.35477399524444,
        191.35477399524444,
        271.9354610274923,
        226.03605270275236,
        211.8664126990524,
        132.38355266214728
    ],