{
    "R2_score": [
        0.6382235507358007,
        0.5786441389822472,
        0.7550235108737472,
        0.6630090349220534,
        0.6124653064929821,
        0.9286164835497732,
        0.8615140309221978,
        0.7527220712450504,
        0.735053831464014,
        0.8842956142122635
    ],
    "MAE_score": [
        62.116466419754815,
        55.53689853870872,
        59.20546791681323,
        72.57497109494429,
        65.10865483495485,
        45.35871777195565,
        39.594453545194334,
        66.01234130950593,
        56.10163067026218,
        49.066062217760866
    ],
    "RMSE_score": [
        83.35126855016897,
        96.34588547741141,
        79.44344120349804,
        86.90939070553333,
        89.35614148504814,
        52.318295963236096,
        46.50477845404083,
        91.75840163986214,
        98.83112303686099,
        70.15467643956246
    ],
    "y_predict": [
        214.56400796955253,
        219.34393065362926,
        130.79110700118056,
        146.79874768335333,
        380.2473623607522,
        288.29530570091106,
        191.82885402524155,
        267.2889455864652,
        468.7126090456532,
        438.1473238000959,
        410.64050411763685,
        313.5485668400838,
        274.0967934537676,
        219.7577823364182,
        219.20564063746068,
        200.2623659283818,
        488.9003353420333,
        349.8847863741331,
        488.9003353420333,
        488.9003353420333,
        465.7098323148077,
        459.1687078062695,
        439.09249271985783,
        368.01999125546996,
        471.70721767055284,
        420.01394219541817,
        373.1168623161478,
        270.6637342405766,
        350.74219176561684,
        300.70919666458894,
        317.32675033325245,
        304.3690975229352,
        187.6096783641327,
        184.90884213987056,
        165.87510182431274,
        160.63383474174114,
        192.6755948235134,
        113.68194915662129,
        44.50667231498935,
        61.14293323374934,
        271.9804150493485,
        221.71310737793885,
        164.57589233467255,
        134.31065716517747,
        268.56192259721007,
        256.4995667018475,
        189.9329999461188,
        192.7691979972311,
        380.43193370985745,
        451.9332490344898,
        380.43193370985745,
        374.8946272876512,
        222.1468011613263,
        91.13204962327931,
        52.21132966814392,
        63.81805187304161,
        159.4069918973613,
        89.30155601200269,
        85.85509222906406,
        32.2611030907538,
        216.6194907664641,
        46.77461974345988,
        60.913646862230465,
        72.99429479354386,
        271.9804150493485,
        244.3756743167343,
        148.50290222771,
        88.18488398439999,
        204.85653041023085,
        273.39631086437316,
        122.21753672795248,
        94.50337644904683,
        548.3703120441415,
        522.4022387171053,
        539.3061132838151,
        479.86291750628357,
        278.3316013684666,
        245.16229784874557,
        196.0862273723187,
        235.60127595074763,
        335.59553002856364,
        293.1349407130836,
        169.02380280820358,
        160.55014268273635,
        328.8086111914297,
        316.11144281478204,
        269.5782886263962,
        254.8994409118918,
        293.7136749270819,
        228.42913806627243,
        188.87144663710222,
        154.4935069384346,
        265.63548267387745,
        106.08394075595203,
        60.78654580925212,
        69.46545266748272,
        180.88199219638437,
        176.76994745131896,
        113.63748036256723,
        83.90870568613488,
        159.20931483979604,
        137.30313175110624,
        99.04682846602137,
        75.29711057247407,
        206.70861753847828,
        114.96310955068971,
        72.23894101592724,
        31.861564709672685,
        277.5619352052074,
        283.39095513681735,
        291.73795709243427,
        221.15154231747988,
        390.3873041201043,
        309.2615328173673,
        333.3832187132839,
        324.1749951308665,
        569.0614408815653,
        514.9303000665789,
        460.35313563102943,
        409.8808235958663,
        613.7219919309674,
        519.5354378895995,
        502.50677337552963,
        490.0402326677586,
        636.0316847880424,
        552.8016833237693,
        506.67260763344785,
        496.7288473647037,
        302.85500107660476,
        89.81510425154146,
        51.25710870163861,
        31.533641686557974,
        32.23609815640173,
        391.9968799310062,
        209.40468946286168,
        224.5616588200201,
        98.9087253270448,
        144.65230293554802,
        92.72992259489766,
        81.30710361638478,
        63.022133925749905,
        75.7353528047106,
        54.10881134679371,
        65.36238086484438,
        52.62409367666669,
        70.97411001889503,
        73.39806428257643,
        70.89701980834691,
        38.26875362084067,
        43.99710010969657,
        53.94481083008406,
        22.35329248617838,
        31.734227419566086,
        13.77630348610278,
        340.9711908695461,
        116.35172787170397,
        101.4343359881619,
        100.84390938177744,
        165.53801793959113,
        102.30052893456939,
        117.00524315745696,
        117.62512006346854,
        378.56777441742264,
        355.07681660505654,
        335.572856395592,
        533.4396495146854,
        565.257786010803,
        494.0734554961592,
        354.33414410406635,
        300.35156639938407,
        307.05849948864784,
        242.37227229158617,
        237.62129277960648
    ],