{
    "R2_score": [
        0.4091745470601804,
        0.04320683355232713,
        0.4122474278745786,
        0.8236256874599968,
        0.556699445695747,
        0.8456973852503584,
        -0.49479319477373673,
        0.16386605983901303,
        0.7106325604555033,
        0.276591139741276
    ],
    "MAE_score": [
        100.5293037797619,
        143.2544857142857,
        94.03095882352945,
        84.21130325000004,
        63.565744444444405,
        20.445558333333338,
        130.69942324929977,
        133.50582499999996,
        82.94815520833333,
        61.458989194139185
    ],
    "RMSE_score": [
        117.30731460131369,
        200.88166084122764,
        118.2364557581582,
        95.19278398154586,
        79.516020374738,
        25.196161789704114,
        152.05102696867945,
        164.87960595941593,
        106.95919371223725,
        73.67914444789093
    ],
    "y_predict": [
        201.10066666666665,
        181.79135000000002,
        138.84544166666657,
        128.64254166666657,
        298.7651571428571,
        210.34239999999997,
        167.5944000000001,
        148.5897000000001,
        358.5961333333331,
        328.4587666666668,
        231.4262999999999,
        187.58749999999998,
        264.97380000000004,
        232.2792000000001,
        212.65660000000014,
        207.62560000000008,
        307.75829999999974,
        307.75829999999974,
        307.75829999999974,
        307.75829999999974,
        345.33969999999994,
        327.85829999999993,
        317.85490000000016,
        280.5249000000002,
        275.2459333333331,
        197.69673333333333,
        212.89399999999998,
        207.91466666666668,
        334.5200000000001,
        313.2119666666667,
        310.05966666666666,
        307.49573333333336,
        181.84726666666657,
        142.0199999999999,
        122.53320000000005,
        123.1426666666667,
        201.12189999999993,
        145.4162333333333,
        128.04539999999997,
        115.61174166666667,
        275.4009000000004,
        236.0062000000003,
        172.19500000000022,
        134.99800000000013,
        290.6427285714286,
        244.97480000000004,
        221.41269999999997,
        204.1898,
        363.1168000000003,
        270.63579999999996,
        270.84979999999996,
        270.84979999999996,
        222.57740000000004,
        135.07469999999995,
        109.37289999999999,
        96.5095,
        228.8667000000001,
        184.60511666666665,
        160.3243166666666,
        130.50465000000005,
        230.7326666666667,
        101.48629999999999,
        99.02950000000001,
        100.3545,
        299.7226,
        247.3590999999998,
        168.91230000000004,
        124.59229999999998,
        301.32966666666664,
        305.45799999999997,
        295.807,
        287.592,
        272.85029999999983,
        218.51400000000004,
        207.18500000000006,
        199.32699999999997,
        336.4378,
        297.38009999999986,
        284.21729999999985,
        285.55909999999983,
        217.81583333333325,
        185.90654999999992,
        146.45538333333334,
        121.3615266666667,
        356.9822666666662,
        343.37359999999984,
        323.77118333333374,
        293.0048000000004,
        250.534633333333,
        230.22443333333314,
        209.6394333333331,
        178.91060000000013,
        232.99060000000017,
        124.69559999999987,
        92.50099999999986,
        67.8459000000001,
        244.54929999999993,
        199.07229999999993,
        187.09269999999998,
        178.57219999999995,
        179.9153571428571,
        145.07001666666656,
        105.21217619047617,
        104.40517619047618,
        180.753,
        104.86059999999998,
        100.61480000000003,
        99.08780000000003,
        244.61139999999995,
        184.86038333333346,
        145.07221666666675,
        136.1721333333334,
        330.6918666666668,
        268.8669111111111,
        248.6537666666667,
        236.30235000000002,
        528.4828000000005,
        467.75229999999965,
        433.2013999999997,
        408.13399999999984,
        528.4828000000005,
        467.75229999999965,
        433.2013999999997,
        408.13399999999984,
        632.3183416666666,
        547.7374375000002,
        508.5076250000004,
        504.8270333333333,
        311.4025333333334,
        270.4294333333331,
        245.67679999999984,
        223.75256666666664,
        231.36714999999992,
        197.69673333333333,
        373.2560333333334,
        332.1249999999998,
        289.23,
        259.43700000000007,
        113.4579999999999,
        88.53399999999993,
        78.76919999999996,
        68.87899999999996,
        79.21358333333342,
        54.78971428571427,
        47.52599999999995,
        44.38650000000001,
        125.72304999999989,
        90.5271333333333,
        79.1328333333334,
        69.32186666666662,
        206.50946666666655,
        126.46999999999991,
        105.48299999999998,
        96.79415000000003,
        279.9840000000002,
        154.98449999999994,
        131.64433333333326,
        125.69983333333333,
        174.00729999999996,
        124.03679999999994,
        117.40969999999994,
        111.96459999999993,
        324.79704761904765,
        381.6679999999996,
        381.6679999999996,
        500.6236,
        487.23920000000004,
        428.7149499999998,
        466.11994999999956,
        314.30153809523796,
        265.87554999999986,
        233.4301000000001,
        220.41510000000008
    ],