{
    "R2_score": 0.6152316216938709,
    "MAE_score": 64.87948977210883,
    "RMSE_score": 90.83980150594105,
    "y_predict": [
        328.2140000000001,
        160.95970000000017,
        214.89927999999975,
        184.12099999999992,
        176.97409999999996,
        133.25459999999998,
        254.11480000000003,
        180.10366666666664,
        204.49040000000002,
        257.7132,
        638.5643696428572,
        171.39689999999996,
        210.0204999999999,
        60.56170000000001,
        301.5563333333334,
        411.14510000000007,
        271.43591666666697,
        200.5385,
        437.4032857142854,
        28.395,
        122.37779999999987,
        217.0995,
        123.6967999999999,
        300.54730000000006,
        83.22244999999997,
        254.11480000000003,
        61.73300000000004,
        442.6089999999996,
        442.6089999999996,
        69.11159999999997,
        313.26666666666665,
        442.6089999999996,
        227.98529999999988,
        88.126,
        173.09409999999997
    ],
    "y_true": [
        140.0,
        149.0,
        310.4,
        118.4,
        333.94,
        82.5,
        240.6,
        198.0,
        354.8,
        377.13,
        565.3,
        260.4,
        131.0,
        25.0,
        325.0,
        455.0,
        287.4,
        94.6,
        423.0,
        11.6,
        118.4,
        211.8,
        58.1,
        391.6,
        59.7,
        221.9,
        66.5,
        145.9,
        548.0,
        64.8,
        352.5,
        355.6,
        235.0,
        93.4,
        305.0
    ],
    "features": [
        "CC_Electrical_Conductivity",
        "CC_Thermal_Conductivity",
        "Current_Density",
        "E_Anion_Radius",
        "E_Ionic_Conductivity",
        "Is_Binder",
        "M_Density",
        "Morphology_Encoded",
        "Potential_Window",
        "Synthesis_Method"
    ]
}