{
    "R2_score": 0.8813554548179466,
    "MAE_score": 84.72961445302447,
    "RMSE_score": 116.33814755469042,
    "y_predict": [
        260.61553333333336,
        347.61199999999985,
        71.73299999999996,
        97.27489999999997,
        155.11470000000017,
        204.66265000000004,
        784.5470499999999,
        180.77868333333336,
        98.5218333333333,
        305.743696666667,
        315.2334833333331,
        37.38100000000003,
        131.5764000000001,
        363.11999999999955,
        127.08374999999992,
        784.5470499999999,
        87.39126666666665,
        425.2700000000001,
        135.21890000000022,
        321.76399999999984,
        26.465000000000018,
        346.4700999999998,
        276.30099999999993,
        1147.2619999999997,
        424.334,
        251.2795333333332,
        428.8320000000001,
        400.14309523809476,
        219.87329999999972,
        167.90159999999992,
        107.00400000000002,
        146.71118333333345,
        126.165,
        471.78488333333314,
        92.1615333333333,
        1279.1811999999998,
        363.11999999999955
    ],
    "y_true": [
        399.7,
        352.5,
        60.3,
        62.2,
        115.0,
        198.0,
        548.0,
        94.6,
        97.9,
        188.8,
        215.28,
        22.1,
        87.23,
        276.0,
        220.0,
        1074.5,
        6.0,
        193.6,
        67.6,
        232.0,
        11.6,
        419.13,
        201.8,
        1340.0,
        455.0,
        333.94,
        750.1,
        528.8,
        216.0,
        109.9,
        98.3,
        88.0,
        82.5,
        422.0,
        92.9,
        1440.0,
        308.0
    ],
    "features": [
        "CC_Thermal_Conductivity",
        "Current_Collector",
        "Current_Density",
        "E_Bare_Anion_Radius",
        "E_Cation_Radius",
        "Is_Binder",
        "M_Density",
        "Morphology_Encoded",
        "Potential_Window",
        "Synthesis_Method"
    ]
}