{
    "R2_score": [
        0.4836104226192319,
        0.644001169195371,
        0.5500456487599658,
        0.7382374991496325,
        0.4554244334901819,
        0.21682527495602355,
        0.45213379243984775,
        0.09164350598562698,
        0.7688723673119262,
        0.17055566120546162
    ],
    "MAE_score": [
        95.68217614783343,
        90.72506024380586,
        75.19187767944356,
        97.80692618370267,
        66.96769054897436,
        52.10263287869982,
        79.70233925107956,
        142.73148495648888,
        79.11509334927855,
        63.321179297045965
    ],
    "RMSE_score": [
        109.66908720244294,
        122.53369892240877,
        103.45187388184645,
        115.96850989879603,
        88.13219265092653,
        56.76453404441582,
        92.05259982766437,
        171.85302348571219,
        95.59148871521587,
        78.89441969277408
    ],
    "y_predict": [
        247.96363705363592,
        206.2283736376495,
        181.4546595217715,
        170.70735082579662,
        237.33795604050837,
        190.89003124937008,
        169.2179066706771,
        143.80727287114334,
        362.50842239090434,
        331.15667352841143,
        278.25572897048295,
        258.949813986272,
        293.1728697156221,
        273.65424735850667,
        267.35113167143885,
        255.4037738812529,
        340.15004943847214,
        340.14396556172676,
        340.1378815583528,
        340.107459646642,
        483.50027887354736,
        450.2664445714754,
        449.85498540827547,
        339.4067793994226,
        383.13155831834797,
        309.85025363667376,
        298.78050605114095,
        284.0197905857451,
        340.8086020672668,
        329.5534175547281,
        329.39113416458787,
        308.42649447770214,
        194.709377641519,
        141.02502245754155,
        119.36487407915807,
        106.42846318870407,
        275.0705663420699,
        190.41068011316855,
        174.87136425653821,
        167.95335701021006,
        275.5739469582941,
        227.3790236461521,
        163.37261204725993,
        147.91762982185787,
        265.65054502326467,
        238.5336810874926,
        186.90968280531985,
        169.6166627408513,
        369.8756446131992,
        364.616313578397,
        314.09712778681,
        305.1030910408683,
        178.97520563128884,
        114.0455690819702,
        85.227884866795,
        81.90831793279769,
        178.45078786671274,
        113.33690658900017,
        98.48013130277299,
        91.85204059197487,
        257.9742433347172,
        152.4919284944067,
        119.61576939241965,
        113.02126722049054,
        305.79242202883114,
        249.56685338066578,
        172.14479379936546,
        170.31993483897963,
        228.80044661266962,
        204.78064433496013,
        181.15814460658487,
        177.2586621071735,
        447.3778168624235,
        411.08300635432437,
        410.8211177534287,
        410.1250015754806,
        348.70578893783204,
        336.8907988643595,
        323.9403216319109,
        314.07758846414583,
        272.33416726459245,
        188.81874915530912,
        136.99623789470158,
        116.20941159010866,
        301.5078187817632,
        282.1544510882025,
        267.66965793341393,
        237.33868392333173,
        312.48468128851783,
        279.1603152250534,
        203.31669138042014,
        175.42106760970955,
        173.6142918713805,
        97.08703995659445,
        66.68077205780655,
        51.251680482977044,
        209.71554581983517,
        165.21395061148735,
        154.53230763912273,
        147.58376958917245,
        189.9515335248982,
        160.81434584032976,
        138.22935499603898,
        124.2198409883712,
        211.9951102418665,
        170.717905342839,
        142.445446728588,
        132.32908420296218,
        264.1906520713144,
        208.95014564196907,
        180.87099170221973,
        127.06201601690063,
        359.6200431112813,
        310.69933796490545,
        288.679038950451,
        287.17416012162573,
        470.369143343174,
        415.0669896853674,
        405.11653173902835,
        394.69980380944907,
        470.369143343174,
        415.0669896853674,
        405.11653173902835,
        394.69980380944907,
        560.4180520490232,
        509.66793128116194,
        485.8646658643964,
        464.4539499925728,
        317.18797892426454,
        248.4017464593115,
        224.63035600687817,
        218.13856284603725,
        220.5538345551022,
        309.85025363667376,
        392.59325160013196,
        374.10082723691454,
        341.84572498318755,
        299.0202834669599,
        93.93090723524726,
        53.710569466866225,
        38.89528458994804,
        36.176710822070376,
        85.4336827344832,
        76.18835952939004,
        66.77566450825273,
        58.31117148901628,
        112.29076458093614,
        73.37811102940125,
        62.657386032022806,
        56.26093005259553,
        237.86453513120952,
        181.68589301386922,
        157.535993749847,
        156.7971830833312,
        281.8222822331384,
        222.43196817775248,
        200.3492826481723,
        204.13453729723136,
        224.310299911598,
        188.21980997848797,
        177.32390333026643,
        177.4537335896015,
        349.89651573888165,
        384.7878532822214,
        384.7878532822214,
        415.2154698568346,
        399.18947466416586,
        401.50599832293204,
        434.27668107213105,
        284.5255044576184,
        255.60291354760201,
        220.81960796406844,
        172.1468603168762
    ],