{
    "R2_score": [
        0.7407880521241852,
        -1.5084144250397138,
        0.3949376004839811,
        0.2035351006390126,
        0.8014151443871586,
        0.6296573682777868,
        0.146885979540202,
        -0.5371052612210698,
        0.5546617802190198,
        0.1539443179201081
    ],
    "MAE_score": [
        83.154125147586,
        117.22526117212443,
        93.4642635919125,
        301.1987837267324,
        69.407896529779,
        116.98766979348856,
        76.93502450695213,
        121.1103700055623,
        95.70418672114714,
        99.20961677992224
    ],
    "RMSE_score": [
        102.87765546377156,
        131.2116139747437,
        102.56257105694604,
        446.3075348645146,
        88.53425113627374,
        155.85862809330737,
        91.79879116182737,
        165.84790149553695,
        116.92884662044048,
        134.39094203739523
    ],
    "y_predict": [
        270.53627494694894,
        229.5472361153327,
        207.90420237902535,
        195.89369723627885,
        188.54588071098118,
        144.4566360944247,
        126.42838085342507,
        57.33074397517986,
        348.67320281334077,
        307.1090135629398,
        273.1079158170655,
        238.88883544451477,
        266.09036520730547,
        247.99739183427363,
        236.825046112357,
        220.316811813912,
        639.5061818486456,
        456.6116225462912,
        369.94207213676776,
        278.15125486643467,
        668.5936771049858,
        558.350289245945,
        454.3418675954224,
        369.2465576640468,
        989.8947854019259,
        594.4203426077025,
        467.7440115942484,
        378.58687415244697,
        516.2213432196288,
        449.1155543118562,
        387.94934879190055,
        426.1339729002546,
        622.4174805171715,
        591.7455942898357,
        589.6432836369779,
        521.4431447325375,
        364.1920332357356,
        326.3451816383684,
        289.7787941858549,
        255.48456184365577,
        369.26249086190336,
        355.7142101417925,
        332.2786163292777,
        316.3238387311364,
        172.39953397459172,
        106.88740667527625,
        115.39521680971336,
        102.63534873393726,
        301.10227905971567,
        245.9960736541242,
        230.03019992808353,
        212.25647097253272,
        253.94044026349113,
        222.95257152304515,
        159.19662398093243,
        151.86721764999982,
        240.20351525547494,
        254.8441039448292,
        220.4031474034691,
        211.3067436989547,
        326.3918316025308,
        299.76998639753384,
        302.657178759429,
        300.538626624342,
        187.2193305928417,
        125.60508898782531,
        107.15102515430365,
        100.82066761326845,
        231.03907354057,
        205.59239596070694,
        221.58489002618478,
        190.0308921925662,
        184.7282137225627,
        60.230083465233115,
        47.55262912535425,
        36.419494375052146,
        309.64094490826017,
        239.0697589831596,
        149.75884004925044,
        89.3924066853824,
        275.59936612550666,
        232.9944561010739,
        208.10658002691093,
        199.58147088508227,
        536.3500810154809,
        512.3624685055738,
        488.3226273373762,
        486.166019421812,
        462.1424820957208,
        417.252919902605,
        400.2110524824991,
        408.22565049381285,
        179.97648224434053,
        133.27719238155015,
        69.17861757893814,
        44.009064361984784,
        341.5104498889616,
        329.9247414100247,
        302.5893734098305,
        265.8296040574846,
        288.7954418283553,
        256.7492017777479,
        203.6526177394812,
        169.82032018295598,
        183.9129951208928,
        109.82688660939868,
        79.84107233244079,
        62.98688003747387,
        220.61911084891258,
        213.9761717413581,
        163.79738351561784,
        124.82155793856613,
        175.59154531068026,
        143.58271332576976,
        123.81295296314927,
        113.80930284541228,
        176.51932497929087,
        151.3544239978389,
        120.73260362085298,
        111.72324728742326,
        253.72381382257547,
        212.18382194982644,
        188.7349941799854,
        167.93121151694834,
        319.12855410782663,
        249.9457387359623,
        239.20282170219147,
        227.4854069014377,
        435.27383273734426,
        405.9957875188243,
        394.00457038554333,
        371.1664114629898,
        561.1742169758646,
        504.84451787753613,
        490.3440182461709,
        481.3833447282764,
        596.9873572747449,
        539.3435366175232,
        512.4518830579494,
        484.00495672425234,
        311.08001052445286,
        166.90312967614048,
        75.4496114273911,
        84.25457878903187,
        134.80383424927618,
        383.08538713153564,
        389.2315008114061,
        361.6856791194187,
        327.60945256734493,
        289.40662400655015,
        99.06821413095987,
        72.81726066687635,
        58.20422762612058,
        53.12463581678877,
        173.27694414456334,
        134.5952355967644,
        119.68578177348303,
        110.02777793654582,
        117.67865994945575,
        99.44713427528467,
        88.31176775766855,
        83.41717342858286,
        185.24777488015894,
        150.35113855588725,
        140.64597796520906,
        138.82862894913828,
        327.12843273273955,
        294.78137633427065,
        278.5674056695767,
        267.468077069325,
        243.7574339756293,
        216.29338016075354,
        205.294579702114,
        195.30318706023147,
        403.9898839410785,
        402.39325659390397,
        402.39325659390397,
        511.2005442234771,
        491.6485200110289,
        448.66831599973676,
        475.5966137141321,
        290.2777094185037,
        274.8754069139661,
        216.22719862957555,
        133.9334406049374
    ],