{
    "R2_score": [
        0.7834637453015869,
        0.9382523502915546,
        0.947879249784733,
        0.7211652709796272,
        0.9554971703621964,
        0.8438363735352878,
        0.6346325627626174,
        0.8214067110681841,
        0.7811539524264023,
        0.8681394307490138
    ],
    "MAE_score": [
        74.62395539569579,
        62.99609531058322,
        49.56899253700884,
        75.67125193607569,
        54.31096882890258,
        52.21925632106292,
        58.23651342145414,
        59.192283365943,
        53.737769917713614,
        55.682242753339814
    ],
    "RMSE_score": [
        112.48731296088624,
        97.26888833318176,
        59.94757441671098,
        98.52242195027837,
        68.20518717000863,
        74.79169255627912,
        75.42237012263446,
        83.45715283635936,
        79.8035538527146,
        74.3771086516154
    ],
    "y_predict": [
        222.34808330869544,
        228.5560953533569,
        189.31850089412052,
        200.27292955576772,
        306.2272472464063,
        308.5849092984636,
        253.16788146007414,
        258.870812271092,
        474.84650110397234,
        449.9188761985462,
        400.44053852446314,
        348.7991023269635,
        241.4048472081808,
        237.39718126167182,
        231.05983046592843,
        227.78828063115478,
        904.9676393248255,
        499.8651080832505,
        382.4961974947354,
        248.24659475788872,
        739.8105257230426,
        571.6122196268261,
        513.0895210936065,
        332.23906254826414,
        904.9676393248255,
        559.2463632231652,
        513.0895210936065,
        388.0497482871192,
        1473.1274697365197,
        1285.9330498051336,
        1154.8183158315596,
        1309.5734662426994,
        480.65756857772897,
        420.5124619647776,
        518.0654797937752,
        337.81250429273064,
        445.0648289834027,
        420.79643981550885,
        345.0503261597957,
        303.1594270070863,
        345.4080794591754,
        330.33941488067524,
        340.49258044342645,
        322.81286864058376,
        214.3775141100699,
        157.3643918613613,
        174.26720905706992,
        182.2036427561767,
        161.24711707484192,
        166.82012622486823,
        31.363375095962528,
        69.48265015747175,
        275.2855072673272,
        211.62832137849998,
        162.6224577251439,
        111.24994373222377,
        252.28928827541978,
        216.7693922125173,
        157.00989742090098,
        139.9967770199836,
        460.4329196190092,
        418.6701647632306,
        327.7175040438094,
        384.01774745658406,
        202.53793373302557,
        88.02704049086935,
        66.44621596190377,
        91.97155251376822,
        102.49214160596374,
        68.92048096740523,
        75.87767027412386,
        37.038656043299646,
        200.53431672936912,
        92.23601267341432,
        109.40594481675711,
        28.930661280047968,
        284.26218040337307,
        222.96955828131405,
        142.7558286925792,
        89.76366790435371,
        207.12679735513888,
        222.07417533836096,
        85.61572964497171,
        74.53653388320647,
        540.465958626658,
        531.4733976244218,
        404.0190964507971,
        420.67778553328617,
        264.55156925102267,
        285.82027771412265,
        258.4888867116611,
        277.5073417791592,
        328.69537205856983,
        267.34737850063806,
        235.40733994017165,
        228.0997827222163,
        334.5712784161462,
        315.71932643314847,
        299.60830695600686,
        157.96817033756477,
        253.15975504885765,
        217.6061985287836,
        193.44948386366252,
        157.96817033756477,
        237.3720121800808,
        101.40524874602751,
        55.4249787081311,
        68.33458399268972,
        212.85826636006772,
        154.90906286912426,
        107.70201652890775,
        91.0578083464766,
        144.72311045181775,
        123.56623266010098,
        72.7517170412545,
        58.99019620191366,
        160.6411432712103,
        83.0290983357866,
        111.73582701450216,
        41.73108516714813,
        323.89741078584785,
        274.5886521229128,
        267.52305340480183,
        220.19882775694361,
        443.50271882060133,
        331.5082610148452,
        330.0995341726353,
        285.17332314167567,
        556.1179444478473,
        502.387519562825,
        462.2019330300918,
        432.375609004308,
        627.7709475084713,
        523.9837974171437,
        482.19892712395335,
        470.3156901230535,
        607.4895822477911,
        541.326707470403,
        501.6791283945744,
        499.14067251492685,
        205.44678433894575,
        64.94466307692085,
        67.19632938572002,
        41.34031662181141,
        112.59374185139853,
        368.1582488389252,
        227.49457146100752,
        208.99347226594844,
        151.00521499194514,
        123.48311477737157,
        111.70434398118459,
        55.4249787081311,
        75.33380513925135,
        55.818227103747844,
        96.7263361756947,
        87.60913237518832,
        60.83117558277781,
        50.75829732092835,
        79.67767465726978,
        86.6673887339702,
        46.13059591390078,
        29.966781574254668,
        118.46896705885887,
        37.69338045147677,
        34.95048447093859,
        18.866179041682358,
        281.49715184533386,
        149.02223413856427,
        112.56318663943327,
        117.54294164671127,
        185.08228310397436,
        199.3543717503254,
        162.88334366533206,
        162.6444194141067,
        370.0831763864863,
        352.4517797899639,
        355.34736591255466,
        475.7206380278221,
        553.9510286317329,
        368.72757649515614,
        530.4739568587913,
        327.4346028802551,
        361.13181168088295,
        258.1323612957959,
        269.3894705987484
    ],