{
    "R2_score": [
        0.6539748705821622,
        0.6821767246366397,
        0.70275927362508,
        0.7544844906495667,
        0.6768754785649223,
        0.8283713894131801,
        0.8548967107526559,
        0.8404802848043532,
        0.8157228743539522,
        0.8969905197126068
    ],
    "MAE_score": [
        60.088327219591555,
        50.69208141908799,
        60.82447025778725,
        62.884225503872415,
        59.90424814793724,
        61.55388414754249,
        38.850442925487016,
        47.743278704783535,
        56.29393518068097,
        48.498193598491376
    ],
    "RMSE_score": [
        81.51656818811861,
        83.67611389316671,
        87.50845208752116,
        74.1817445523728,
        81.59321983683235,
        81.12402022015111,
        47.602890153232984,
        73.6987879493286,
        82.42341860138674,
        66.19425724070638
    ],
    "y_predict": [
        236.0556208026211,
        211.05035520245445,
        149.09980296028675,
        155.0209173121995,
        314.80038037244367,
        304.7249863081438,
        214.60923436979343,
        246.6878451452786,
        505.51584131427836,
        415.12973760518634,
        373.0012571388154,
        321.27656451524774,
        267.4244033516117,
        202.50353679042703,
        226.2270247389458,
        222.90381894314777,
        444.2217805549859,
        424.4339486049769,
        444.21812807292446,
        444.20899483302264,
        462.6859500892433,
        420.08917708749397,
        503.11987159271973,
        369.5512924394969,
        478.666429370104,
        399.357952626443,
        346.8457210444578,
        306.1707894910555,
        374.5094903081195,
        308.7646950767117,
        315.39025332769364,
        321.9036391578545,
        219.04468231544544,
        193.92395070020405,
        161.96910368329395,
        160.1743256457758,
        194.56519209976491,
        142.773876106031,
        121.38794897652517,
        86.71540929315415,
        277.5397934099306,
        221.30586638820515,
        155.88982155500463,
        127.27180381503656,
        299.92526813628314,
        256.8012870846575,
        208.4111172621149,
        198.34014730979857,
        489.3027308235527,
        621.8199517580562,
        286.46783849102053,
        370.1718143395435,
        180.2141178974021,
        91.14051609722668,
        98.64976122441297,
        61.68706279055831,
        115.18026925441849,
        60.42204224780032,
        64.44488642526439,
        41.461279076622404,
        201.42144233497845,
        74.81257223776625,
        71.23361782261834,
        60.110630037348876,
        277.5397934099306,
        247.21325426478919,
        159.9425493209922,
        101.7030581079031,
        152.09055735283374,
        195.66799858501966,
        72.96667516844236,
        71.62067682599925,
        580.7530740661073,
        404.0195735766736,
        517.35152908808,
        442.4226487262411,
        297.97174432125064,
        234.88806765754353,
        270.4656042511549,
        254.77611083504823,
        319.66920543953245,
        275.2796825424752,
        180.14039759058025,
        198.36974189394297,
        332.6188114667464,
        314.56060403781635,
        294.43814221001605,
        244.24174514480407,
        255.15281469913035,
        220.28097049409567,
        195.13039335972937,
        160.14080958579194,
        189.04767772745632,
        102.75199335295575,
        77.3656633139004,
        67.86248590775186,
        158.27443437609026,
        127.19391039435234,
        121.72312073167517,
        76.76006343239419,
        169.00977983842236,
        113.27698183744512,
        144.82986634637106,
        122.96231809132202,
        177.988995570194,
        130.1279499329139,
        81.08978426618997,
        64.55642770579362,
        327.9652075356566,
        286.67171960327823,
        270.462965213483,
        219.262086764963,
        395.12729737768535,
        363.56146965654716,
        348.81808575173983,
        289.28594383458716,
        544.1315834065534,
        490.89986015158235,
        452.6736270103213,
        396.5000835783645,
        578.3648530171334,
        501.6579516174224,
        486.4789837060589,
        476.8806537648471,
        587.0028327257942,
        538.0369563653137,
        490.8564196293517,
        480.55555404668524,
        249.72190138026076,
        111.28480495818374,
        67.84406865954,
        54.25104432969738,
        67.1519869025584,
        377.18604334289745,
        198.47296333548888,
        203.83011423577594,
        125.25551788241732,
        152.1799126968442,
        100.51903491402555,
        64.66142169884697,
        55.55781571996385,
        48.31428828969987,
        88.43815047357734,
        60.26294323348357,
        62.35221718347589,
        68.49809584903878,
        96.04802443412625,
        67.94566311012976,
        45.99055724277694,
        60.04956651384734,
        83.9064967089323,
        45.98231622765136,
        45.24101789267334,
        15.641918055954422,
        251.6012826547999,
        133.5565801500473,
        124.31099378810539,
        143.09326872317206,
        170.1241213485038,
        139.83831460348986,
        129.6304925205388,
        124.81006592314347,
        360.22601220866846,
        354.96791511459656,
        345.5403535043875,
        498.08015213302735,
        509.82068085736205,
        387.8568436745253,
        524.0155963691418,
        312.16912515990816,
        319.6542920276732,
        263.9712911261295,
        218.41827282097108
    ],