{
    "R2_score": 0.886938557691496,
    "MAE_score": 76.31045898520456,
    "RMSE_score": 113.56787954952732,
    "y_predict": [
        252.44860796347172,
        367.6686800328682,
        69.56084752802474,
        52.73256451284225,
        152.50977516863162,
        212.5285207192496,
        886.2908422863678,
        111.87405754179049,
        85.83850397907665,
        306.23938304258405,
        311.8668505838192,
        39.282171575441794,
        82.24570647027026,
        392.96128431851656,
        158.95000610564182,
        886.2908422863678,
        105.53599717604217,
        415.72095781089683,
        65.44143507175482,
        147.5394547329693,
        32.54936878337541,
        440.8942271988284,
        253.65500454743514,
        1192.7285579032582,
        468.34350317429164,
        296.84502936211163,
        421.95954545354306,
        378.87579983819586,
        227.3796750643258,
        144.2277384488117,
        15.92565834972994,
        108.96502274609848,
        83.28561229860867,
        477.27617028164536,
        82.97734033018347,
        1298.350939834184,
        392.96128431851656
    ],
    "y_true": [
        399.7,
        352.5,
        60.3,
        62.2,
        115.0,
        198.0,
        548.0,
        94.6,
        97.9,
        188.8,
        215.28,
        22.1,
        87.23,
        276.0,
        220.0,
        1074.5,
        6.0,
        193.6,
        67.6,
        232.0,
        11.6,
        419.13,
        201.8,
        1340.0,
        455.0,
        333.94,
        750.1,
        528.8,
        216.0,
        109.9,
        98.3,
        88.0,
        82.5,
        422.0,
        92.9,
        1440.0,
        308.0
    ],
    "features": [
        "CC_Thermal_Conductivity",
        "Current_Collector",
        "Current_Density",
        "E_Bare_Anion_Radius",
        "E_Cation_Radius",
        "Is_Binder",
        "M_Density",
        "Morphology_Encoded",
        "Potential_Window",
        "Synthesis_Method"
    ],
    "params": [
        0.7644598755381526,
        0.0766474106057915,
        0.004585793244706501
    ]
}