{
    "R2_score": 0.6888285950995182,
    "MAE_score": 53.690099793705514,
    "RMSE_score": 81.69139840719745,
    "y_predict": [
        352.1127005890338,
        159.46054874301845,
        196.9236138027518,
        177.57410486090822,
        302.04753300822637,
        106.5109458677582,
        217.2995906475618,
        223.7214814603805,
        330.70395480973866,
        299.2990740929365,
        602.0497324493753,
        192.21953435633338,
        283.0238759656495,
        101.57114848049825,
        318.132236954199,
        420.5559597576524,
        169.8613353968197,
        113.04217404391775,
        461.7047560624877,
        31.272275325268236,
        103.23400269678324,
        211.50470570912174,
        97.05001767811302,
        336.15533739938627,
        78.2654963028948,
        217.2995906475618,
        67.69750584482406,
        435.6937519016124,
        435.71304600260754,
        66.10904760287156,
        335.77127074003477,
        435.7075342324395,
        268.2749275061457,
        70.28651728486872,
        287.95122883092006
    ],
    "y_true": [
        140.0,
        149.0,
        310.4,
        118.4,
        333.94,
        82.5,
        240.6,
        198.0,
        354.8,
        377.13,
        565.3,
        260.4,
        131.0,
        25.0,
        325.0,
        455.0,
        287.4,
        94.6,
        423.0,
        11.6,
        118.4,
        211.8,
        58.1,
        391.6,
        59.7,
        221.9,
        66.5,
        145.9,
        548.0,
        64.8,
        352.5,
        355.6,
        235.0,
        93.4,
        305.0
    ],
    "features": [
        "CC_Electrical_Conductivity",
        "CC_Thermal_Conductivity",
        "Current_Density",
        "E_Anion_Radius",
        "E_Ionic_Conductivity",
        "Is_Binder",
        "M_Density",
        "Morphology_Encoded",
        "Potential_Window",
        "Synthesis_Method"
    ],
    "params": [
        0.7309113023034159,
        0.09446212223339259,
        0.08894336257044853
    ]
}