{
    "R2_score": [
        -0.045155662513965966,
        -2.4921014128920413,
        0.07157242097835759,
        0.3285246424053422,
        0.5961860449393463,
        0.7627454575085826,
        -0.2440117744077306,
        0.26435222789235424,
        -0.4762472416071035,
        -2.051682164099383
    ],
    "MAE_score": [
        135.05296755366513,
        154.0963212756182,
        98.92223751029849,
        284.8415873132275,
        85.60867312152072,
        114.91033429399542,
        91.99618621244556,
        91.8222216435091,
        175.62173374420036,
        203.8978063242305
    ],
    "RMSE_score": [
        206.5779861915123,
        154.8160763391476,
        127.0465373832747,
        409.79432333653665,
        126.24928205566194,
        124.74876735554481,
        110.85254494145656,
        114.73426508524147,
        212.89047504382242,
        255.2349684781584
    ],
    "y_predict": [
        324.3957387343307,
        314.81868030128817,
        305.2416218682456,
        295.6645634352031,
        48.81435945361238,
        29.760912245666873,
        10.70746503772125,
        -160.77355983378874,
        432.0358619274974,
        422.45880349445486,
        403.30468662836984,
        345.84233603011467,
        210.5507264904944,
        199.2397156184208,
        187.9287047463472,
        165.30668300219997,
        317.61749750993323,
        317.59788827247684,
        317.5782790350205,
        317.48023284773865,
        368.55550645073106,
        368.53615078322883,
        368.51679511572655,
        368.42001677821526,
        404.1625271108719,
        404.1405626036402,
        404.1185980964085,
        404.0087755602499,
        662.8517292364983,
        633.4378730519543,
        594.219398139229,
        535.3916857701412,
        811.3440851167087,
        792.2906379087631,
        773.2371907008176,
        677.9699546610898,
        215.32608778785226,
        204.44824180518475,
        182.69254983984962,
        117.42547394384434,
        437.15761011616814,
        425.8465992440946,
        403.2245774999474,
        335.3585122675057,
        283.01670436365475,
        261.05219713193065,
        195.1586754367583,
        85.33613927813775,
        417.56839898088606,
        398.41428211480104,
        379.26016524871596,
        340.95193151654587,
        140.1936287457837,
        130.6669051418109,
        102.08673432989258,
        54.45311631002875,
        324.8423271118064,
        311.4344453055469,
        292.28032843946187,
        273.12621157337685,
        564.4870709834563,
        524.1087755645375,
        483.7304801456188,
        443.3521847267001,
        212.976284142538,
        192.78713643307864,
        172.5979887236193,
        152.40884101415998,
        -58.46180090654218,
        -80.58476159834913,
        -102.7077222901562,
        -124.83068298196326,
        255.12679141695838,
        151.54494412284208,
        22.06763500519662,
        -236.8869832300942,
        134.83936586825527,
        123.85711225239322,
        90.91035140480705,
        35.99908332549677,
        490.93450354115663,
        471.5788360388963,
        452.223168536636,
        432.8675010343757,
        611.6012221840554,
        600.7233762013879,
        589.8455302187203,
        568.0898382533852,
        356.8390249433564,
        345.85677132749436,
        334.8745177116323,
        323.89226409577026,
        171.6312935797298,
        158.68356266796525,
        132.78810084443614,
        80.99717719737805,
        259.5250291445434,
        249.72041041636206,
        230.11117295999944,
        190.89269804727417,
        222.90234825157705,
        213.2245145004469,
        193.86884699818665,
        155.15751199366605,
        142.49846770956037,
        131.62062172689286,
        109.86492976155773,
        66.35354583088758,
        310.8377159956407,
        299.77623564973726,
        277.6532749579302,
        211.28439288250914,
        132.1228015967277,
        110.36710963139257,
        66.85572570072242,
        45.100033735387285,
        182.46232428740387,
        162.85308683104125,
        104.02537446195333,
        5.979187180140173,
        269.9545366228773,
        236.02150400665644,
        179.4664496462884,
        66.35634092555227,
        418.3913970411697,
        392.49593521764064,
        366.60047339411153,
        314.8095497470534,
        477.35783802882736,
        457.168690319368,
        436.97954260990866,
        396.60124719098997,
        531.4450159889624,
        512.3915687810169,
        493.3381215730713,
        455.23122715718023,
        514.0816778366325,
        492.32598587129735,
        470.5702939059622,
        427.058909975292,
        163.4342848308965,
        141.4697775991724,
        119.50527036744825,
        97.5407631357242,
        -115.59763659499475,
        242.2377412555123,
        437.3586863870452,
        417.7494489306826,
        358.9217365615947,
        260.87554927978147,
        96.09095909869376,
        76.73529159643351,
        57.37962409417321,
        38.023956591912906,
        171.5482597697341,
        145.65279794620503,
        119.75733612267595,
        93.8618742991469,
        169.90883765262154,
        149.71968994316217,
        129.53054223370282,
        109.34139452424347,
        182.93095154130802,
        162.74180383184867,
        142.5526561223893,
        122.36350841292995,
        343.61666495288074,
        320.9946432087336,
        298.37262146458636,
        275.75059972043914,
        292.632171824569,
        270.0101500804218,
        247.3881283362746,
        224.7661065921274,
        273.1362622519527,
        436.31334225850975,
        436.31334225850975,
        220.50447649796723,
        201.3503596318822,
        163.04212589971212,
        124.73389216754205,
        387.50208030487875,
        368.14641280261844,
        310.0794102958376,
        213.30107278453616
    ],