{
    "R2_score": [
        0.6239922494456684,
        0.6829989744366491,
        0.42092310771800445,
        0.4325237900514236,
        0.25891378863318015,
        -2.136385218528354,
        -0.23436275564886588,
        0.13469688342786967,
        0.8199265450345918,
        -1.0441400406134123
    ],
    "MAE_score": [
        79.50536234883339,
        91.84288730250593,
        81.87179295590242,
        153.36585499316124,
        82.63544378713456,
        98.89334164945069,
        117.75242157635603,
        147.26312879809691,
        65.84652778106303,
        86.5082246484106
    ],
    "RMSE_score": [
        93.58233846027396,
        115.62762134258044,
        117.3605811011727,
        170.7497950279568,
        102.81106680849783,
        113.5958445740699,
        138.1720516968011,
        167.73092751551374,
        84.3758456038546,
        123.85341477177691
    ],
    "y_predict": [
        226.13039329326688,
        217.87283635394147,
        209.61527941461603,
        201.3577224752906,
        145.42757324375623,
        129.17805590801015,
        112.92853857226407,
        -33.317117449450734,
        344.43732937928917,
        337.08771698745795,
        322.3884922037955,
        278.29081785280806,
        292.46951922525557,
        283.9422827513787,
        275.4150462775018,
        258.36057332974815,
        238.11260515709398,
        238.0962636862867,
        238.07992221547937,
        237.99821486144282,
        493.40871433405493,
        478.0919520659726,
        462.7751897978902,
        386.19137845747844,
        259.9748858724504,
        252.0781987841546,
        236.28482460756297,
        188.90470207778816,
        384.44335682239773,
        376.2726214187401,
        359.93115061142475,
        310.90673818947886,
        257.5731936075481,
        241.323676271802,
        192.57512426456373,
        111.32753758583328,
        301.4711481876925,
        285.26293399761596,
        269.0547198075394,
        236.63829142738635,
        200.76224962184676,
        192.23501314796994,
        166.6533037263394,
        124.0171213569551,
        302.30709440982366,
        291.2517324862095,
        275.4583583096179,
        259.6649841330263,
        498.9965881065935,
        465.96636034929173,
        432.93613259199003,
        399.90590483468833,
        156.81850629176603,
        140.56898895601995,
        124.31947162027387,
        108.0699542845278,
        38.51950578788109,
        23.820281004218657,
        9.12105622055617,
        -5.57816856310626,
        240.17628924683592,
        163.017033607217,
        66.56796405769336,
        -126.33017504135398,
        174.4407918976002,
        164.79588494264783,
        135.86116407779082,
        87.63662930302894,
        85.06483473123109,
        69.27146055463948,
        53.478086378047806,
        37.68471220145619,
        511.76850861972264,
        504.11012748568146,
        496.4517463516403,
        481.1349840835579,
        381.99727538148284,
        373.73971844215737,
        365.48216150283196,
        357.22460456350655,
        157.52040010991402,
        149.4162930148758,
        133.20807882479926,
        100.79165044464617,
        194.3881497802105,
        186.21741437655288,
        169.87594356923756,
        137.19300195460698,
        210.90102023082648,
        203.00433314253067,
        187.21095896593903,
        155.6242106127558,
        135.87360501821706,
        128.21522388417588,
        112.89846161609353,
        82.26493707992881,
        120.32225518436309,
        110.67734822941071,
        91.38753431950602,
        33.51809258979182,
        149.2032870469368,
        131.52503761419626,
        96.16853874871515,
        78.49028931597456,
        247.28084497215985,
        230.22637202440615,
        179.06295318114502,
        93.79058844237653,
        283.15728486774424,
        256.6399107186335,
        212.44428713678207,
        124.05303997307931,
        439.8664314662705,
        420.57661755636576,
        401.286803646461,
        362.70717582665156,
        387.4850676900975,
        371.27685350002093,
        355.0686393099444,
        322.65221092979135,
        387.4850676900975,
        371.27685350002093,
        355.0686393099444,
        322.65221092979135,
        452.33062813919315,
        434.6523787064526,
        416.97412927371204,
        381.6176304082309,
        239.21873562088166,
        221.54048618814113,
        203.86223675540055,
        186.18398732266002,
        158.84715847762294,
        252.07819878415467,
        411.89584031482747,
        395.3807264361766,
        345.835384800224,
        263.2598154069697,
        113.69170795328978,
        98.99248316962735,
        84.2932583859648,
        69.59403360230237,
        150.8659014981473,
        134.524430690832,
        118.18295988351667,
        101.84148907620136,
        152.68338830319476,
        136.47517411311821,
        120.26695992304167,
        104.05874573296512,
        210.04122435319914,
        190.75141044329445,
        171.4615965333897,
        152.17178262348494,
        361.9918719183379,
        344.93739897058424,
        327.88292602283053,
        310.8284530750768,
        291.43291954281426,
        274.3784465950605,
        257.32397364730684,
        240.26950069955313,
        298.352350798861,
        381.4607042439834,
        381.4607042439834,
        438.3774037219145,
        423.678178938252,
        394.2797293709271,
        364.8812798036022,
        281.8761192433369,
        264.1978698105964,
        211.16312151237474,
        122.77187434867199
    ],