{
    "R2_score": [
        0.18626909829549776,
        0.5401161757146972,
        0.4250686926688879,
        0.35370696921014166,
        0.3505241799699482,
        0.7036615391930592,
        0.4464038811994918,
        0.48185322651488915,
        0.5839955406792421,
        0.769163437776551
    ],
    "MAE_score": [
        103.10014494931843,
        77.9329493186414,
        94.73830684533704,
        102.49959370695066,
        98.9047383772123,
        76.90642113980654,
        73.74745821091686,
        108.03900384986888,
        90.74186092438255,
        75.54058317023029
    ],
    "RMSE_score": [
        125.0064644693525,
        100.65438971180659,
        121.70371185265235,
        120.35726574577421,
        115.67795608907166,
        106.59789572925735,
        92.98035733448968,
        132.82491962550975,
        123.8408435747642,
        99.0909550640892
    ],
    "y_predict": [
        217.25480038483005,
        222.48001564709224,
        211.71861789705378,
        212.5580128716135,
        189.05979240415667,
        175.1766374989188,
        153.97179419694032,
        -0.41454194336540695,
        350.507474670221,
        357.30000566903175,
        321.8670650999955,
        264.4179512867879,
        267.4478074682717,
        258.6839642806061,
        247.28532454601992,
        219.71271683275768,
        261.234481873577,
        242.87330354844767,
        261.20089143802096,
        261.11691534913086,
        467.5524144749165,
        464.0687561457752,
        522.4555899452616,
        389.2234800440761,
        279.7061141164716,
        283.2662050978041,
        269.851330996511,
        182.1406497122765,
        374.2068613653403,
        374.65365684732194,
        357.8584390693003,
        327.226987280545,
        284.66584710433,
        257.49587863084946,
        196.74007367056382,
        108.94448394942174,
        312.1557334101079,
        309.52642485037586,
        294.4046645428457,
        252.4985044351555,
        173.45171998673305,
        160.7350673376609,
        136.22986364402857,
        107.19126272086089,
        277.88936999221727,
        297.0578767923081,
        265.2052144271323,
        255.1657432189748,
        478.54939714691125,
        462.76989671793285,
        397.5681073563244,
        420.0365617489577,
        197.78667610622483,
        146.82161297831982,
        146.88299037993107,
        141.7197478785556,
        68.10125472575658,
        40.847679041035974,
        20.60235659338929,
        27.485736960668987,
        244.42899399292224,
        184.95407209214005,
        108.75382761120255,
        -159.3918555688146,
        173.45171998673305,
        195.6521705101195,
        141.3604569390451,
        128.77766139496822,
        108.0595394555678,
        83.65363593336997,
        101.27327845502077,
        100.77154494347769,
        486.8115619759685,
        497.3372526971276,
        518.8390415886789,
        494.4541455977526,
        320.8438269940078,
        360.4352224566991,
        373.8793127343071,
        340.31461938263243,
        180.90579435891152,
        180.76602843293472,
        163.65544771079618,
        118.25438197827589,
        233.83965026397507,
        227.94749602917358,
        210.9795769196938,
        173.71198218527957,
        229.83291817049147,
        197.6670111277358,
        199.08190507768234,
        150.9224727492171,
        137.39525107565413,
        150.9763087495959,
        108.62483580842621,
        96.02975661511732,
        98.98987680798092,
        101.55196222027172,
        94.83450213091623,
        55.9930894295008,
        170.9278384606535,
        146.07952823020275,
        108.61051181291106,
        92.30650412134537,
        176.45435593601303,
        168.8755336442586,
        125.64484311824015,
        0.48816402171883055,
        287.4675565128009,
        272.2134423789014,
        235.4416503483925,
        140.43633435100713,
        433.9688883639205,
        423.835038758625,
        407.49823629620346,
        339.69357325167846,
        445.76676492739745,
        450.3672265018504,
        412.98913016296103,
        408.6221149726907,
        457.08039906425296,
        429.4627572358317,
        427.97921735429077,
        398.87803564432863,
        475.59829858793273,
        430.5331292665692,
        439.2226592134117,
        407.41489581436167,
        185.8450803190666,
        180.8958118990736,
        180.79746350384335,
        137.97442955235965,
        225.08981723496652,
        252.31664612670923,
        366.93921784657795,
        367.01747354201603,
        295.4455681067394,
        200.51110986976408,
        123.8648847046137,
        134.18109097157424,
        91.04557596382756,
        100.59065541553105,
        155.59791772465348,
        142.88202154335102,
        90.24898395420394,
        101.42259719953347,
        157.06296889728372,
        117.21968002777385,
        88.30847409029047,
        82.31200260659148,
        190.60867442859035,
        181.83370760728997,
        162.96064128891243,
        135.68557767533878,
        306.56741945913643,
        316.50695944136686,
        300.92544664852727,
        291.096305244909,
        241.53610173208054,
        213.99470572691547,
        210.7866818512683,
        198.2108922592032,
        321.7212823964588,
        395.89732278283265,
        372.49541487590614,
        466.57337930116927,
        477.9197564492608,
        434.76462230502995,
        390.37313482023177,
        279.19155496341256,
        305.112085031874,
        240.36489625269076,
        138.14941110268705
    ],