{
    "R2_score": 0.5988905731840777,
    "MAE_score": 122.40833805569322,
    "RMSE_score": 178.29445377235388,
    "y_predict": [
        306.3504626986879,
        495.6438997624512,
        388.9308735569083,
        247.90396301975693,
        51.8563423038031,
        397.4217382228229,
        420.6834667787391,
        178.6019300281684,
        0.39357863940921334,
        473.9970480295138,
        397.27021026069235,
        248.81696373821538,
        58.40186555971508,
        18.449607310165334,
        127.62032336908408,
        302.34346662515867,
        124.43113692334765,
        1205.7313396846284,
        399.0366150458017,
        150.45877350438735,
        252.08972536617136,
        112.04940743636237,
        81.13743345747281,
        -198.01891001920876,
        228.2166913541033,
        317.23187346601554,
        146.07798865628507,
        373.64172214561114,
        95.15004576967794,
        126.68386597485232,
        162.29391075280088,
        226.2571112868195,
        380.3863970709315,
        351.9948704126737,
        397.3784445193571,
        101.69556902558992,
        232.71905936051192
    ],
    "y_true": [
        232.0,
        565.3,
        310.0,
        112.0,
        64.8,
        1074.5,
        455.0,
        326.9,
        227.0,
        473.7,
        340.3,
        405.0,
        100.63,
        98.5,
        163.9,
        6.0,
        45.4,
        1440.0,
        434.0,
        66.5,
        140.0,
        334.0,
        41.8,
        98.3,
        188.8,
        235.0,
        58.1,
        67.6,
        93.4,
        104.2,
        294.1,
        100.0,
        329.0,
        27.2,
        413.6,
        109.9,
        334.9
    ],
    "features": [
        "CC_Thermal_Conductivity",
        "Current_Collector",
        "Current_Density",
        "E_Bare_Anion_Radius",
        "E_Cation_Radius",
        "Is_Binder",
        "M_Density",
        "Morphology_Encoded",
        "Potential_Window",
        "Synthesis_Method"
    ]
}