{
    "R2_score": 0.49115169480427223,
    "MAE_score": 106.13806041834442,
    "RMSE_score": 128.6000454352944,
    "y_predict": [
        443.8743438043305,
        211.72716218537795,
        85.46535725442169,
        260.71938832995517,
        449.75673913440255,
        218.4986134785554,
        350.34307414567604,
        354.25065798860965,
        195.11579606389182,
        171.59911491674842,
        185.53562757295134,
        350.34307414567604,
        284.0369578098267,
        356.22546947574807,
        286.9221351086499,
        279.0668972316058,
        350.34307414567604,
        150.93637940810055,
        149.90564164797348,
        299.99495759150204,
        424.0580942972856,
        214.0622244496913,
        32.43713151649524,
        75.73822634874745,
        459.45751468064714,
        420.4915263896669,
        -15.463424400560541,
        143.9137722057004,
        68.62154049963328,
        -186.45131429810635,
        360.72861218649905,
        316.9342269911572,
        345.69613195853947,
        104.1707445787734,
        42.29324308131305
    ],
    "y_true": [
        706.7,
        100.0,
        101.7,
        396.0,
        512.3,
        162.0,
        581.6,
        455.0,
        112.0,
        97.9,
        326.9,
        422.0,
        232.0,
        297.8,
        355.6,
        377.13,
        394.7,
        73.8,
        59.7,
        65.0,
        381.4,
        31.9,
        62.32,
        64.8,
        368.7,
        473.7,
        82.5,
        11.6,
        287.4,
        98.3,
        352.5,
        423.0,
        131.0,
        60.3,
        170.0
    ],
    "features": [
        "Binder_Type",
        "CC_Electrical_Conductivity",
        "Current_Density",
        "E_Anion_Radius",
        "E_Ionic_Conductivity",
        "Is_Binder",
        "M_Density",
        "Morphology_Encoded",
        "Potential_Window",
        "Synthesis_Method"
    ]
}