{
    "R2_score": [
        0.7610031794784673,
        -1.2304538881579385,
        0.3785617187517728,
        0.3572127056581187,
        0.6996595981456626,
        0.774266371718092,
        0.30244005024682497,
        -0.5759238630634997,
        0.5544515055018101,
        0.33422053218465975
    ],
    "MAE_score": [
        84.2826191329956,
        103.84297407670455,
        94.69242501651539,
        278.1733147735595,
        76.95563765716552,
        97.26774651050567,
        67.21903692626952,
        122.48050102233886,
        99.48188888549805,
        84.5731715482824
    ],
    "RMSE_score": [
        98.78468337594751,
        123.72836026162727,
        103.9412219084608,
        400.9447584491378,
        108.87925340403368,
        121.6822204309368,
        83.00881067324745,
        167.92903488580507,
        116.95644842669273,
        119.21632329632999
    ],
    "y_predict": [
        282.53009033203125,
        221.9539794921875,
        190.46603393554688,
        173.45361328125,
        208.91131591796875,
        161.03533935546875,
        143.26846313476562,
        90.4131851196289,
        373.9750671386719,
        313.2420654296875,
        265.4989013671875,
        222.75975036621094,
        272.6377258300781,
        239.27549743652344,
        222.09352111816406,
        200.8617706298828,
        774.6040649414062,
        505.0022277832031,
        377.2481994628906,
        241.97608947753906,
        809.8006591796875,
        623.5388793945312,
        447.8130187988281,
        304.16204833984375,
        1000.1558227539062,
        597.8225708007812,
        468.949462890625,
        378.2474670410156,
        651.5891723632812,
        555.1680297851562,
        467.6408386230469,
        525.993896484375,
        592.25732421875,
        559.8595581054688,
        560.449462890625,
        496.4129638671875,
        446.80859375,
        388.6681823730469,
        332.8757019042969,
        281.3558044433594,
        391.8431396484375,
        363.2310791015625,
        316.5875549316406,
        314.37188720703125,
        171.169189453125,
        104.84661102294922,
        114.35276794433594,
        102.21377563476562,
        275.1536865234375,
        199.0108642578125,
        181.43992614746094,
        166.61412048339844,
        270.32037353515625,
        236.0811004638672,
        167.09471130371094,
        166.30860900878906,
        237.4028778076172,
        261.53466796875,
        212.6151580810547,
        201.71121215820312,
        428.0365905761719,
        380.93182373046875,
        397.69891357421875,
        397.69891357421875,
        165.6847381591797,
        29.44803810119629,
        -6.983911991119385,
        -16.336463928222656,
        224.6137237548828,
        191.01824951171875,
        215.0972900390625,
        173.00096130371094,
        183.74917602539062,
        57.75324249267578,
        44.770111083984375,
        32.739784240722656,
        312.0186767578125,
        240.3805389404297,
        149.97581481933594,
        89.21601867675781,
        192.68141174316406,
        135.61927795410156,
        108.42959594726562,
        108.96040344238281,
        717.6385498046875,
        680.5128173828125,
        643.300048828125,
        639.9794921875,
        464.1100769042969,
        418.5763854980469,
        401.3757019042969,
        409.6675720214844,
        178.60195922851562,
        131.2144317626953,
        66.23471069335938,
        40.979942321777344,
        350.2324523925781,
        337.3431396484375,
        305.28216552734375,
        266.8994140625,
        311.9970703125,
        268.6775207519531,
        198.8980712890625,
        175.2010040283203,
        230.6352996826172,
        118.42137145996094,
        76.86914825439453,
        59.9442253112793,
        207.50021362304688,
        200.67733764648438,
        135.18675231933594,
        88.86183166503906,
        214.6941375732422,
        169.33621215820312,
        146.51126098632812,
        134.62782287597656,
        158.26187133789062,
        122.74008178710938,
        81.85574340820312,
        72.61603546142578,
        266.8404846191406,
        202.42221069335938,
        191.29600524902344,
        153.7081298828125,
        318.2811584472656,
        248.1005096435547,
        237.36599731445312,
        225.76060485839844,
        541.3646850585938,
        480.2847900390625,
        461.9822082519531,
        433.4353332519531,
        564.6461791992188,
        502.6448669433594,
        488.99542236328125,
        484.86651611328125,
        616.1804809570312,
        543.42529296875,
        516.9878540039062,
        499.3036804199219,
        312.9313049316406,
        166.5440216064453,
        73.78802490234375,
        83.01657104492188,
        175.46517944335938,
        384.3694152832031,
        433.1668701171875,
        400.1151428222656,
        371.6278991699219,
        347.0015563964844,
        87.00581359863281,
        49.47260665893555,
        31.158784866333008,
        28.646696090698242,
        173.37281799316406,
        134.20089721679688,
        119.15709686279297,
        109.39310455322266,
        75.27497863769531,
        44.23795700073242,
        27.423309326171875,
        22.398313522338867,
        209.75865173339844,
        140.10659790039062,
        127.30422973632812,
        130.50057983398438,
        316.6824645996094,
        264.7741394042969,
        251.19265747070312,
        248.51126098632812,
        235.18702697753906,
        191.77755737304688,
        186.02955627441406,
        180.6280517578125,
        409.98040771484375,
        393.5479736328125,
        393.5479736328125,
        651.7724609375,
        623.8193969726562,
        561.7731323242188,
        604.3298950195312,
        199.97132873535156,
        197.05239868164062,
        159.8174285888672,
        106.96595001220703
    ],