{
    "R2_score": [
        0.3154536586336434,
        0.6713622608863365,
        0.45298195678323294,
        0.7418680538595743,
        0.44952615197108114,
        0.5288479802211532,
        0.46899171028741793,
        0.023153405887616274,
        0.7734422217459936,
        0.2863048825322222
    ],
    "MAE_score": [
        116.27336274719237,
        89.84703772408623,
        91.39163786046645,
        96.90795726776123,
        69.45649575805665,
        38.84484832763672,
        78.05030230353861,
        146.06530570983887,
        79.44907912254334,
        59.68345630352314
    ],
    "RMSE_score": [
        126.26905248982594,
        117.73076743840392,
        114.06567098151731,
        115.16148040441587,
        88.6081858140411,
        44.02793070208073,
        90.62529896258681,
        178.21415588222013,
        94.64175351192513,
        73.18280059365989
    ],
    "y_predict": [
        258.3798522949219,
        202.95677185058594,
        170.9633026123047,
        158.34329223632812,
        253.9867706298828,
        203.6476593017578,
        181.36346435546875,
        172.8961181640625,
        365.34759521484375,
        332.7394714355469,
        277.75830078125,
        258.61041259765625,
        297.3735656738281,
        274.56561279296875,
        268.00555419921875,
        255.57785034179688,
        408.625244140625,
        408.625244140625,
        408.625244140625,
        408.625244140625,
        519.6226196289062,
        483.5080261230469,
        483.5080261230469,
        355.9842529296875,
        391.31805419921875,
        313.9033203125,
        303.02447509765625,
        289.1578369140625,
        307.5503234863281,
        293.10125732421875,
        301.1117858886719,
        293.034423828125,
        190.71192932128906,
        132.1786346435547,
        114.42053985595703,
        111.0533218383789,
        274.7173156738281,
        188.84481811523438,
        173.29171752929688,
        166.7651824951172,
        295.417724609375,
        237.57888793945312,
        163.1338653564453,
        150.6905059814453,
        264.3064880371094,
        236.4093475341797,
        182.8505859375,
        165.6984405517578,
        370.0321350097656,
        370.0321350097656,
        307.3556823730469,
        301.9466247558594,
        181.63868713378906,
        110.37178039550781,
        79.99629974365234,
        78.49365234375,
        183.61312866210938,
        116.74871063232422,
        102.4822769165039,
        96.75142669677734,
        260.7418518066406,
        146.26644897460938,
        113.37736511230469,
        113.37736511230469,
        319.91558837890625,
        257.5467834472656,
        172.34402465820312,
        172.34402465820312,
        229.96649169921875,
        205.30686950683594,
        181.0328826904297,
        177.6424560546875,
        474.2157287597656,
        434.0377502441406,
        434.0377502441406,
        433.57427978515625,
        357.3310852050781,
        343.32958984375,
        327.7371826171875,
        316.39111328125,
        274.8997497558594,
        190.06370544433594,
        137.59811401367188,
        116.96221923828125,
        347.9456481933594,
        320.92059326171875,
        306.81439208984375,
        276.8198547363281,
        316.8362731933594,
        282.0458984375,
        202.69566345214844,
        175.34254455566406,
        179.56814575195312,
        95.34204864501953,
        63.66535949707031,
        49.466766357421875,
        220.40826416015625,
        171.1234893798828,
        160.01995849609375,
        154.6664581298828,
        220.50401306152344,
        183.71499633789062,
        167.16867065429688,
        153.98255920410156,
        200.0794219970703,
        151.45704650878906,
        122.40706634521484,
        116.40723419189453,
        266.7483825683594,
        192.08116149902344,
        170.0144805908203,
        123.5046615600586,
        358.5580749511719,
        304.7573547363281,
        281.0049743652344,
        281.0049743652344,
        471.5852355957031,
        415.57965087890625,
        405.71234130859375,
        395.62640380859375,
        471.5852355957031,
        415.57965087890625,
        405.71234130859375,
        395.62640380859375,
        619.3949584960938,
        548.0530395507812,
        520.1903076171875,
        506.0621032714844,
        357.57073974609375,
        257.783935546875,
        230.8508758544922,
        231.68017578125,
        218.52088928222656,
        313.9033203125,
        406.54376220703125,
        388.19964599609375,
        364.4071350097656,
        336.35736083984375,
        93.13910675048828,
        51.68185043334961,
        36.82289123535156,
        34.610572814941406,
        56.90109634399414,
        52.34209442138672,
        46.666908264160156,
        41.49467086791992,
        111.95120239257812,
        72.61937713623047,
        61.968441009521484,
        55.716773986816406,
        239.14756774902344,
        177.25634765625,
        151.1248779296875,
        151.1248779296875,
        261.5326843261719,
        191.3119659423828,
        166.9124298095703,
        174.23495483398438,
        209.04568481445312,
        167.2801055908203,
        156.4066925048828,
        158.96270751953125,
        352.0699157714844,
        383.5221862792969,
        383.5221862792969,
        423.7179260253906,
        406.93377685546875,
        409.263427734375,
        443.2750549316406,
        269.3988342285156,
        234.1478271484375,
        210.9273681640625,
        180.7364044189453
    ],