{
    "R2_score": [
        0.6891682204012981,
        0.644766813156407,
        0.6856496570854494,
        0.7715720456033306,
        0.6392017154932086,
        0.8155538618505442,
        0.7749558891906625,
        0.8319999267089272,
        0.8211661268692394,
        0.8983197856018494
    ],
    "MAE_score": [
        55.39870464748807,
        54.30019755893284,
        61.90069416469997,
        59.127772073184744,
        62.48399559469784,
        61.394604940975405,
        42.714175486845136,
        52.26362121582031,
        52.9859923957376,
        48.030576984181124
    ],
    "RMSE_score": [
        77.2600127259216,
        88.46376498843745,
        89.99177419535792,
        71.5537174770874,
        86.2186751192836,
        84.09872363737125,
        59.28277420261522,
        75.6324028692637,
        81.19696565477402,
        65.76577494895965
    ],
    "y_predict": [
        244.60882568359375,
        209.7725830078125,
        137.57994079589844,
        151.21533203125,
        333.57586669921875,
        323.7613830566406,
        224.0390625,
        267.1138610839844,
        529.864013671875,
        427.1048583984375,
        385.4551086425781,
        329.8589782714844,
        269.1442565917969,
        196.56076049804688,
        222.0442352294922,
        225.30242919921875,
        460.970703125,
        450.8854675292969,
        460.970703125,
        460.970703125,
        460.3922119140625,
        415.7392578125,
        498.723876953125,
        385.8841857910156,
        495.4984130859375,
        418.37548828125,
        359.04541015625,
        325.7682800292969,
        375.51324462890625,
        301.27197265625,
        310.0410461425781,
        318.9557800292969,
        208.52764892578125,
        185.89857482910156,
        165.27687072753906,
        162.84439086914062,
        151.4053192138672,
        118.36174011230469,
        86.50965118408203,
        41.60408401489258,
        295.7462463378906,
        230.88497924804688,
        157.63572692871094,
        126.29093170166016,
        310.6077880859375,
        255.3063201904297,
        206.99111938476562,
        190.55413818359375,
        492.3559265136719,
        687.3756103515625,
        271.1988525390625,
        375.9527587890625,
        177.6292724609375,
        86.91099548339844,
        92.38661193847656,
        56.466575622558594,
        123.77642822265625,
        64.27387237548828,
        71.80075073242188,
        38.144039154052734,
        193.49371337890625,
        55.89188003540039,
        60.16650390625,
        91.29190063476562,
        295.7462463378906,
        251.71365356445312,
        153.42788696289062,
        97.83804321289062,
        161.21844482421875,
        213.05686950683594,
        58.330421447753906,
        66.65828704833984,
        613.8159790039062,
        402.2779235839844,
        516.8480224609375,
        434.28570556640625,
        295.5127868652344,
        223.5471649169922,
        251.86070251464844,
        246.88262939453125,
        330.5751647949219,
        282.0520935058594,
        178.92025756835938,
        208.01280212402344,
        348.259521484375,
        314.463134765625,
        306.1126708984375,
        257.42010498046875,
        258.5238952636719,
        218.7898712158203,
        189.34588623046875,
        157.41285705566406,
        199.79718017578125,
        100.18174743652344,
        70.40483856201172,
        64.58516693115234,
        164.654052734375,
        129.829833984375,
        125.92684173583984,
        80.05720520019531,
        169.26217651367188,
        115.73335266113281,
        153.60635375976562,
        130.72972106933594,
        177.30682373046875,
        121.9400405883789,
        74.86043548583984,
        73.6980209350586,
        340.2005310058594,
        300.37249755859375,
        281.4112854003906,
        232.9786834716797,
        396.3536376953125,
        351.70654296875,
        337.32928466796875,
        286.744384765625,
        560.4705200195312,
        499.1611328125,
        457.062255859375,
        396.59088134765625,
        604.2249755859375,
        513.1242065429688,
        498.0722351074219,
        495.7151184082031,
        609.1109008789062,
        552.2860717773438,
        506.48016357421875,
        494.4581298828125,
        277.2018127441406,
        101.59358215332031,
        46.65833282470703,
        48.2393798828125,
        27.92816925048828,
        396.44580078125,
        187.80760192871094,
        178.67201232910156,
        122.19340515136719,
        147.9157257080078,
        95.2685775756836,
        60.20235824584961,
        50.06731414794922,
        45.26810836791992,
        78.91938781738281,
        55.91682434082031,
        58.81866455078125,
        64.9256820678711,
        93.2525405883789,
        63.380828857421875,
        42.44819259643555,
        57.1495475769043,
        58.07356643676758,
        20.54863929748535,
        20.565818786621094,
        7.813694000244141,
        250.22438049316406,
        109.5357437133789,
        101.96353149414062,
        114.4969253540039,
        159.89111328125,
        129.8063507080078,
        119.65354919433594,
        114.9519271850586,
        361.3496398925781,
        348.4442138671875,
        328.0430908203125,
        517.88720703125,
        559.0380249023438,
        381.1824951171875,
        563.3024291992188,
        300.3249206542969,
        321.46038818359375,
        260.3358154296875,
        234.57577514648438
    ],