{
    "R2_score": [
        0.7738249209654231,
        0.9428531613115642,
        0.9359045953256447,
        0.7111363278410182,
        0.9552179611102596,
        0.8804913535874319,
        0.6464578084055097,
        0.8214644441183644,
        0.7751274835901079,
        0.886363604459084
    ],
    "MAE_score": [
        73.46713092201635,
        58.63113028174953,
        49.93185254548725,
        72.5553155678197,
        54.91936198184366,
        51.21089117262098,
        56.13382127549913,
        59.20021591186523,
        54.301071612040204,
        53.858344082302516
    ],
    "RMSE_score": [
        114.96366690333896,
        93.57500131006053,
        66.4782737117261,
        100.27856515271401,
        68.41881114828037,
        65.42791524443744,
        74.1917954596486,
        83.44366233658539,
        80.89488615674463,
        69.04632104322928
    ],
    "y_predict": [
        221.32159423828125,
        228.09059143066406,
        168.61924743652344,
        190.96237182617188,
        307.55377197265625,
        318.5382385253906,
        282.1182861328125,
        262.1213073730469,
        476.51806640625,
        452.6361389160156,
        404.9505310058594,
        358.72735595703125,
        252.0101776123047,
        237.7091522216797,
        233.74618530273438,
        230.2955780029297,
        931.6304931640625,
        501.50909423828125,
        381.309326171875,
        244.76268005371094,
        813.2373657226562,
        574.3897094726562,
        531.3106079101562,
        280.65936279296875,
        931.6304931640625,
        594.7755126953125,
        531.3106079101562,
        372.336669921875,
        1477.120849609375,
        1318.5521240234375,
        1176.2322998046875,
        1371.90380859375,
        490.5201721191406,
        445.1940612792969,
        519.6663818359375,
        330.2089538574219,
        503.7296447753906,
        423.9454040527344,
        380.218017578125,
        344.29742431640625,
        343.6187438964844,
        305.7396545410156,
        338.3497314453125,
        306.1981506347656,
        212.8655242919922,
        153.668212890625,
        169.2193603515625,
        190.47581481933594,
        157.48695373535156,
        125.09490966796875,
        26.06923484802246,
        58.31028747558594,
        297.31011962890625,
        219.647216796875,
        162.8327178955078,
        122.24141693115234,
        241.85086059570312,
        215.883544921875,
        155.2879180908203,
        138.2689208984375,
        451.4886169433594,
        449.6212463378906,
        328.4963073730469,
        384.4902038574219,
        204.95655822753906,
        73.6335678100586,
        52.918861389160156,
        78.72998046875,
        103.34558868408203,
        68.87388610839844,
        77.25946044921875,
        38.80400848388672,
        200.1065673828125,
        82.58695220947266,
        108.6357192993164,
        72.2619400024414,
        322.22711181640625,
        240.86477661132812,
        149.84657287597656,
        92.99681091308594,
        207.4915313720703,
        215.9473114013672,
        72.71387481689453,
        72.43861389160156,
        613.766845703125,
        551.8195190429688,
        428.3431091308594,
        451.40234375,
        263.9098205566406,
        285.44989013671875,
        241.135498046875,
        277.2474365234375,
        340.490234375,
        283.0489196777344,
        242.9844512939453,
        230.33135986328125,
        349.0532531738281,
        320.77239990234375,
        304.56298828125,
        168.57322692871094,
        252.86634826660156,
        215.98703002929688,
        192.4467010498047,
        168.57322692871094,
        261.616455078125,
        97.85353088378906,
        45.73387145996094,
        68.3252182006836,
        209.15609741210938,
        126.76991271972656,
        105.86092376708984,
        84.37357330322266,
        150.57923889160156,
        125.6624526977539,
        75.3685531616211,
        62.48694610595703,
        146.61619567871094,
        79.58950805664062,
        106.63435363769531,
        56.53351974487305,
        334.2146911621094,
        285.3640441894531,
        288.2477722167969,
        243.52786254882812,
        442.3645935058594,
        327.3548889160156,
        320.361572265625,
        282.94927978515625,
        565.9384765625,
        502.3977966308594,
        458.9949951171875,
        432.53997802734375,
        633.240478515625,
        530.806640625,
        482.25921630859375,
        476.84124755859375,
        630.71142578125,
        555.3825073242188,
        507.87811279296875,
        503.4112854003906,
        218.433349609375,
        62.18465042114258,
        54.0074577331543,
        39.44652557373047,
        69.99434661865234,
        407.9901123046875,
        199.47157287597656,
        160.12979125976562,
        146.99789428710938,
        123.15567016601562,
        110.84143829345703,
        45.73387145996094,
        75.0967025756836,
        55.683353424072266,
        92.42081451416016,
        78.1612777709961,
        60.25367736816406,
        50.31986999511719,
        69.37528991699219,
        77.71161651611328,
        45.45976638793945,
        29.417335510253906,
        118.14885711669922,
        34.62533950805664,
        33.776371002197266,
        5.738857746124268,
        282.9556579589844,
        146.54408264160156,
        103.11317443847656,
        115.0525131225586,
        171.33291625976562,
        186.79067993164062,
        137.87527465820312,
        147.22055053710938,
        372.3230285644531,
        350.2167053222656,
        342.4922180175781,
        508.478515625,
        556.687255859375,
        356.470703125,
        596.2845458984375,
        326.9580078125,
        367.5594177246094,
        255.5680694580078,
        275.65191650390625
    ],