{
    "R2_score": 0.8037079991330153,
    "MAE_score": 56.50069714573452,
    "RMSE_score": 79.87268001519472,
    "y_predict": [
        563.0230712890625,
        125.56008911132812,
        113.0365982055664,
        371.0348815917969,
        748.5186157226562,
        146.31089782714844,
        472.26611328125,
        439.6802978515625,
        132.44549560546875,
        92.06627655029297,
        250.23941040039062,
        472.26611328125,
        184.96197509765625,
        376.1752014160156,
        497.6459045410156,
        315.0939636230469,
        472.26611328125,
        77.7868881225586,
        71.68943786621094,
        148.81170654296875,
        553.7648315429688,
        50.112796783447266,
        92.47908020019531,
        68.71546936035156,
        474.5770568847656,
        552.620361328125,
        77.88493347167969,
        16.3233585357666,
        210.2303009033203,
        94.9607925415039,
        349.32366943359375,
        535.8892211914062,
        236.83949279785156,
        60.397525787353516,
        184.0696258544922
    ],
    "y_true": [
        706.7,
        100.0,
        101.7,
        396.0,
        512.3,
        162.0,
        581.6,
        455.0,
        112.0,
        97.9,
        326.9,
        422.0,
        232.0,
        297.8,
        355.6,
        377.13,
        394.7,
        73.8,
        59.7,
        65.0,
        381.4,
        31.9,
        62.32,
        64.8,
        368.7,
        473.7,
        82.5,
        11.6,
        287.4,
        98.3,
        352.5,
        423.0,
        131.0,
        60.3,
        170.0
    ],
    "features": [
        "Binder_Type",
        "CC_Electrical_Conductivity",
        "Current_Density",
        "E_Anion_Radius",
        "E_Ionic_Conductivity",
        "Is_Binder",
        "M_Density",
        "Morphology_Encoded",
        "Potential_Window",
        "Synthesis_Method"
    ],
    "params": {
        "max_depth": 4,
        "min_child_weight": 1,
        "subsample": 0.8642396983313831,
        "colsample_bytree": 0.738466111680213,
        "reg_alpha": 0.005143954119107397,
        "reg_lambda": 0.7269647517880444,
        "learning_rate": 0.07509258875041394,
        "n_estimators": 981
    }
}