{
    "R2_score": 0.882762347661348,
    "MAE_score": 69.60649461282269,
    "RMSE_score": 96.39177017979556,
    "y_predict": [
        149.2429656982422,
        652.1343383789062,
        172.5683135986328,
        188.69639587402344,
        63.5029411315918,
        746.3207397460938,
        412.8704833984375,
        232.26016235351562,
        205.39495849609375,
        556.3878173828125,
        260.3035583496094,
        432.0561828613281,
        121.79943084716797,
        -12.74618148803711,
        229.68869018554688,
        49.694908142089844,
        64.32823944091797,
        1403.303955078125,
        393.0648498535156,
        78.46841430664062,
        378.3820495605469,
        312.6010437011719,
        48.642250061035156,
        -69.55079650878906,
        312.33770751953125,
        276.8228454589844,
        58.9862060546875,
        130.4503936767578,
        84.08016967773438,
        -26.75864601135254,
        240.2213897705078,
        180.6599884033203,
        329.02618408203125,
        117.88174438476562,
        436.4176940917969,
        142.7493438720703,
        255.9606170654297
    ],
    "y_true": [
        232.0,
        565.3,
        310.0,
        112.0,
        64.8,
        1074.5,
        455.0,
        326.9,
        227.0,
        473.7,
        340.3,
        405.0,
        100.63,
        98.5,
        163.9,
        6.0,
        45.4,
        1440.0,
        434.0,
        66.5,
        140.0,
        334.0,
        41.8,
        98.3,
        188.8,
        235.0,
        58.1,
        67.6,
        93.4,
        104.2,
        294.1,
        100.0,
        329.0,
        27.2,
        413.6,
        109.9,
        334.9
    ],
    "features": [
        "CC_Thermal_Conductivity",
        "Current_Collector",
        "Current_Density",
        "E_Bare_Anion_Radius",
        "E_Cation_Radius",
        "Is_Binder",
        "M_Density",
        "Morphology_Encoded",
        "Potential_Window",
        "Synthesis_Method"
    ],
    "params": {
        "max_depth": 4,
        "min_child_weight": 2,
        "subsample": 0.7890647359214076,
        "colsample_bytree": 0.6022273340604025,
        "reg_alpha": 0.14726135966679627,
        "reg_lambda": 0.5647304025311302,
        "learning_rate": 0.0833368308948082,
        "n_estimators": 710
    }
}