{
    "importance_mean": [
        0.2669255642397192,
        0.1674650022907903,
        0.11261558901982596,
        0.11116273559499361,
        0.08589472559214512,
        0.08013411032851776,
        0.07901023952718245,
        0.05700862712979793,
        0.0423745452133317,
        0.0008872648400054615
    ],
    "importance_std": [
        0.2618624891696153,
        0.1995792766040928,
        0.09114067557003724,
        0.20633669167867302,
        0.11553467457604541,
        0.1509043332478091,
        0.1604205203948431,
        0.07559094687600049,
        0.03357320617710781,
        0.046973843339599974
    ],
    "features": [
        "Current_Density",
        "Potential_Window",
        "Binder_Type",
        "Is_Binder",
        "Synthesis_Method",
        "Morphology_Encoded",
        "E_Ionic_Conductivity",
        "CC_Electrical_Conductivity",
        "M_Density",
        "E_Anion_Radius"
    ]
}