{
    "importance_mean": [
        0.39184348540541175,
        0.10964833997998595,
        0.10343644088698674,
        0.09625816575972396,
        0.08496932251113488,
        0.041860803199108454,
        0.033359707134971786,
        0.013807590938428722,
        0.01252454193528246,
        0.005954526079540679,
        -0.03824329599520949
    ],
    "importance_std": [
        0.4833686956886516,
        0.14048554305870353,
        0.10982772188956594,
        0.12628547328815085,
        0.19277417049473966,
        0.07801670440213228,
        0.1553153531384109,
        0.1039646531749316,
        0.04762042885133245,
        0.06351912113075239,
        0.11489531571101738
    ],
    "features": [
        "Current_Density",
        "Is_Binder",
        "Binder_Type",
        "Morphology_Encoded",
        "Potential_Window",
        "M_Density",
        "E_Cation_Radius",
        "CC_Thermal_Conductivity",
        "Synthesis_Method",
        "Current_Collector",
        "E_Bare_Anion_Radius"
    ]
}