{
    "importance_mean": [
        0.27336724673087553,
        0.2048536122645348,
        0.15369563472498424,
        0.12646194168555627,
        0.12609803546072013,
        0.11468806082115593,
        0.05308083823565561,
        0.05266270608304748,
        0.03774362292374544,
        0.031933046311922474
    ],
    "importance_std": [
        0.20557653068677142,
        0.13089683890453707,
        0.17109937110671655,
        0.07288102764382864,
        0.08315968733705087,
        0.053331917228065864,
        0.048732771501306844,
        0.05625219237208129,
        0.025341781745326256,
        0.021247406977230564
    ],
    "features": [
        "Current_Density",
        "Morphology_Encoded",
        "Is_Binder",
        "Potential_Window",
        "E_Ionic_Conductivity",
        "Binder_Type",
        "E_Anion_Radius",
        "Synthesis_Method",
        "M_Density",
        "CC_Electrical_Conductivity"
    ]
}