{
    "importance_mean": [
        0.44574825351575875,
        0.3169268935682357,
        0.16103164115590904,
        0.10540224256312218,
        0.08373080053789689,
        0.05273877001537149,
        0.05209620482405529,
        0.0444197470109673,
        0.03426876233446848,
        0.03128743289663775
    ],
    "importance_std": [
        0.3772727678487912,
        0.2269510303939987,
        0.11805021587516318,
        0.056201419766418376,
        0.0651110409916694,
        0.04415605109456216,
        0.07349457260908268,
        0.08286450572190254,
        0.04015523977620577,
        0.03096645079394746
    ],
    "features": [
        "Current_Density",
        "Is_Binder",
        "Potential_Window",
        "Morphology_Encoded",
        "M_Density",
        "E_Bare_Anion_Radius",
        "CC_Thermal_Conductivity",
        "Current_Collector",
        "Synthesis_Method",
        "E_Cation_Radius"
    ]
}