{
    "importance_mean": [
        0.31026204918031197,
        0.2835812030293879,
        0.2255986076413556,
        0.08012295545819273,
        0.07839859818057886,
        0.04918021286776692,
        0.03262571419861252,
        0.029497304605158373,
        0.022000021923310964,
        0.01357011011826514
    ],
    "importance_std": [
        0.07922207262696364,
        0.04932697331223899,
        0.04669731945217421,
        0.017935487969814312,
        0.026118054268567035,
        0.014153141099704995,
        0.010523796997247644,
        0.025078681269818416,
        0.013975491164082695,
        0.008074751720141866
    ],
    "features": [
        "Current_Density",
        "Is_Binder",
        "CC_Thermal_Conductivity",
        "Current_Collector",
        "Potential_Window",
        "Morphology_Encoded",
        "M_Density",
        "Synthesis_Method",
        "E_Bare_Anion_Radius",
        "E_Cation_Radius"
    ],
    "R2_score": 0.8808898620437275,
    "MAE_score": 77.54194057724771,
    "RMSE_score": 116.56619497208804
}