{
    "importance_mean": [
        0.23972028787206928,
        0.1659976704057039,
        0.10543300670050691,
        0.09313365416966655,
        0.08161429086967699,
        0.060942048466035376,
        0.05690943189049258,
        0.031826508631923225,
        0.008554485882868746,
        0.0
    ],
    "importance_std": [
        0.0814265270539261,
        0.1449356111619036,
        0.03610699580982157,
        0.04397657639310732,
        0.05184280578340574,
        0.06748915980681529,
        0.044413890559543125,
        0.02553988541013368,
        0.015523856278324049,
        0.0
    ],
    "features": [
        "Potential_Window",
        "Current_Density",
        "Morphology_Encoded",
        "Synthesis_Method",
        "E_Ionic_Conductivity",
        "M_Density",
        "E_Anion_Radius",
        "CC_Electrical_Conductivity",
        "CC_Thermal_Conductivity",
        "Is_Binder"
    ],
    "R2_score": 0.6701428272570762,
    "MAE_score": 50.56380412103063,
    "RMSE_score": 84.10841642447328
}