{
    "R2_score": [
        0.14371040416954395,
        0.8061647349109493,
        0.8152382604438906,
        0.3556538361112531,
        0.8697202182250666,
        0.6209753531867003,
        -0.3906530206227361,
        0.26028201226925496,
        0.47938213302882726,
        0.3469560211933471
    ],
    "MAE_score": [
        152.43000710418306,
        129.2230065458313,
        92.36019052185493,
        121.47012560502267,
        81.65672199968039,
        92.52227689526164,
        115.67561847547576,
        138.49449571271666,
        98.75686882402367,
        107.92914310077263
    ],
    "RMSE_score": [
        223.69102829037823,
        172.33763659642057,
        112.86838415057827,
        149.76877268652837,
        116.69764808661124,
        116.51910619430144,
        147.14470820183314,
        169.84942725517433,
        123.08706397607241,
        165.52097395549532
    ],
    "y_predict": [
        271.6337306502048,
        271.67649376745055,
        266.63329355930443,
        253.73298463260392,
        137.52518952702763,
        122.39159520755686,
        90.69416549299063,
        -95.2055783283999,
        418.0395056004133,
        430.76853341820566,
        383.066028741843,
        320.2061809223631,
        201.54711615948943,
        204.28507066519913,
        185.56398111399105,
        171.1309144489914,
        374.9580299416227,
        397.1911876933576,
        394.9697607005315,
        374.8355561420642,
        381.6537780770257,
        407.42076750259014,
        419.08355753844404,
        401.0997315695539,
        374.9580299416227,
        401.23162401785413,
        419.08355753844404,
        418.98242561771826,
        1158.4686161931406,
        1073.2196797170877,
        1018.0554037635168,
        1073.4984518919907,
        653.9011916484789,
        686.0466505311524,
        628.1441934426559,
        555.1916876711712,
        220.66076730488263,
        238.56916273745148,
        213.5589194872486,
        151.53271221813756,
        418.49730024637535,
        417.72489134450916,
        412.27133046118365,
        333.5854478881382,
        281.0612217869577,
        269.74839866116275,
        194.88410385397648,
        89.54839103583402,
        392.79864372994274,
        378.8023987281682,
        353.94846744133815,
        305.00656013652844,
        124.80073984618292,
        125.50315603022233,
        101.07676055742814,
        37.866942461483575,
        325.4824634916566,
        292.4138571348043,
        272.9887689905021,
        247.36189038725092,
        527.5716655222044,
        510.7764586744702,
        498.1383410341468,
        455.2956423136293,
        186.2124657111029,
        189.32217811768896,
        161.7400401409035,
        144.2688584560622,
        79.50949481548531,
        62.01323773570056,
        44.90476104757755,
        8.79719854702978,
        266.8037076160966,
        174.77217631211695,
        87.38668625788387,
        -267.18505214566966,
        145.7610114522775,
        132.9609917881678,
        92.4801559492451,
        45.03269292134877,
        351.47710704769906,
        369.8268563395975,
        354.8574845387954,
        334.61627351222495,
        590.8910404373435,
        561.9666139532696,
        568.9089657206387,
        569.4375456553016,
        336.8018983975102,
        340.2615866821019,
        317.47557443305857,
        317.2701107710703,
        176.96126399895283,
        178.15314551720576,
        152.0339925379661,
        116.24644424266387,
        282.51109528328794,
        252.25439113429323,
        234.75813405450847,
        186.23004531347905,
        265.3018683658293,
        255.74455567966208,
        227.89995980254034,
        186.23004531347905,
        150.00162113307667,
        120.64296358993585,
        89.43029512739224,
        63.35911922493932,
        252.93641563012238,
        256.2586309163504,
        271.4273232132849,
        201.97710028455379,
        126.55617509333584,
        107.51116663223809,
        54.19234093589307,
        33.96595679074085,
        201.04342005603868,
        179.88850811748114,
        122.44848497762507,
        -59.47085787142845,
        284.1254948350414,
        233.06304820451308,
        180.83181486366615,
        84.7416531863305,
        444.95031634053976,
        405.5218350260184,
        389.7860403869688,
        342.15008573366583,
        504.1830340318817,
        491.46624071283145,
        451.3396433815039,
        419.1122912411934,
        500.36249097006635,
        492.9389260933599,
        465.0952430632566,
        420.29170539928884,
        515.3597639358043,
        483.3111870195223,
        480.31279103269964,
        423.90398948072885,
        161.59771901228788,
        158.64184853583225,
        117.63356957887837,
        120.41259779116348,
        -52.88705367323024,
        210.5475752323065,
        424.45012691687725,
        388.2947350451214,
        329.03045822390925,
        220.78533192843182,
        118.67153064765489,
        89.43029512739224,
        78.28180086403677,
        64.32822530850535,
        166.04097718802436,
        125.98200973349915,
        139.19331090582304,
        100.29831979870977,
        136.0237078185796,
        123.09410711263754,
        102.34025473182595,
        78.50927075624088,
        162.1276104639919,
        144.88044627458655,
        116.14465864192869,
        109.89590758654276,
        330.73087901933707,
        320.38024258557857,
        294.445102862392,
        276.1640019550645,
        278.3957051133113,
        272.0327122443688,
        245.70103469841357,
        220.44583287367826,
        239.7504787422209,
        429.76758754096835,
        438.6832938737645,
        345.7579583657695,
        380.4754752046089,
        371.16880308334214,
        244.62603764000826,
        358.8318654357025,
        343.5183245847903,
        284.86732847442113,
        157.1260292581146
    ],