{
    "R2_score": 0.3935674829449357,
    "MAE_score": 88.23259794794859,
    "RMSE_score": 114.04276286555414,
    "y_predict": [
        331.9030357054445,
        115.09227338867242,
        203.38338482276242,
        246.42377771455847,
        389.64285594592513,
        185.65626207454642,
        138.0939063787452,
        198.8136649275218,
        404.97727793930704,
        267.8501920881883,
        458.6793831065916,
        165.0157016488597,
        386.0468943286654,
        305.0739555516329,
        347.3007140797224,
        369.76380292672775,
        129.8403941477514,
        80.33686848690792,
        320.13294713887444,
        142.11085934591802,
        124.56819766142684,
        248.41289252492723,
        124.56819766142684,
        408.6384020532499,
        148.42742717736024,
        138.0939063787452,
        109.23377566804498,
        273.17467905880045,
        273.2820200127541,
        78.56493168128122,
        393.303980059868,
        273.2513511687673,
        229.48250891428557,
        109.23377566804498,
        358.97401195916143
    ],
    "y_true": [
        140.0,
        149.0,
        310.4,
        118.4,
        333.94,
        82.5,
        240.6,
        198.0,
        354.8,
        377.13,
        565.3,
        260.4,
        131.0,
        25.0,
        325.0,
        455.0,
        287.4,
        94.6,
        423.0,
        11.6,
        118.4,
        211.8,
        58.1,
        391.6,
        59.7,
        221.9,
        66.5,
        145.9,
        548.0,
        64.8,
        352.5,
        355.6,
        235.0,
        93.4,
        305.0
    ],
    "features": [
        "CC_Electrical_Conductivity",
        "CC_Thermal_Conductivity",
        "Current_Density",
        "E_Anion_Radius",
        "E_Ionic_Conductivity",
        "Is_Binder",
        "M_Density",
        "Morphology_Encoded",
        "Potential_Window",
        "Synthesis_Method"
    ]
}