{
    "R2_score": 0.6911778885191547,
    "MAE_score": 132.47667692466425,
    "RMSE_score": 187.694890544914,
    "y_predict": [
        373.3845878741096,
        431.3803611653102,
        150.6377969944134,
        147.95214062389402,
        338.0636791214531,
        175.23765764271735,
        373.54510387779607,
        91.40139625045776,
        184.55378035617198,
        231.25311480286194,
        254.1839724723505,
        156.06324485079006,
        68.47053858096922,
        454.31121883479875,
        274.2789467765864,
        373.54510387779607,
        286.18907801542963,
        496.5137557504546,
        311.03711554571646,
        320.0687722927338,
        110.20152951181296,
        417.75719590979645,
        429.78710979940723,
        1086.7899807509452,
        440.69648387876487,
        371.89548057081936,
        532.0253755803076,
        373.49924216245705,
        304.0171719240918,
        125.92794000874756,
        -170.49453690851135,
        44.48668210647122,
        1.1069190002637015,
        415.75893165225665,
        156.4319762864537,
        1132.6516960899223,
        454.31121883479875
    ],
    "y_true": [
        399.7,
        352.5,
        60.3,
        62.2,
        115.0,
        198.0,
        548.0,
        94.6,
        97.9,
        188.8,
        215.28,
        22.1,
        87.23,
        276.0,
        220.0,
        1074.5,
        6.0,
        193.6,
        67.6,
        232.0,
        11.6,
        419.13,
        201.8,
        1340.0,
        455.0,
        333.94,
        750.1,
        528.8,
        216.0,
        109.9,
        98.3,
        88.0,
        82.5,
        422.0,
        92.9,
        1440.0,
        308.0
    ],
    "features": [
        "CC_Thermal_Conductivity",
        "Current_Collector",
        "Current_Density",
        "E_Bare_Anion_Radius",
        "E_Cation_Radius",
        "Is_Binder",
        "M_Density",
        "Morphology_Encoded",
        "Potential_Window",
        "Synthesis_Method"
    ]
}