{
    "R2_score": [
        0.19139761583956982,
        0.4717642402262465,
        0.5108576645167906,
        0.8130917756127827,
        0.6208174188345781,
        0.8050117267726022,
        -0.33925498623346906,
        0.21251626648546984,
        0.46494027666607707,
        -0.22867695727407567
    ],
    "MAE_score": [
        108.1056487121582,
        115.98262765066963,
        90.81899211210363,
        82.59156246185303,
        65.2933127746582,
        23.835183258056638,
        127.38602977079505,
        135.23225746154785,
        110.55583280563354,
        74.45724088228665
    ],
    "RMSE_score": [
        137.23440493550572,
        149.26059103869704,
        107.86281743782976,
        97.99424407726643,
        73.5410266510524,
        28.32383086009165,
        143.92307777113794,
        160.01098932474378,
        145.4435345001697,
        96.02217063015357
    ],
    "y_predict": [
        251.3852996826172,
        235.58010864257812,
        195.2529754638672,
        173.4228515625,
        369.4192199707031,
        164.76626586914062,
        119.7191390991211,
        93.70084381103516,
        398.840576171875,
        312.3136291503906,
        296.1443176269531,
        252.38201904296875,
        231.3789520263672,
        189.17745971679688,
        185.67759704589844,
        196.0239715576172,
        397.92889404296875,
        397.92889404296875,
        397.92889404296875,
        397.92889404296875,
        316.21630859375,
        242.8480987548828,
        235.83544921875,
        181.34866333007812,
        277.1558837890625,
        180.5527801513672,
        184.34945678710938,
        173.06427001953125,
        330.1109313964844,
        292.05987548828125,
        289.86676025390625,
        280.8526306152344,
        168.0087890625,
        159.21832275390625,
        153.0260467529297,
        139.75587463378906,
        243.36224365234375,
        195.99282836914062,
        167.51242065429688,
        163.04550170898438,
        296.7067565917969,
        222.82778930664062,
        163.63668823242188,
        116.28778076171875,
        232.37059020996094,
        283.7271423339844,
        269.55987548828125,
        229.95999145507812,
        342.16363525390625,
        342.16363525390625,
        187.1448211669922,
        187.1448211669922,
        222.22434997558594,
        97.76423645019531,
        93.16033172607422,
        71.72776794433594,
        218.03884887695312,
        161.41387939453125,
        145.07733154296875,
        105.15505981445312,
        197.32115173339844,
        60.44938659667969,
        33.76777267456055,
        33.85976791381836,
        312.4455261230469,
        240.87252807617188,
        148.44606018066406,
        88.3548355102539,
        219.12313842773438,
        209.6729278564453,
        187.9658660888672,
        146.41831970214844,
        522.3361206054688,
        472.8236389160156,
        469.5718078613281,
        473.1432800292969,
        346.42333984375,
        305.4425048828125,
        287.02264404296875,
        283.9135437011719,
        264.8772277832031,
        205.06800842285156,
        125.76830291748047,
        114.84684753417969,
        355.5126037597656,
        315.03607177734375,
        310.29241943359375,
        275.19256591796875,
        255.52049255371094,
        215.78857421875,
        187.8473663330078,
        154.05746459960938,
        297.161865234375,
        119.59239959716797,
        91.34383392333984,
        65.38380432128906,
        280.8034973144531,
        245.17678833007812,
        169.72866821289062,
        120.37262725830078,
        151.03245544433594,
        125.41865539550781,
        78.42503356933594,
        85.84388732910156,
        173.3061065673828,
        67.80863189697266,
        91.2560043334961,
        109.16805267333984,
        226.1756591796875,
        149.8109588623047,
        153.35569763183594,
        142.60105895996094,
        364.1514587402344,
        291.3668212890625,
        267.5058898925781,
        254.3840789794922,
        564.537841796875,
        474.190185546875,
        437.1551818847656,
        394.5980224609375,
        564.537841796875,
        474.190185546875,
        437.1551818847656,
        394.5980224609375,
        635.8154296875,
        552.1614379882812,
        507.61102294921875,
        501.6732177734375,
        396.8788757324219,
        349.9424743652344,
        275.21673583984375,
        242.3619842529297,
        97.72801971435547,
        180.5527801513672,
        390.0736999511719,
        283.9820251464844,
        223.89190673828125,
        162.95941162109375,
        117.06024169921875,
        91.33035278320312,
        73.23697662353516,
        67.0972900390625,
        38.391265869140625,
        26.338993072509766,
        43.609683990478516,
        41.44488525390625,
        122.11233520507812,
        92.21615600585938,
        66.00827026367188,
        61.57883071899414,
        194.14987182617188,
        97.1052474975586,
        104.94992065429688,
        88.75650024414062,
        277.0516662597656,
        159.4122772216797,
        149.90655517578125,
        150.95640563964844,
        161.3513641357422,
        115.36211395263672,
        119.0940170288086,
        123.36730194091797,
        289.27423095703125,
        390.3116760253906,
        390.3116760253906,
        723.2354125976562,
        716.3154296875,
        650.740966796875,
        752.5872192382812,
        350.1629638671875,
        317.0430908203125,
        224.21177673339844,
        197.386962890625
    ],