{
    "R2_score": [
        0.7813906688312012,
        0.9333680392398641,
        0.9375895592797634,
        0.6453123316370852,
        0.9524577138864864,
        0.7502598149382367,
        0.5364418853967302,
        0.8166831108696119,
        0.7883544912039071,
        0.8929980787791338
    ],
    "MAE_score": [
        71.6820289531507,
        62.56358239826404,
        46.22464758622019,
        83.7601026755885,
        51.6870051574707,
        64.54443308512369,
        55.74854795667861,
        62.68976980845134,
        52.80283389621311,
        52.09634876675076
    ],
    "RMSE_score": [
        113.02449625468535,
        101.04272107174924,
        65.59865139794078,
        111.11807059968247,
        70.49586160119142,
        94.58181271820916,
        84.95468819707945,
        84.55362593557656,
        78.47971310488904,
        67.00043249498691
    ],
    "y_predict": [
        191.10113525390625,
        233.41343688964844,
        119.61643981933594,
        178.1190948486328,
        351.7649230957031,
        309.46295166015625,
        240.54652404785156,
        276.5714111328125,
        496.1416931152344,
        431.0188903808594,
        392.6293029785156,
        344.103515625,
        229.05393981933594,
        208.06407165527344,
        221.01211547851562,
        217.8743438720703,
        930.6278076171875,
        504.12432861328125,
        384.6215515136719,
        243.25189208984375,
        811.255615234375,
        581.3461303710938,
        529.1006469726562,
        272.8804931640625,
        930.6278076171875,
        588.1597900390625,
        529.1006469726562,
        370.0257568359375,
        1446.8939208984375,
        1222.651611328125,
        1202.6397705078125,
        1336.069091796875,
        496.85394287109375,
        357.9410095214844,
        527.1265869140625,
        235.37274169921875,
        471.89483642578125,
        452.96905517578125,
        377.1730651855469,
        316.9634094238281,
        362.5781555175781,
        292.5339660644531,
        326.81524658203125,
        337.9236145019531,
        240.51345825195312,
        119.05326843261719,
        198.707275390625,
        178.616455078125,
        215.7041778564453,
        96.29151153564453,
        46.90272521972656,
        67.22039031982422,
        296.4706115722656,
        221.26116943359375,
        164.70631408691406,
        116.3427963256836,
        285.7322998046875,
        213.9267578125,
        164.9340362548828,
        113.12378692626953,
        446.0821533203125,
        243.19927978515625,
        247.8118896484375,
        374.2245178222656,
        153.55743408203125,
        116.36888885498047,
        59.40643310546875,
        61.686912536621094,
        150.70896911621094,
        99.35089874267578,
        85.01900482177734,
        41.96458053588867,
        191.78172302246094,
        106.56832122802734,
        97.58275604248047,
        80.59683227539062,
        312.51495361328125,
        242.1766815185547,
        148.83116149902344,
        88.75958251953125,
        168.06488037109375,
        239.69180297851562,
        81.05606079101562,
        58.890357971191406,
        596.9606323242188,
        458.6752014160156,
        402.3466796875,
        446.59930419921875,
        315.2176513671875,
        137.2658233642578,
        244.58029174804688,
        190.80633544921875,
        312.2607116699219,
        242.09686279296875,
        239.03846740722656,
        208.0021514892578,
        355.0916748046875,
        315.0858459472656,
        310.1374206542969,
        198.3804168701172,
        255.2423553466797,
        217.04010009765625,
        189.882568359375,
        198.3804168701172,
        277.7666320800781,
        112.7231216430664,
        58.72698974609375,
        65.5041732788086,
        133.84071350097656,
        142.09449768066406,
        56.69209671020508,
        66.29615020751953,
        133.8784942626953,
        146.3832244873047,
        114.30150604248047,
        114.61016845703125,
        133.00466918945312,
        78.17349243164062,
        132.9827423095703,
        71.580322265625,
        291.16534423828125,
        264.4282531738281,
        292.5762939453125,
        275.47894287109375,
        433.9828796386719,
        352.2900695800781,
        318.4350280761719,
        306.3694763183594,
        564.7817993164062,
        496.1473388671875,
        458.2326965332031,
        407.882080078125,
        635.7950439453125,
        531.0469970703125,
        486.5913391113281,
        487.984130859375,
        635.7100219726562,
        552.2578735351562,
        507.9323425292969,
        501.86553955078125,
        235.63259887695312,
        45.3314323425293,
        69.61052703857422,
        58.32695007324219,
        95.24430847167969,
        404.9149169921875,
        194.85826110839844,
        153.92010498046875,
        125.7842788696289,
        125.50004577636719,
        118.12637329101562,
        58.72698974609375,
        74.14933776855469,
        66.97667694091797,
        79.5848159790039,
        74.14629364013672,
        63.78269958496094,
        65.49674224853516,
        56.881290435791016,
        63.85723114013672,
        35.47259521484375,
        40.89284896850586,
        77.97421264648438,
        36.561302185058594,
        18.10474967956543,
        12.988763809204102,
        262.49114990234375,
        124.20419311523438,
        111.54934692382812,
        96.32051086425781,
        171.9881591796875,
        203.13427734375,
        132.60379028320312,
        163.1964111328125,
        396.0571594238281,
        350.13134765625,
        333.73187255859375,
        519.575927734375,
        521.7335205078125,
        360.9316711425781,
        645.3189697265625,
        294.17486572265625,
        323.6775817871094,
        242.4434356689453,
        289.489501953125
    ],