{
    "R2_score": 0.8335824091658729,
    "MAE_score": 52.55371080562046,
    "RMSE_score": 73.54388553138767,
    "y_predict": [
        565.44775390625,
        121.39244842529297,
        107.55147552490234,
        331.5419006347656,
        750.0153198242188,
        132.70382690429688,
        486.6637268066406,
        446.3981628417969,
        110.25650024414062,
        99.6145248413086,
        259.88885498046875,
        486.6637268066406,
        176.01034545898438,
        372.7706298828125,
        497.1767272949219,
        291.9493713378906,
        486.6637268066406,
        71.38044738769531,
        58.9174690246582,
        124.41370391845703,
        486.6302795410156,
        119.24162292480469,
        87.51243591308594,
        66.1011962890625,
        453.4149169921875,
        552.2230224609375,
        96.73320007324219,
        15.62121868133545,
        231.74957275390625,
        98.2541732788086,
        336.1659851074219,
        478.3424377441406,
        176.09829711914062,
        57.405372619628906,
        182.52243041992188
    ],
    "y_true": [
        706.7,
        100.0,
        101.7,
        396.0,
        512.3,
        162.0,
        581.6,
        455.0,
        112.0,
        97.9,
        326.9,
        422.0,
        232.0,
        297.8,
        355.6,
        377.13,
        394.7,
        73.8,
        59.7,
        65.0,
        381.4,
        31.9,
        62.32,
        64.8,
        368.7,
        473.7,
        82.5,
        11.6,
        287.4,
        98.3,
        352.5,
        423.0,
        131.0,
        60.3,
        170.0
    ],
    "features": [
        "Binder_Type",
        "CC_Electrical_Conductivity",
        "Current_Density",
        "E_Anion_Radius",
        "E_Ionic_Conductivity",
        "Is_Binder",
        "M_Density",
        "Morphology_Encoded",
        "Potential_Window",
        "Synthesis_Method"
    ]
}