{
    "R2_score": [
        0.7453411000447214,
        0.9212608717837243,
        0.9511522065911785,
        0.7057040884857174,
        0.9420441134007358,
        0.8238523180846479,
        0.5970146775025269,
        0.7659034873208443,
        0.8149987375614878,
        0.7970296049489528
    ],
    "MAE_score": [
        91.16162106138157,
        74.82895244163353,
        49.160887624079244,
        80.236182183264,
        55.75799268938263,
        62.03052092057554,
        58.37152317043654,
        70.93136669324036,
        52.27767233416726,
        65.62356894749836
    ],
    "RMSE_score": [
        121.98815465585966,
        109.83962400556418,
        58.03483599401594,
        101.21707006282772,
        77.83454109130284,
        79.43316820842725,
        79.20997398426225,
        95.54951104680651,
        73.37366697818923,
        92.27799865356634
    ],
    "y_predict": [
        225.72781049520336,
        245.80399544521927,
        179.31724630070002,
        195.6548998292674,
        275.3504489897693,
        249.8681273753878,
        207.36522883799304,
        144.42361483932822,
        465.1604792098362,
        427.83503307047744,
        382.3939219685357,
        325.35550942998606,
        229.94965254203728,
        213.16525113936646,
        211.98066058249697,
        203.5919731542156,
        739.7056193400339,
        470.0935591642119,
        387.5091644120578,
        291.0952625044246,
        664.6620523546881,
        524.0757183328355,
        487.39569277290616,
        319.82952534039435,
        739.7056193400339,
        524.0188781549836,
        487.39569277290616,
        391.8986804287442,
        1292.818727749663,
        1198.3336515444933,
        1146.0938353155834,
        1244.6866199245078,
        545.4912406839643,
        502.2989743939426,
        556.7758182017539,
        404.04567985724924,
        384.07179074469195,
        374.08661322659003,
        329.77495287746143,
        269.18825445912506,
        383.5930919515335,
        340.51551957497037,
        366.39200083029397,
        337.10892018948647,
        233.76924419270824,
        172.6751876537418,
        182.91655921108898,
        145.03321718822863,
        264.99960780174945,
        195.75274736895324,
        154.9350491768116,
        151.58622056170472,
        238.2891600268896,
        190.00915272198552,
        144.89012769321744,
        93.28789322043383,
        314.12625308956547,
        242.26826269335353,
        200.98209570094082,
        165.97646742230833,
        480.33079280441274,
        394.3976135251357,
        371.6723553939631,
        400.6807972670149,
        162.94755451241488,
        125.19778638964083,
        89.12760389130956,
        92.93940712444208,
        126.944083561775,
        82.5748392003544,
        60.89869638020903,
        33.046096581479105,
        214.74329376693004,
        112.85954028831566,
        101.75697993926383,
        -29.34586322042362,
        257.57761143895436,
        204.41890198480897,
        131.21892663485292,
        76.5558118521962,
        233.16316297335894,
        281.3924708040579,
        173.09893326609873,
        159.7522887318339,
        584.6112564287747,
        543.1576167593944,
        472.57697377345966,
        477.8737829519264,
        322.9244566786515,
        251.20638252242603,
        259.9081236374689,
        242.45933257094563,
        256.5475644790667,
        220.74710269404855,
        199.72654054403657,
        166.86964644903728,
        326.97477773630015,
        297.1008381169867,
        279.2729725714093,
        199.0450201579889,
        260.0036586143774,
        239.60041584493925,
        209.31211198986196,
        199.0450201579889,
        213.00638716366856,
        111.4268048863067,
        71.41880014277825,
        64.72788779627803,
        195.06217046366388,
        179.8196530700151,
        147.34850159909982,
        123.90857223320882,
        148.10340581459226,
        127.33507677208426,
        95.83451764640942,
        86.58566298785337,
        172.177285600946,
        118.47257021467738,
        122.88862103483143,
        37.34347692055392,
        298.4271945698736,
        244.95003521664066,
        241.81576077748946,
        185.41876771212205,
        444.02234465105033,
        367.7715996532226,
        344.1463434429007,
        314.13668813220596,
        543.3746293444606,
        500.1724069450013,
        463.0150912452195,
        418.7826003734222,
        590.2110303592846,
        520.8692695539146,
        481.6838128766803,
        464.5550794829008,
        593.2213886523348,
        525.2899334922646,
        501.0436199984736,
        477.47469458259394,
        192.16779294039307,
        95.23795104340213,
        77.63737856318777,
        73.54927410717937,
        80.13266780354344,
        337.4837445647153,
        280.013549813812,
        239.63323121417363,
        206.7736663148452,
        167.07723605750513,
        111.51749843692362,
        71.41880014277825,
        72.95520390199206,
        63.64328903229474,
        116.30987464852744,
        85.56141514499296,
        88.90719378709268,
        75.63487061863772,
        80.86622483554444,
        82.45313175104917,
        53.23586309237845,
        47.1055321645282,
        108.96637549207405,
        74.5669035286722,
        55.121080709039994,
        49.88657172733454,
        298.91417810116394,
        206.96020806863467,
        181.844842680496,
        173.49986723607938,
        210.32493707049466,
        220.53874231979884,
        173.9181519901499,
        180.19770379832391,
        344.99555104882046,
        380.20448152654103,
        372.6018296102737,
        451.5752744383279,
        480.97095817506016,
        373.7374214201766,
        463.50093752969104,
        321.32771887865135,
        329.8964944475802,
        270.90436228855623,
        240.32457047758905
    ],