{
    "R2_score": 0.6931350355973819,
    "MAE_score": 55.89308215316902,
    "RMSE_score": 81.12414702506035,
    "y_predict": [
        341.7083976266561,
        148.21787644672185,
        197.24585334240086,
        214.37125705659932,
        282.1633548998568,
        143.0967118481263,
        207.34753638799398,
        200.73325117866247,
        300.94649526748157,
        299.6349813057306,
        575.7076686668273,
        179.30738601703197,
        256.14213093448734,
        132.58405246716768,
        335.96486723228196,
        404.7793837551961,
        210.81671737412196,
        128.86568471676108,
        416.09617008252894,
        61.77454776638546,
        117.9941280439637,
        225.34281416052644,
        104.27801620434138,
        338.19333108037245,
        91.1923733104823,
        207.34753638799398,
        72.21218720783658,
        421.4200598244582,
        421.45579982944497,
        71.6141315245587,
        348.1034257798074,
        421.44558839944875,
        258.4911147271991,
        92.33555238017276,
        262.3714511110708
    ],
    "y_true": [
        140.0,
        149.0,
        310.4,
        118.4,
        333.94,
        82.5,
        240.6,
        198.0,
        354.8,
        377.13,
        565.3,
        260.4,
        131.0,
        25.0,
        325.0,
        455.0,
        287.4,
        94.6,
        423.0,
        11.6,
        118.4,
        211.8,
        58.1,
        391.6,
        59.7,
        221.9,
        66.5,
        145.9,
        548.0,
        64.8,
        352.5,
        355.6,
        235.0,
        93.4,
        305.0
    ],
    "features": [
        "CC_Electrical_Conductivity",
        "CC_Thermal_Conductivity",
        "Current_Density",
        "E_Anion_Radius",
        "E_Ionic_Conductivity",
        "Is_Binder",
        "M_Density",
        "Morphology_Encoded",
        "Potential_Window",
        "Synthesis_Method"
    ]
}