{
    "R2_score": 0.8754518196443701,
    "MAE_score": 87.52182537970667,
    "RMSE_score": 119.19744593655068,
    "y_predict": [
        291.3671124510317,
        386.33405988134854,
        92.59409622308272,
        111.39886108398782,
        202.89339974959083,
        206.845713244145,
        738.8155238188119,
        149.14684104254505,
        119.53035617542025,
        278.1565929725268,
        297.1655317324032,
        85.72806108445555,
        98.3748159375056,
        410.04931855861014,
        171.44887422807724,
        738.8155238188119,
        158.13515669003573,
        416.7273453105381,
        147.17169046737024,
        314.16117807575193,
        56.07076073233758,
        416.4736635296968,
        328.42480759853305,
        1165.8191901166877,
        445.7945411071076,
        316.66411612621573,
        458.1591930043603,
        378.1239458491047,
        247.5148192198719,
        136.71159738512446,
        -1.1184278671609984,
        97.12932821452421,
        72.95976438286387,
        468.30438446219404,
        93.82365508525099,
        1233.1021775086322,
        410.04931855861014
    ],
    "y_true": [
        399.7,
        352.5,
        60.3,
        62.2,
        115.0,
        198.0,
        548.0,
        94.6,
        97.9,
        188.8,
        215.28,
        22.1,
        87.23,
        276.0,
        220.0,
        1074.5,
        6.0,
        193.6,
        67.6,
        232.0,
        11.6,
        419.13,
        201.8,
        1340.0,
        455.0,
        333.94,
        750.1,
        528.8,
        216.0,
        109.9,
        98.3,
        88.0,
        82.5,
        422.0,
        92.9,
        1440.0,
        308.0
    ],
    "features": [
        "CC_Thermal_Conductivity",
        "Current_Collector",
        "Current_Density",
        "E_Bare_Anion_Radius",
        "E_Cation_Radius",
        "Is_Binder",
        "M_Density",
        "Morphology_Encoded",
        "Potential_Window",
        "Synthesis_Method"
    ]
}