{
    "R2_score": [
        -3.22582612930069,
        -1.1727229784302788,
        -118243.61869408714,
        -0.6837963742213766,
        -49.59801601891319,
        -122.76688610578394,
        -204.74850771103286,
        -729.6950176252175,
        -489492.0308617591,
        -119.94861783907453
    ],
    "MAE_score": [
        227.96188589313851,
        109.23551735294386,
        24156.565851212898,
        414.5809239664603,
        625.975501781646,
        1291.7883815605978,
        1080.2028978533676,
        2198.573393659847,
        49100.01382847463,
        799.5775536006481
    ],
    "RMSE_score": [
        415.383615934156,
        122.11663021028917,
        45339.79051221397,
        648.9267597079106,
        1413.2044605664687,
        2849.254397280172,
        1425.613402408512,
        3615.9819103259656,
        122588.55841017496,
        1606.8338785194696
    ],
    "y_predict": [
        543.2365580100296,
        1408.7173932251471,
        2948.9830244424,
        4814.4661915967945,
        4.781809449195862,
        3.436685562133789,
        1.9995554685592651,
        1.1859255372546613,
        377.0915855478389,
        272.46412674780356,
        242.57204409045895,
        171.48801143452897,
        517.7019935719302,
        1019.2865249008871,
        1478.477246012878,
        2260.3745615241946,
        615.8373866603862,
        555.6341300728026,
        495.8820453488324,
        203.944863745251,
        691.1876220702989,
        624.5891113281114,
        558.3952636718614,
        233.42712402342383,
        778.7595473384972,
        708.9868419935749,
        639.8901620389781,
        304.5537349177437,
        2.3568992339145036,
        0.09497222450793617,
        0.07151605610215372,
        9.075080755089099,
        -3515.48113489151,
        -3676.6380314826965,
        -2509.805021762848,
        1079.5442146398127,
        -366.82158107983906,
        453.0000087034764,
        2672.6850019647827,
        5985.350235391314,
        -55.16320193479014,
        292.0000219395062,
        1075.8313590416965,
        2296.39259852822,
        388.226083739429,
        1045.0658353189265,
        2149.3937564451276,
        768.1732291301182,
        52602.92450619036,
        196293.991403967,
        340380.9848058594,
        378741.1872206629,
        296.8999969959259,
        221.90000677108765,
        164.69999885559082,
        115.7000008225441,
        585.6942534324113,
        54.44075461383361,
        -656.7204637506968,
        -1253.2365933903668,
        11800.251094429945,
        5268.622553972559,
        1442.1346965330913,
        256.98447669716836,
        -39.483244883847874,
        -143.72968429862834,
        -235.4308481196809,
        -269.08445642482997,
        5.082955304341179e-14,
        1.2165204786560988e-13,
        1.911326002797801e-13,
        2.226068556782073e-13,
        127.93289816379547,
        536.8212513625622,
        187.7234234867501,
        0.23600949831932938,
        312.4999942543356,
        240.6000146967558,
        148.9999985026037,
        88.00001171730115,
        7.477150929682073,
        7.502814437444709,
        7.537433843605205,
        7.480375258965769,
        -421.9137551762329,
        -154.33464411423543,
        121.79517719458198,
        428.1003546975069,
        2009.1510603674585,
        4438.377633262057,
        7150.096106768507,
        9764.52395536358,
        2314.666473388672,
        8609.773078918457,
        28462.114288330078,
        45244.08162689209,
        355.5999893167211,
        314.99996622403233,
        310.40001172468794,
        275.2000148445706,
        255.59999275157554,
        215.2800102226574,
        188.8000087723742,
        153.92999553301448,
        142.83401105687952,
        118.90006377803455,
        93.39982887597404,
        64.79993787958223,
        2.1436399952350946,
        2.1818595035596684,
        2.7700957372251263,
        -0.5869399511600203,
        159.22938934182469,
        320.68946607980354,
        564.8055281138478,
        415.7943044670404,
        138.80670070421525,
        -49.07726432475726,
        -395.43207778763775,
        -363.1184406920097,
        -354.6447507944072,
        -2473.1766106294394,
        -1447.852197228136,
        1291.4970597769093,
        -23937.79022216797,
        -81812.66416168213,
        -126094.3239364624,
        -93082.35502433777,
        565.3000364844108,
        495.3500208579213,
        457.6000313971724,
        408.35003108218723,
        636.000057220459,
        530.725040435791,
        486.4999408721924,
        488.1500358581543,
        635.9999659338918,
        552.3748653955689,
        507.3998481473032,
        501.7999782552362,
        954.375188018854,
        3519.2611480069295,
        5997.933371776528,
        6854.800219979454,
        137.2210858464241,
        404.9999694824219,
        20.86673229437736,
        20.020061062821163,
        19.363217349251446,
        20.54568007765861,
        118.4000119244361,
        93.4999923657053,
        79.54404703421817,
        65.89999862288599,
        30.721628189086914,
        50.90748882293701,
        66.35841941833496,
        66.8097620010376,
        103.05523974592714,
        108.79601992430715,
        117.6641107709668,
        103.2933726627936,
        -333.9949989044796,
        -1447.0239391567507,
        -2479.0658515196365,
        -2740.772116383378,
        752.8479091763063,
        1635.1641106382472,
        2839.405696124153,
        2754.2736604396505,
        211.80003629181502,
        202.49997751417374,
        194.99999234838285,
        221.03856511427196,
        382.1393661683595,
        391.59998451581436,
        391.599995483069,
        32.326229517750676,
        27.096224686574956,
        13.37095393060618,
        4.115914465532399,
        -104.89945022380893,
        -576.1208024097444,
        -1153.1575935045857,
        130.84600153067288
    ],