{
    "R2_score": [
        -5.88741218633887,
        -2.894898680008497,
        -0.09296890917697898,
        -1012.4748688123636,
        -86.92292168005997,
        -12.50786357771,
        -3.226756842920307,
        -0.9776019588993294,
        -0.6496963347660369,
        -3.9092027592675436
    ],
    "MAE_score": [
        196.86000287496958,
        295.06880020064665,
        121.11594182700794,
        2716.7575779396084,
        545.8191807476917,
        143.15422793795204,
        192.2192707067684,
        200.87667119728025,
        178.36190171954127,
        175.65142391781671
    ],
    "RMSE_score": [
        400.51937712430725,
        405.3025538172618,
        161.2345232359448,
        7215.938999878319,
        1119.8414919759025,
        235.74423361595194,
        255.68334182562967,
        253.57034199179992,
        255.38494648633892,
        191.9367546280428
    ],
    "y_predict": [
        341.4431267822711,
        255.02883166243285,
        238.86519473443613,
        259.42806706259194,
        43.85685075586662,
        42.93250066367909,
        41.1073648550082,
        26.83802165764621,
        338.52540002628797,
        279.0866224646905,
        272.97319774964245,
        216.2231212749035,
        205.64429929302494,
        210.53033893176934,
        208.77628196747813,
        215.84656882817322,
        164.95546862483025,
        164.8418975919485,
        164.72832940891385,
        164.16051680594683,
        -32.06439773741794,
        -71.19916559965635,
        -14.368161567673926,
        278.50994361104813,
        112.47007751464844,
        120.70177459716797,
        193.8536834716797,
        1090.042194366455,
        308.699462890625,
        292.0,
        276.4367370605469,
        341.1736602783203,
        93.34285688400269,
        100.36117649078369,
        378.37920904159546,
        409.66332467645407,
        -6806.669509748195,
        761.4874188317334,
        14718.659052924035,
        27744.145749694035,
        296.89999735766406,
        221.90000409640726,
        164.69999847108244,
        115.70000050924553,
        441.6694755554199,
        328.21264266967773,
        296.06042098999023,
        276.2663040161133,
        1131.8275073910927,
        552.9159798331325,
        137.33507331649298,
        20.88313152748097,
        0.4353547690225241,
        0.3969283111873665,
        0.3531802244742721,
        0.3313572831284546,
        0.5415045378345257,
        0.44877367755991615,
        0.34150390737813474,
        0.22312631625200532,
        20.230196354051117,
        46.83279354577624,
        27.09803032778608,
        0.08023369581732406,
        312.5000000626553,
        240.60000168033952,
        149.00000061441705,
        88.00000040223928,
        31.603062991052866,
        30.146564036607742,
        28.44541497528553,
        26.691097093746066,
        -56.78071779967518,
        -51.70530374207115,
        -37.74727085121199,
        -6.571081810562239,
        263.9044891373631,
        32.53273392450801,
        -243.0550239666178,
        -541.0694119204015,
        -261.2454941623434,
        -412.93715494974117,
        205.2940206248375,
        2224.050101789233,
        355.59999500215054,
        315.000009059906,
        310.3999967724085,
        275.2000009045005,
        255.5999927520752,
        215.28000831604004,
        188.80000114440918,
        153.92999935150146,
        139.08296866425437,
        118.90002921708083,
        93.39992055689828,
        64.79996900532525,
        4.786343106874028,
        4.65467683252968,
        4.44003080194777,
        3.144973586069339,
        78.40931654144909,
        73.96033955480466,
        102.12746647885602,
        149.72498597775922,
        272.1516327214873,
        181.25030909582605,
        -522.7766874795085,
        -76.22905474703848,
        121.44546649717262,
        134.4549723811842,
        526.6488830089276,
        277.8318736341305,
        627.1998750655846,
        -1363.2693218874942,
        -3312.3162664618653,
        -2467.3585183872206,
        565.2999902572099,
        473.6999931626493,
        436.70000014772535,
        394.6999979436031,
        565.2999902572099,
        473.6999931626493,
        436.70000014772535,
        394.6999979436031,
        635.9998511031727,
        552.3748624255202,
        507.39990572850786,
        501.79996304293746,
        -52.375345469304634,
        33.769697187776,
        177.88734054292962,
        263.43980454977094,
        127.71843089163303,
        120.7017593383789,
        20.807619635729992,
        20.001463329147736,
        19.478136305922064,
        20.97750345530571,
        118.40000753385014,
        93.49999777778882,
        97.567630553382,
        65.90000115739015,
        34.19528102874756,
        26.24373483657837,
        35.59114456176758,
        30.962502598762512,
        88.85513550628976,
        76.74042188759054,
        68.21174096069461,
        60.993761985489634,
        112.82196173280717,
        -232.78537614821735,
        -621.046841018805,
        -722.3427317763536,
        620.5762799688059,
        91.19987080745952,
        -336.8238118887533,
        34.657750773087024,
        268.1756782627017,
        162.06716193758479,
        -57.00716950968392,
        -431.7887485660397,
        393.60139083862305,
        391.59999454956665,
        391.59999454956665,
        25.326034516479233,
        21.19195291062293,
        10.389285866346158,
        3.166671194053296,
        363.93709298701066,
        -103.98906037833974,
        -1362.8000725693094,
        441.37127500758356
    ],