{
    "R2_score": [
        -53.18715247917638,
        -0.18759314569273844,
        -48.81937473222143,
        -0.11088539632307604,
        0.4761131264039006,
        -128.3395682659789,
        -3.5291909261497896,
        -3.964434668529883,
        -7.0820607339506925,
        0.299793404816464
    ],
    "MAE_score": [
        392.5560108542782,
        95.51242225286293,
        338.4430962509322,
        93.01861796012038,
        80.4072629008223,
        592.6589280974702,
        157.6604468301041,
        183.56132185535503,
        219.64308107677553,
        98.20032245879666
    ],
    "RMSE_score": [
        1020.0940928745549,
        161.74933135868037,
        1132.9088804933176,
        157.79462489578657,
        103.8933790315464,
        2227.000552372455,
        265.9530693445443,
        411.13842005068545,
        545.8533292613735,
        172.58172829353012
    ],
    "y_predict": [
        312.1031503677368,
        191.20698070526123,
        79.68133052806141,
        115.56429481506348,
        331.2150809764862,
        351.8083822373301,
        306.845516115427,
        28.438915921301486,
        491.05857849121094,
        402.64497873784205,
        297.19281005859375,
        -124.66845703125,
        239.1669141932295,
        226.11817932128906,
        208.23882579803467,
        217.7662832743826,
        497.3640683951244,
        458.69122314453125,
        497.03591055681835,
        496.2150835226903,
        661.7347731590271,
        494.5139065757394,
        368.2037253379822,
        -16.041121304035187,
        413.5801122254543,
        452.9999885559082,
        342.5120730126602,
        405.1313991546631,
        274.568115234375,
        291.9999445249506,
        99.37598928207301,
        1214.3753307835475,
        215.75233459472656,
        250.6886749267578,
        120.88864517211914,
        262.6826447173953,
        5095.7915038933115,
        -2045.242691040039,
        4185.233455117639,
        -9171.255317687988,
        243.47489166259766,
        221.90002155536652,
        164.70002713650942,
        115.69998794794083,
        239.51593589782715,
        178.9167517720028,
        219.80966567993164,
        188.5509810447693,
        1412.906228557229,
        411.35619992017746,
        257.9459972884506,
        237.97857268542307,
        136.47508031502366,
        126.76283978129504,
        88.71986146485142,
        65.00891393205603,
        107.16924767879232,
        86.45555934843397,
        66.42772842766212,
        28.95317845000028,
        168.88091616744413,
        69.67350187897682,
        6.591400034725666,
        0.35050144313325393,
        243.47489166259766,
        240.60005815882116,
        149.00010718067804,
        87.99998253583908,
        139.9257447003043,
        205.86752834636718,
        -22.517346024513245,
        238.72415558993816,
        854.2360639572144,
        563.0071041584015,
        463.7725430727005,
        17.003544688224792,
        490.5230255126953,
        223.8919219970703,
        156.19046739011029,
        -21.910606384277344,
        758.7950706481934,
        61.88126754760742,
        731.4845932814552,
        -1373.7764892578125,
        355.5999755859375,
        314.9998121931668,
        310.39996337890625,
        275.20001220703125,
        255.5999755859375,
        215.2799072265625,
        188.80005666539492,
        153.92999267578125,
        138.65742874145508,
        118.90002131904417,
        93.3999891281128,
        64.7999849319458,
        159.39763541519642,
        150.87165299978702,
        83.48179674893618,
        120.58694772049785,
        83.77375984191895,
        142.02674441678366,
        115.7858076095581,
        107.5199646949768,
        186.01663398742676,
        58.5325870513916,
        -124.4773759841919,
        84.31244000047445,
        402.21403583158576,
        440.3509178161621,
        420.2393054962158,
        220.65972231408563,
        -107.89031219482422,
        30.756334445768772,
        -114.68883698170517,
        712.0580639347394,
        565.3001708984375,
        495.3497314453125,
        457.60009765625,
        408.3501390861982,
        636.0000305175781,
        530.72509765625,
        486.5,
        488.150146484375,
        636.0000078262622,
        552.3746337890625,
        507.4000229811196,
        501.7997741699219,
        151.4771032333374,
        39.33954882621765,
        94.37137842178345,
        15.474853605031967,
        124.64459982514381,
        404.9999656677246,
        147.4282431602478,
        196.20271825790405,
        36.03336921893484,
        55.72170895352783,
        118.40003204345703,
        93.49997203595599,
        100.0046648979187,
        65.89999364623537,
        98.88449573516846,
        50.63435414048215,
        71.32033348083496,
        42.88460350036621,
        69.68397563818111,
        52.80294175305118,
        40.886430740356445,
        60.28432846069336,
        -50.58019490735954,
        66.2721939086914,
        -8.978652954101562,
        -17.45573334039467,
        -53.37018061345416,
        -81.89846611022949,
        -359.55919075012207,
        124.59967594581074,
        254.53676080703735,
        123.88271903991699,
        155.11582565307617,
        -66.36095809936523,
        406.9778165795601,
        349.80009511113167,
        333.79981274054677,
        466.10053138187504,
        572.0647783655347,
        349.50843978652665,
        240.73385376967053,
        620.4999287325678,
        -22.002910494804382,
        -500.7261505126953,
        853.4124090671539
    ],