{
    "R2_score": [
        -5137.924939406823,
        -292.34014679072595,
        -3.5663218623884365,
        -0.6772633279185134,
        -52.307761980702836,
        -23.063782331732817,
        -3034.896063893122,
        -3.008382170748324,
        -48351.61324627925,
        -148.54739034025437
    ],
    "MAE_score": [
        4126.6891130034355,
        2560.1877215103254,
        255.63408569258738,
        151.4370545863098,
        742.618335020701,
        432.5171256954567,
        3102.0245418936556,
        251.27834242224986,
        13002.737021221463,
        1082.5282121646405
    ],
    "RMSE_score": [
        17329.034624339307,
        6704.239014586795,
        561.1119866673324,
        241.63635338225123,
        2360.580510420212,
        928.4218737487743,
        6875.095036113482,
        395.3807836127661,
        37511.3637608922,
        2504.7895214441473
    ],
    "y_predict": [
        575.4396077030528,
        86.91778234336103,
        145.91653740076433,
        -121.21487334727479,
        312.1733134497727,
        351.2728763110472,
        287.3531662825404,
        6.0232212296106615,
        617.5025715387184,
        383.10928263338985,
        430.4875159368441,
        -66.1061191387477,
        144.8817519424999,
        240.98632877788845,
        194.9233998687196,
        287.0755491615155,
        656.3555552371596,
        625.1779546448146,
        566.0703224732691,
        197.63428447059013,
        652.2884300925152,
        644.1007475753927,
        615.5771538994695,
        205.84258553088407,
        656.3555552371596,
        644.972332585493,
        615.5771538994695,
        332.8672252523072,
        1288.5977339454475,
        1400.0297396706303,
        1130.009146297981,
        876.9677933799844,
        894.6323548935088,
        118.92477276827971,
        736.0023397825084,
        -632.3181170072007,
        444.1230421315292,
        452.99998392938664,
        258.22774280436954,
        -55.49357008138165,
        328.40466996751456,
        292.00002759073686,
        223.39356320884846,
        1563.8016809026435,
        -266.59554429005703,
        390.25599209974405,
        2222.3050310694516,
        168.05244117948922,
        -119173.18543493649,
        -22492.231028214428,
        104847.77208814061,
        -75522.1295745005,
        296.89989361637964,
        221.89996075555808,
        164.70001509926104,
        115.70003929924557,
        189.7445809049627,
        215.99994775461806,
        162.00008542574312,
        112.00002591650846,
        5981.575785332931,
        -717.8490290685506,
        -680.0820572986714,
        1086.3521770088128,
        129.0501657694838,
        108.46711990976043,
        70.72118079357321,
        83.10287140987168,
        71.11084382911,
        72.71657447565546,
        67.95313387514689,
        29.53974940256256,
        -85.04790893197422,
        596.3363617370766,
        95.00172136605904,
        0.05050519798559995,
        312.4999741125654,
        240.59990885562854,
        148.99995999315672,
        87.99997771950687,
        138.8717127732106,
        206.87920959614152,
        -23.037189901502085,
        238.19350181682938,
        603.8291316549663,
        552.2506847685844,
        574.0749121721177,
        53.456458679099526,
        409.38844696941635,
        -208.2160953204382,
        218.80531614043917,
        981.9423315314802,
        2718.6616613134847,
        -503.86071580151946,
        3852.9277496879613,
        -9958.486409930492,
        355.5996982406377,
        314.99964485168186,
        310.40000682397357,
        -7052.471643381053,
        255.60008293175295,
        215.27985209328696,
        188.80000358700033,
        -7052.471643381053,
        159.8493332427645,
        118.89999681263772,
        91.99473723936502,
        64.79999549387685,
        159.81830045273284,
        151.00354152872973,
        82.1885834063345,
        122.836707389345,
        112.34489525475885,
        42.982013124022394,
        172.1747421084189,
        241.3110730823543,
        634.9670629392423,
        -217.2141566498012,
        -1219.6067281654896,
        -204.99692268402066,
        -795.743917853831,
        -675.2575155124246,
        435.4344433140972,
        1779.4083303584432,
        22923.13633901866,
        -3463.3010933766955,
        -17467.761822953304,
        16813.139301095707,
        565.3001943037183,
        495.3498447467285,
        457.60008276395234,
        408.35007634124173,
        635.9997335744648,
        530.7253375682818,
        486.5002327687057,
        488.1499541658293,
        635.999951040779,
        552.3748623559446,
        507.39980470277266,
        501.7998007916129,
        -452.15350038679645,
        -80.80940106031906,
        475.95050995355894,
        -219.0236278760043,
        226.4947164875748,
        405.0000153735135,
        141.8176588544432,
        198.94878391440864,
        27.54561190271312,
        43.68297689527633,
        118.40001272787646,
        91.99473723936502,
        64.19701923403187,
        65.90000939230626,
        83.14099844369892,
        41.34673601775182,
        63.69148162787394,
        -71.36747214924955,
        54.00361248022761,
        37.41521584512196,
        115.27620385327351,
        102.09154844560295,
        284.7758058807362,
        67.78563837744198,
        -204.22289532444483,
        1756.5263689713927,
        7237.407822273928,
        -1010.0684556273744,
        502.9123765613061,
        -7836.384047720768,
        -74.9703365841685,
        202.50006124754452,
        -76.95464112202947,
        674.6552687026292,
        324.66689193346986,
        349.7999665616055,
        333.80004460011577,
        467.3286956731067,
        572.1500995048527,
        357.8227987385382,
        242.31298943256857,
        254.75946657955478,
        -356.63762919156034,
        -264.606069548523,
        388.9432819251057
    ],