{
    "R2_score": -2217.176546315935,
    "MAE_score": 2652.6827622014457,
    "RMSE_score": 13258.807150057364,
    "y_predict": [
        238.40599060058594,
        635.9998931884766,
        -10005.448913574219,
        194.99996948242188,
        65.89999008178711,
        643.7919921875,
        364.65771484375,
        -139.3174285888672,
        231.8333598971367,
        552.374755859375,
        242.71044921875,
        452.99997329711914,
        117.97426891326904,
        45.989466309547424,
        153.446515083313,
        -79939.90936279297,
        -117.43710803985596,
        1515.6620516479015,
        383.412353515625,
        69.32924938201904,
        398.868896484375,
        354.3045212328434,
        188.9258689880371,
        -0.03259487752887935,
        310.39990234375,
        2081.2111434936523,
        -253.38489866256714,
        -150.06291210651398,
        93.49999809265137,
        248.870720744133,
        -624.3382263183594,
        294.22508239746094,
        175.11532592773438,
        -295.91746896505356,
        527.04736328125,
        152.34783506393433,
        -891.2862701416016
    ],
    "y_true": [
        232.0,
        565.3,
        310.0,
        112.0,
        64.8,
        1074.5,
        455.0,
        326.9,
        227.0,
        473.7,
        340.3,
        405.0,
        100.63,
        98.5,
        163.9,
        6.0,
        45.4,
        1440.0,
        434.0,
        66.5,
        140.0,
        334.0,
        41.8,
        98.3,
        188.8,
        235.0,
        58.1,
        67.6,
        93.4,
        104.2,
        294.1,
        100.0,
        329.0,
        27.2,
        413.6,
        109.9,
        334.9
    ],
    "features": [
        "CC_Thermal_Conductivity",
        "Current_Collector",
        "Current_Density",
        "E_Bare_Anion_Radius",
        "E_Cation_Radius",
        "Is_Binder",
        "M_Density",
        "Morphology_Encoded",
        "Potential_Window",
        "Synthesis_Method"
    ]
}