{
    "R2_score": -3.988691286354431,
    "MAE_score": 154.4875156672468,
    "RMSE_score": 402.6616516205087,
    "y_predict": [
        565.3004150390625,
        74.39096069335938,
        78.09960031951778,
        274.64436531066895,
        453.5127874992322,
        108.26643228530884,
        14.2266845703125,
        444.0208549499512,
        121.25074124336243,
        65.1344165802002,
        227.4665927886963,
        14.2266845703125,
        253.01900386810303,
        229.25267258517306,
        435.61580753326416,
        290.9301986694336,
        14.2266845703125,
        71.00891917943954,
        62.97384798806161,
        -2130.7244033813477,
        354.2706394998521,
        -30.294378995895386,
        66.72750349696773,
        65.89999896287918,
        347.65423165261745,
        552.3750610351562,
        35.53033480094746,
        -27.967684268951416,
        36.631904990412295,
        0.1309503612191117,
        152.13080978393555,
        420.5683434009552,
        166.0237808227539,
        71.08193910121918,
        31.675618243403733
    ],
    "y_true": [
        706.7,
        100.0,
        101.7,
        396.0,
        512.3,
        162.0,
        581.6,
        455.0,
        112.0,
        97.9,
        326.9,
        422.0,
        232.0,
        297.8,
        355.6,
        377.13,
        394.7,
        73.8,
        59.7,
        65.0,
        381.4,
        31.9,
        62.32,
        64.8,
        368.7,
        473.7,
        82.5,
        11.6,
        287.4,
        98.3,
        352.5,
        423.0,
        131.0,
        60.3,
        170.0
    ],
    "features": [
        "Binder_Type",
        "CC_Electrical_Conductivity",
        "Current_Density",
        "E_Anion_Radius",
        "E_Ionic_Conductivity",
        "Is_Binder",
        "M_Density",
        "Morphology_Encoded",
        "Potential_Window",
        "Synthesis_Method"
    ]
}