{
    "R2_score": [
        0.5544987936832719,
        0.6248841280487515,
        0.2893280633487074,
        0.8119724901305598,
        0.35795029587645,
        0.7776222180471939,
        -0.2568491218489668,
        0.16415702150228617,
        0.6912094668016223,
        0.23106702171523508
    ],
    "MAE_score": [
        93.94145608108121,
        90.84127709096427,
        96.78872613231249,
        84.00446395776,
        78.38760356038533,
        26.7037943925234,
        118.44749973197736,
        132.32833352324963,
        87.02297610883959,
        66.12427583856356
    ],
    "RMSE_score": [
        101.86381490428131,
        125.78069154581323,
        130.01357993289102,
        98.28722159896226,
        95.69512724213915,
        30.247775617823365,
        139.42491062764242,
        164.850915688436,
        110.49058637914588,
        75.9620901527373
    ],
    "y_predict": [
        201.44108431077686,
        198.99549787552658,
        166.02588715231505,
        141.47990685065398,
        266.8642290439243,
        201.78181207837406,
        174.38124080594002,
        173.45511891419946,
        331.3867066740145,
        309.0370674417914,
        231.72247300164017,
        203.7785597192509,
        283.9184112149534,
        260.13990654205617,
        245.75074766355152,
        240.7790654205609,
        238.31509605547714,
        238.31509605547714,
        238.31509605547714,
        238.31509605547714,
        544.7621955128222,
        544.5271901709419,
        500.3620245726516,
        417.77074252136873,
        286.7892290988066,
        212.9278711028384,
        230.0414006514658,
        231.06482084690552,
        353.0604098210734,
        346.48087406881405,
        327.8142427413798,
        324.3414869888459,
        181.7486209191436,
        137.2138061784759,
        129.0563939578562,
        129.2609212225879,
        229.08063820018305,
        178.31351928374593,
        170.83511248852128,
        170.35567722681336,
        296.90000000000055,
        221.9000000000003,
        164.70000000000033,
        115.70000000000017,
        272.42934853420206,
        235.74387079261686,
        208.3967915309446,
        193.3354994571118,
        330.7181975630975,
        284.28975761531785,
        284.28975761531785,
        284.28975761531785,
        218.50717257371042,
        147.6646442513005,
        125.40916246130968,
        123.48728559235633,
        209.1370727854884,
        156.0144979533985,
        138.22238751715875,
        130.32238453994262,
        224.15742565643697,
        129.78483671127134,
        129.3645110176646,
        129.3645110176646,
        256.2739494618308,
        246.3481216261328,
        165.63765983440967,
        160.6985126072904,
        316.8338843648203,
        290.473384907709,
        274.95454940282286,
        260.08363735070577,
        464.1607158119635,
        426.97350427350386,
        427.4217948717946,
        415.03899572649567,
        337.4667183948583,
        297.63071805633246,
        291.38758321033396,
        291.9881143779517,
        242.41271120293982,
        206.47750918273672,
        183.54925619834768,
        158.75468549127694,
        342.6542968339253,
        309.8956893777822,
        300.2761996137275,
        272.53293494163086,
        253.8534609120538,
        234.46154451682958,
        206.5388144679708,
        173.59969055374475,
        208.84070512820367,
        112.97318376068263,
        97.56645299145217,
        69.83132478632587,
        206.7148750805742,
        198.39592741461587,
        172.07340353597064,
        164.35524028707644,
        222.96280405405432,
        191.87935810810822,
        168.08695945945937,
        157.47334459459455,
        191.14485981308408,
        110.28037383177566,
        105.0551401869159,
        100.19626168224299,
        250.4053040540541,
        197.01594594594573,
        162.65418918918908,
        160.21283783783775,
        336.94131685018345,
        265.11296206390347,
        252.9128851408276,
        249.95785347617155,
        533.6714485766727,
        438.0940541781433,
        433.356574839301,
        414.3153259871422,
        533.6714485766727,
        438.0940541781433,
        433.356574839301,
        414.3153259871422,
        636.0,
        552.375,
        507.4000000000002,
        501.8000000000013,
        297.62966216216216,
        175.71033783783787,
        151.90310810810817,
        137.10702702702707,
        214.59053585684904,
        212.9278711028384,
        346.97710459143804,
        309.8275747103827,
        277.4114235818002,
        239.4247990799451,
        115.89339824163343,
        72.81311561905572,
        66.29382681498491,
        66.02073917929809,
        110.54742391498678,
        79.91531734165865,
        77.90859048090218,
        77.85102469142849,
        110.25650596877823,
        87.9365472910928,
        72.57753213957727,
        70.71399219467364,
        228.99683845360582,
        188.1166508338566,
        180.13363892169687,
        177.33888520235655,
        295.3937383177573,
        152.6654205607476,
        130.2322429906542,
        125.94953271028042,
        182.72616822429893,
        125.65168224299063,
        124.91336448598136,
        123.1655140186916,
        360.66407278433775,
        379.744123931619,
        379.744123931619,
        439.0233678617679,
        430.01937815693987,
        425.9732049340274,
        429.2516342312532,
        314.07128378378354,
        259.65898648648624,
        227.638141891892,
        225.91179054054064
    ],