{
    "R2_score": [
        0.7636968678157569,
        0.960265897024858,
        0.9443989744836213,
        0.7115260417720017,
        0.9159550187319379,
        0.7990297746487263,
        0.6476367100070486,
        0.8467966837088353,
        0.7434679027613569,
        0.9111407506598743
    ],
    "MAE_score": [
        75.89271016269666,
        48.46445873762633,
        46.89285115135164,
        76.2837643304909,
        69.10133131870543,
        58.478154076350116,
        47.03220681317373,
        60.70303324082701,
        61.74837991021301,
        47.222436086528774
    ],
    "RMSE_score": [
        117.50949812317779,
        78.02709587912486,
        61.91668371584041,
        100.21089803592824,
        93.73018723094779,
        84.84559086144776,
        74.06799430635694,
        77.29743452786494,
        86.40198778529106,
        61.05667337671662
    ],
    "y_predict": [
        168.17086808236806,
        277.79881212121234,
        119.00667994966787,
        173.9496538075721,
        280.2832404240974,
        278.75364607759036,
        264.412829808661,
        268.63347712418295,
        428.5014379084974,
        440.5204748603345,
        391.691015251195,
        353.33306646525676,
        225.4473639214619,
        230.40970588235288,
        214.27356194690262,
        216.9435548703894,
        931.0,
        541.6298386243395,
        384.6000000000028,
        243.1000000000014,
        811.25,
        581.3499999999917,
        545.4688254142594,
        281.1659349558285,
        931.0,
        588.25,
        545.4688254142594,
        391.0172774355551,
        1326.6666666666683,
        1503.1181564245812,
        1196.9632681564244,
        1337.5186147186146,
        392.93240981798,
        422.59086404673343,
        479.7664575163418,
        368.0043165467624,
        389.118298086606,
        453.0,
        403.42141224786513,
        343.53569710154954,
        375.96229407979297,
        300.361879370389,
        352.057633892886,
        323.46349884935427,
        182.9777631917633,
        174.70424803014734,
        164.35229072958052,
        195.79578500881814,
        172.8224242424246,
        120.8580775358472,
        66.76419393939395,
        45.664628297362114,
        296.89999999999753,
        260.6318610051655,
        164.74209090908937,
        115.84321229050124,
        276.97905027932836,
        216.0,
        161.99531313131314,
        123.58800653594774,
        509.1575418994349,
        446.0121203703667,
        446.4563692688966,
        372.7000000000058,
        128.59851866151882,
        115.1521927374297,
        67.85675977653585,
        93.17116625438123,
        130.95424460431673,
        84.5550119904073,
        75.20483268983277,
        62.09210176991133,
        173.78909803921533,
        102.91795745559695,
        104.16084070796408,
        100.94064245810056,
        305.9022122508323,
        279.99692279364433,
        170.3179036589459,
        141.81749302148353,
        153.6567620817845,
        179.52010999140091,
        36.79285371702664,
        122.11614379084887,
        472.09182889490614,
        494.5993957703957,
        460.0200014189558,
        407.4022123893772,
        315.1920363636346,
        332.7045364145642,
        244.60266969476874,
        233.56334967320257,
        287.3741150442497,
        261.5272972713765,
        210.36869572671392,
        246.02335263835266,
        354.75307359307664,
        314.9849720223821,
        310.39999999999765,
        197.22323008849688,
        257.86617760617673,
        239.76027027027172,
        188.8000000000016,
        197.22323008849688,
        192.0699814471238,
        114.18309789343266,
        98.10387168141662,
        64.80000000000081,
        158.6473059032274,
        169.0088131313129,
        137.18426470588227,
        101.83635491606702,
        147.96702181419826,
        109.15868715083768,
        114.92226058600644,
        118.88080036445555,
        207.46836283185817,
        128.20893285371665,
        120.61901385615694,
        92.80516759776536,
        281.97349287552385,
        290.0859734513271,
        266.63963866110237,
        281.6231777010676,
        379.9157029795124,
        307.12844677524123,
        345.016713221598,
        296.8522651206708,
        555.4269109960148,
        495.3499999999943,
        457.6000000000036,
        414.6242984126993,
        628.0965830115831,
        529.6272429770845,
        488.7498590880798,
        488.1500000000027,
        636.0,
        545.5763481481479,
        511.0923420074324,
        498.9336996690587,
        177.0879024183219,
        85.53344916344912,
        77.87188018518623,
        78.42657014157008,
        226.33166047087934,
        365.2937630077209,
        203.5991387337075,
        169.53734580498943,
        149.6776258992798,
        118.88429203539822,
        121.42785138828782,
        98.10387168141662,
        65.86214193785639,
        70.36166666666713,
        98.695961021962,
        67.94562530062501,
        53.49793764988031,
        52.87757575757609,
        78.71063444108803,
        66.1577591905451,
        45.02715151515161,
        48.816333333333624,
        103.35279084967263,
        26.196067146282992,
        36.99932026143798,
        20.88715083798902,
        229.78825756771113,
        166.45117647058828,
        142.97915987508838,
        122.95090909090905,
        173.7798882681573,
        189.29394533409575,
        138.72914350529047,
        159.54660221174913,
        390.9173333333362,
        349.4484812150286,
        333.79999999999586,
        494.6566297415193,
        615.3865454545374,
        493.3139380531004,
        462.19227928835,
        325.02454545454646,
        298.81289228182015,
        295.8524810962575,
        290.5508849557522
    ],