{
    "R2_score": 0.8857802694746096,
    "MAE_score": 80.93405393416774,
    "RMSE_score": 114.14813546409026,
    "y_predict": [
        259.76687239246075,
        365.2556898288003,
        62.5958710976838,
        124.13291037260714,
        167.51491943605376,
        224.454009255263,
        792.3897686184245,
        134.17047163477758,
        141.357930513596,
        307.0617656931854,
        316.2718999664315,
        57.51235481705312,
        100.94964081906778,
        376.9002349781776,
        168.8196506497867,
        792.3897686184245,
        82.69307821416575,
        421.9179254783546,
        132.00345921450216,
        268.54198388720863,
        41.442607418596936,
        370.3895334004678,
        222.02874790198172,
        1122.5499999999993,
        427.5603088284654,
        303.89595405936575,
        445.826787512585,
        406.6130466839258,
        210.5498455857652,
        123.42761832829923,
        102.78614300100655,
        148.32406512252382,
        133.95515273581756,
        482.5403796815815,
        103.09478348439103,
        1252.3618831822755,
        376.9002349781776
    ],
    "y_true": [
        399.7,
        352.5,
        60.3,
        62.2,
        115.0,
        198.0,
        548.0,
        94.6,
        97.9,
        188.8,
        215.28,
        22.1,
        87.23,
        276.0,
        220.0,
        1074.5,
        6.0,
        193.6,
        67.6,
        232.0,
        11.6,
        419.13,
        201.8,
        1340.0,
        455.0,
        333.94,
        750.1,
        528.8,
        216.0,
        109.9,
        98.3,
        88.0,
        82.5,
        422.0,
        92.9,
        1440.0,
        308.0
    ],
    "features": [
        "CC_Thermal_Conductivity",
        "Current_Collector",
        "Current_Density",
        "E_Bare_Anion_Radius",
        "E_Cation_Radius",
        "Is_Binder",
        "M_Density",
        "Morphology_Encoded",
        "Potential_Window",
        "Synthesis_Method"
    ],
    "params": {
        "n_estimators": 993,
        "max_depth": 20,
        "min_samples_split": 2,
        "min_samples_leaf": 1,
        "max_features": "log2",
        "bootstrap": true
    }
}