{
    "R2_score": 0.6503823294614206,
    "MAE_score": 52.00548594487393,
    "RMSE_score": 86.59108421866512,
    "y_predict": [
        365.18019735366676,
        166.96046335750256,
        188.828740188385,
        154.98697478258651,
        282.62619156807,
        118.40199484189283,
        262.7478625314601,
        212.3287459071537,
        317.0106941969602,
        285.00653713463305,
        635.8965306122449,
        225.69921245421344,
        233.73013865386352,
        63.20134012072001,
        313.45728152799586,
        432.09306043956053,
        304.42192823502756,
        131.0916300366301,
        432.3128074306656,
        20.755668902526185,
        119.53017617303338,
        214.77353901870686,
        93.66106706785357,
        295.9790165582716,
        89.18118751090259,
        262.7478625314601,
        54.45386876728716,
        497.20000000000596,
        497.20000000000596,
        67.57788094558555,
        325.96758092247893,
        497.20000000000596,
        241.01002563479614,
        91.8127227704268,
        290.64110704941425
    ],
    "y_true": [
        140.0,
        149.0,
        310.4,
        118.4,
        333.94,
        82.5,
        240.6,
        198.0,
        354.8,
        377.13,
        565.3,
        260.4,
        131.0,
        25.0,
        325.0,
        455.0,
        287.4,
        94.6,
        423.0,
        11.6,
        118.4,
        211.8,
        58.1,
        391.6,
        59.7,
        221.9,
        66.5,
        145.9,
        548.0,
        64.8,
        352.5,
        355.6,
        235.0,
        93.4,
        305.0
    ],
    "features": [
        "CC_Electrical_Conductivity",
        "CC_Thermal_Conductivity",
        "Current_Density",
        "E_Anion_Radius",
        "E_Ionic_Conductivity",
        "Is_Binder",
        "M_Density",
        "Morphology_Encoded",
        "Potential_Window",
        "Synthesis_Method"
    ],
    "params": {
        "n_estimators": 637,
        "max_depth": 11,
        "min_samples_split": 2,
        "min_samples_leaf": 1,
        "max_features": "sqrt",
        "bootstrap": false
    }
}