{
    "R2_score": 0.7643128114875843,
    "MAE_score": 83.43414568847831,
    "RMSE_score": 136.67037536479577,
    "y_predict": [
        239.78201173751845,
        564.7060683436439,
        354.1765981546361,
        223.575466764562,
        65.06229424615546,
        498.17909371687233,
        332.29282116676524,
        215.84142151656025,
        347.79712748604794,
        518.7147755142541,
        497.8092658410291,
        250.98660907545357,
        75.42852440877309,
        116.59448818803408,
        120.77768621576666,
        253.8522655890122,
        58.12205286910378,
        1438.0692096786424,
        318.85842472219656,
        65.81296860889461,
        255.28573668065872,
        332.9091063331319,
        38.56062551211224,
        227.1650329191159,
        264.190269402301,
        267.07213873508914,
        69.99003946232969,
        298.0455856072681,
        94.42624723410512,
        106.51446836987351,
        283.22710830216477,
        219.26002907185534,
        341.2651440264942,
        253.0411681242121,
        498.07340238247554,
        102.01494081889183,
        226.6176095125657
    ],
    "y_true": [
        232.0,
        565.3,
        310.0,
        112.0,
        64.8,
        1074.5,
        455.0,
        326.9,
        227.0,
        473.7,
        340.3,
        405.0,
        100.63,
        98.5,
        163.9,
        6.0,
        45.4,
        1440.0,
        434.0,
        66.5,
        140.0,
        334.0,
        41.8,
        98.3,
        188.8,
        235.0,
        58.1,
        67.6,
        93.4,
        104.2,
        294.1,
        100.0,
        329.0,
        27.2,
        413.6,
        109.9,
        334.9
    ],
    "features": [
        "CC_Thermal_Conductivity",
        "Current_Collector",
        "Current_Density",
        "E_Bare_Anion_Radius",
        "E_Cation_Radius",
        "Is_Binder",
        "M_Density",
        "Morphology_Encoded",
        "Potential_Window",
        "Synthesis_Method"
    ],
    "params": {
        "C": 10.095014241041296,
        "epsilon": 0.9263288051206385,
        "kernel": "poly",
        "degree": 5,
        "gamma": "auto"
    }
}