{
    "R2_score": -0.7362001487698675,
    "MAE_score": 122.83127942762289,
    "RMSE_score": 237.54552336772164,
    "y_predict": [
        565.3103353855207,
        232.5896057900182,
        130.31244885323068,
        276.8764410809401,
        288.19666853530083,
        230.11507443639982,
        411.74561784652406,
        328.24577652644894,
        223.51436646152322,
        233.90513558252562,
        194.37501810837497,
        411.74561784652406,
        248.2292513758902,
        547.2323520031525,
        497.1155389617446,
        235.52061302718485,
        411.74561784652406,
        75.55958305951742,
        64.55072029662696,
        269.88102702514175,
        342.70327461839713,
        64.87946407437204,
        70.57069808411657,
        65.88987505772457,
        233.4540765456183,
        517.0103053452074,
        201.89292319942268,
        31.610437680109243,
        150.34079879753548,
        1333.991017153644,
        343.68817251101586,
        253.47716939640586,
        258.02375023620795,
        43.683185399134516,
        142.77164693137374
    ],
    "y_true": [
        706.7,
        100.0,
        101.7,
        396.0,
        512.3,
        162.0,
        581.6,
        455.0,
        112.0,
        97.9,
        326.9,
        422.0,
        232.0,
        297.8,
        355.6,
        377.13,
        394.7,
        73.8,
        59.7,
        65.0,
        381.4,
        31.9,
        62.32,
        64.8,
        368.7,
        473.7,
        82.5,
        11.6,
        287.4,
        98.3,
        352.5,
        423.0,
        131.0,
        60.3,
        170.0
    ],
    "features": [
        "Binder_Type",
        "CC_Electrical_Conductivity",
        "Current_Density",
        "E_Anion_Radius",
        "E_Ionic_Conductivity",
        "Is_Binder",
        "M_Density",
        "Morphology_Encoded",
        "Potential_Window",
        "Synthesis_Method"
    ],
    "params": {
        "C": 14.15898389363646,
        "epsilon": 0.01012810866025737,
        "kernel": "poly",
        "degree": 5,
        "gamma": "auto"
    }
}