{
    "R2_score": [
        -0.08058635699959216,
        -2.5079563915172014,
        0.47004839537138554,
        -0.07888458572197332,
        0.5929254652056297,
        0.4681972437044163,
        -0.6836144406078499,
        0.2535356063718518,
        -0.43670147717833996,
        -2.316188084768333
    ],
    "MAE_score": [
        136.50473994061232,
        154.33419635529236,
        82.63016199758292,
        335.7763840078259,
        102.16448165513695,
        167.72406222773904,
        104.26296867479293,
        91.60991504726506,
        172.77222671820482,
        211.34418383475094
    ],
    "RMSE_score": [
        210.0502924395248,
        155.16712939769474,
        95.9857852929934,
        519.443591458591,
        126.75795471137737,
        186.76878214121786,
        128.95991661444003,
        115.5746866110687,
        210.0196597908695,
        266.0664421269754
    ],
    "y_predict": [
        289.1806175990275,
        285.7864314252544,
        282.3922452514813,
        278.9980590777082,
        51.1595649783074,
        31.194010587482012,
        11.228456196656623,
        -168.46153332077222,
        360.5840852412614,
        357.18989906748834,
        350.4015267199421,
        330.03640967730354,
        285.2984838034336,
        281.6537940981852,
        278.0091043929368,
        270.71972498243997,
        294.21511534601757,
        294.2089008282443,
        294.202686310471,
        294.1716137216046,
        311.4547595532756,
        311.44897641708576,
        311.443193280896,
        311.414277599947,
        402.9803063993421,
        402.95775372755566,
        402.9352010557691,
        402.8224376968366,
        339.97944481192656,
        330.6576681520036,
        318.2286326054397,
        299.5850792855939,
        840.1093382651482,
        820.1437838743227,
        800.1782294834973,
        700.3504575293703,
        309.7772798035452,
        306.53840634594513,
        300.06065943074503,
        280.62741868514473,
        373.68544333978707,
        370.04075363453865,
        362.7513742240418,
        340.8832359925513,
        283.1454207013553,
        260.59274891485404,
        192.93473355535,
        80.17137462284336,
        393.10154695622646,
        386.31317460868024,
        379.5248022611341,
        365.9480575660417,
        146.14939562086806,
        136.16661842545534,
        106.21828683921717,
        56.30440086215367,
        266.1543808665792,
        261.4025202232968,
        254.6141478757506,
        247.82577552820442,
        400.1580837210987,
        383.43234820655766,
        366.70661269201656,
        349.98087717747546,
        222.2061805217572,
        213.84331276448665,
        205.48044500721613,
        197.11757724994555,
        -60.99927061530775,
        -83.98939225748552,
        -106.97951389966329,
        -129.969635541841,
        273.7090738617211,
        247.40526097162308,
        214.5254948590005,
        148.7659626337554,
        130.30356202937492,
        119.02722613612423,
        85.19821845637222,
        28.816538990118886,
        443.7327011593823,
        437.9495649695919,
        432.16642877980155,
        426.3832925900112,
        392.89801677053424,
        389.6591433129342,
        386.42026985533414,
        379.94252294013404,
        359.4562927675323,
        348.17995687428163,
        336.90362098103094,
        325.6272850877803,
        262.8957144022262,
        259.60773779096394,
        253.03178456843943,
        239.87987812339043,
        251.10218786784756,
        247.99492898120658,
        241.78041120792463,
        229.35137566136075,
        236.470008132144,
        233.5784400372488,
        227.79530384745843,
        216.2290314678777,
        189.8652360368892,
        186.62636257928915,
        180.14861566408905,
        167.19312183368885,
        306.71158908964657,
        295.2165282685576,
        272.2264066263799,
        203.25604169984666,
        202.10622043048627,
        195.62847351528617,
        182.672979684886,
        176.1952327696859,
        250.38022096124064,
        244.16570318795868,
        225.52214986811282,
        194.44956100170305,
        285.0859364559048,
        274.1518673401596,
        255.92841881391746,
        219.48152176143327,
        412.59769180349656,
        406.02173858097206,
        399.44578535844755,
        386.29387891339854,
        373.6559230680254,
        365.2930553107549,
        356.93018755348436,
        340.20445203894326,
        541.3724852265057,
        521.4069308356802,
        501.4413764448548,
        461.510267663204,
        394.94804163847834,
        388.47029472327824,
        381.99254780807814,
        369.037053977678,
        155.13841675925377,
        132.58574497275245,
        110.0330731862511,
        87.48040139974978,
        -146.04242651056222,
        323.3149033738355,
        248.63697676052684,
        242.4224589872449,
        223.77890566739904,
        192.70631680098927,
        149.34831326640494,
        143.5651770766146,
        137.7820408868242,
        131.99890469703382,
        198.4948079826774,
        191.9188547601529,
        185.3429015376284,
        178.7669483151039,
        214.60358747890564,
        206.24071972163512,
        197.87785196436454,
        189.51498420709402,
        236.10589439910095,
        227.7430266418304,
        219.38015888455988,
        211.0172911272893,
        395.73750422358796,
        388.4481248130911,
        381.1587454025943,
        373.86936599209747,
        292.2025333449052,
        284.91315393440834,
        277.6237745239115,
        270.33439511341464,
        271.2850086016043,
        441.9413866539416,
        441.9413866539416,
        204.2048550247884,
        197.41648267724221,
        183.8397379821498,
        170.26299328705744,
        324.26251531575576,
        318.4793791259654,
        301.1299705565943,
        272.2142896076424
    ],