{
    "R2_score": [
        0.6216179181524515,
        0.18104308804617453,
        0.36840435824528683,
        0.4164887169842888,
        0.256238140875668,
        -3.279017213579869,
        -0.15625599806738677,
        0.1129897515003413,
        0.6155814420113489,
        -1.0428015551063132
    ],
    "MAE_score": [
        77.29576697853008,
        131.53654717762808,
        84.28835496338623,
        154.185084021242,
        76.06212295784876,
        115.95040644069256,
        113.84159949151086,
        148.88960330688622,
        94.71682571823115,
        83.07616657742277
    ],
    "RMSE_score": [
        93.87734010542701,
        185.8496657147909,
        122.56703943279047,
        173.14541288488635,
        102.9964962145236,
        132.68436868808593,
        133.7290628277091,
        169.82175840119908,
        123.28080521539455,
        123.81285905067918
    ],
    "y_predict": [
        226.6857287942793,
        218.2616322575002,
        209.8375357207211,
        201.41343918394202,
        141.97538049868945,
        126.09777734164993,
        110.22017418461041,
        -32.678254228745345,
        323.96368812116214,
        319.76880320332117,
        311.37903336763924,
        286.20972386059344,
        297.0475026811873,
        289.47715542092817,
        281.9068081606691,
        266.7661136401508,
        229.67001963086454,
        229.6554342554991,
        229.64084888013366,
        229.56792200330636,
        276.2703753927413,
        267.7250032980705,
        259.17963120339965,
        216.4527707300456,
        272.42347397789797,
        264.66993568438005,
        249.16285909734427,
        202.64162933623692,
        392.89644852369884,
        385.60376084097203,
        371.01838547551836,
        327.2622593791574,
        253.48082893498892,
        237.6032257779494,
        189.9704163068308,
        110.58240052163313,
        308.6548030983005,
        293.52486147115155,
        278.39491984400263,
        248.13503658970478,
        193.8040251417038,
        186.23367788144466,
        163.52263610066734,
        125.67089979937168,
        299.425355637176,
        288.5704020262509,
        273.06332543921513,
        257.55624885217935,
        494.8653803217967,
        461.16899417468034,
        427.4726080275639,
        393.77622188044757,
        147.18173903675626,
        131.30413587971674,
        115.42653272267722,
        99.5489295656377,
        98.76515376864376,
        90.37538393296185,
        81.98561409727992,
        73.59584426159799,
        235.25054389625095,
        208.14020655675264,
        174.2522848823798,
        106.47644153363407,
        185.3434715864873,
        181.95467941905002,
        171.7883029167382,
        154.84434207955172,
        86.7299557671779,
        71.22287918014212,
        55.71580259310633,
        40.20872600607055,
        319.67692764050867,
        315.40424159317325,
        311.13155554583784,
        302.586183451167,
        385.6710862900215,
        377.24698975324236,
        368.8228932164633,
        360.3987966796842,
        163.66392347006274,
        156.09895265648822,
        140.9690110293393,
        110.70912777504145,
        188.05685377872786,
        180.76416609600105,
        166.17879073054738,
        137.00803999964006,
        207.71732912830961,
        199.96379083479172,
        184.45671424775594,
        153.44256107368437,
        147.14277274328785,
        142.87008669595244,
        134.3247146012816,
        117.23397041193999,
        117.55857905279436,
        114.1697868853571,
        107.39220255048252,
        87.0594495458588,
        144.5248877911688,
        125.829563261663,
        88.43891420265135,
        69.74358967314555,
        267.8317787788707,
        252.69108425835248,
        207.26900069679778,
        131.56552809420657,
        289.950672402797,
        261.90768560853826,
        215.16937428477377,
        121.69275163724467,
        366.4058437505942,
        359.62825941571964,
        352.8506750808451,
        339.29550641109597,
        382.318345385586,
        367.18840375843706,
        352.05846213128814,
        321.7985788769903,
        382.318345385586,
        367.18840375843706,
        352.05846213128814,
        321.7985788769903,
        465.9948660316419,
        447.2995415021361,
        428.60421697263024,
        391.2135679136186,
        246.66370287142766,
        227.96837834192186,
        209.27305381241598,
        190.57772928291018,
        175.72385371304944,
        264.66993568438005,
        416.7818140552911,
        399.9336209817329,
        349.3890417610583,
        265.1480763932674,
        145.68810863155085,
        137.29833879586891,
        128.90856896018704,
        120.51879912450511,
        147.0399673574093,
        132.45459199195562,
        117.86921662650195,
        103.28384126104834,
        150.74997765417737,
        135.6200360270285,
        120.49009439987952,
        105.3601527727306,
        228.69302774779905,
        221.91544341292447,
        215.1378590780499,
        208.36027474317532,
        393.4210589263812,
        378.280364405863,
        363.13966988534474,
        347.9989753648265,
        303.1753556866228,
        288.03466116610457,
        272.8939666455863,
        257.75327212506807,
        330.170213018753,
        385.0872210067128,
        385.0872210067128,
        316.9483200123296,
        308.55855017664766,
        291.7790105052838,
        274.99947083392,
        284.5646295802752,
        265.8693050507694,
        209.78333146225197,
        116.30670881472287
    ],