{
    "R2_score": [
        0.18194818266968682,
        0.5413952909115277,
        0.426791594812446,
        0.3219936007966273,
        0.355415574661311,
        0.7046504403139704,
        0.4235553539504282,
        0.49134294568968595,
        0.5707747297230543,
        0.7844702183701769
    ],
    "MAE_score": [
        103.97751851489032,
        77.05132544840308,
        94.833690616818,
        104.17967057644401,
        97.05201805056139,
        76.25656100959043,
        74.86015561887288,
        108.93178022442905,
        92.387216506381,
        71.6316988708991
    ],
    "RMSE_score": [
        125.3379175591891,
        100.51431280288207,
        121.52121969282875,
        123.27484722962531,
        115.24153035514746,
        106.41988496858966,
        94.87974252802111,
        131.6029724745375,
        125.79331149568301,
        95.74924535764819
    ],
    "y_predict": [
        212.11182740291395,
        221.57206002769396,
        211.91397885466742,
        207.7343345790931,
        187.9909673012578,
        168.12852185182464,
        151.2266024808663,
        -16.094091428306,
        352.88400608429174,
        359.85888119977506,
        321.93120522946344,
        263.050823838548,
        271.1572811690085,
        261.43282271688577,
        249.78636556216233,
        220.8599944367059,
        261.86120111891216,
        244.5086250737625,
        261.82569421846165,
        261.7369269673355,
        489.3947499528925,
        459.1251402799819,
        537.2898503676688,
        402.36145777800283,
        272.87386891968816,
        274.89597758772413,
        274.2129778106527,
        172.77116569849215,
        374.6565373269282,
        375.17220074297035,
        357.41875051773013,
        329.08946891750054,
        292.3224392841451,
        258.73722152944833,
        200.09896233202963,
        107.98765569196428,
        313.846700852258,
        309.97524550210255,
        294.1612584297115,
        252.29428344178916,
        179.3275462862265,
        160.41709938953915,
        135.35512365506492,
        105.4353804199277,
        287.1059362440333,
        305.7285717603552,
        271.02054606564184,
        256.74112990390233,
        476.1079764210593,
        469.63472135994135,
        394.0094330777666,
        415.5851151918805,
        197.63908310026204,
        142.06578456766863,
        142.24604726278756,
        137.35017029824667,
        61.26975697952628,
        32.030558559437054,
        11.505922723613878,
        9.030850622677406,
        244.14192224825496,
        182.31508767526446,
        104.93664243039228,
        -166.8561669780844,
        179.3275462862265,
        200.54580905480452,
        140.50727933252927,
        128.81302002012404,
        106.28127372737288,
        78.07340875042536,
        95.48407046601454,
        92.22115738599047,
        498.91198465879825,
        494.4886335079982,
        532.9013509748988,
        501.81712357161405,
        313.2800030560827,
        355.4790322457781,
        374.5755986104504,
        329.2473202824418,
        178.44441761479771,
        176.8435192538742,
        161.01494162818778,
        111.37258371984831,
        232.74834474752447,
        226.67988284643425,
        209.53481117406278,
        170.65553308637783,
        229.01054598571164,
        198.03688502770865,
        198.0328734628108,
        148.09890721236303,
        134.47984607844955,
        148.15038503705176,
        106.12098698386183,
        90.99351256647174,
        105.45572781481951,
        99.16214509137632,
        93.65288414461901,
        56.663077787700445,
        167.53218617522475,
        145.87826131749318,
        100.17233950874129,
        82.63113591841363,
        167.67089503894334,
        160.18104557240133,
        112.82632562502755,
        -2.895041792103939,
        290.69603857995,
        277.5888670075145,
        237.01783143750387,
        140.3241841731048,
        444.220063903879,
        429.6897552018819,
        412.9817713788991,
        343.0138557666735,
        459.15810826712874,
        455.16731525157047,
        422.31698009890926,
        412.4723285944936,
        470.264206702122,
        441.61690467680114,
        439.2471094098999,
        408.23001211767786,
        483.4156708594877,
        440.699162509105,
        443.3031828069363,
        417.95965574221236,
        191.92855375920158,
        179.95268279614837,
        183.29188457242077,
        139.3629017574077,
        208.70177963596888,
        246.29989533927525,
        385.79726852424665,
        369.52617961577494,
        294.68714319700445,
        203.40459343188235,
        121.59667603283629,
        130.3969348118116,
        86.06135917479685,
        94.89003436133117,
        154.34500536778341,
        140.80171184875798,
        87.84635034482989,
        99.53250394149808,
        155.428956129411,
        115.25713572312617,
        84.238747769751,
        76.22028972680647,
        190.2899203061142,
        179.97647886023697,
        162.21163733079106,
        133.42958129017694,
        297.299472168202,
        307.426097253748,
        290.78010464863286,
        295.12473572984504,
        241.38792504603242,
        208.77170415152995,
        204.8422211443469,
        192.35027151947838,
        321.8855405401858,
        399.65665526530216,
        376.9679609288675,
        467.29504847916803,
        476.96277500617964,
        434.4908635637238,
        389.9166032342958,
        280.7488070892986,
        305.9939199508475,
        234.39428895440318,
        128.7956977355987
    ],