{
    "R2_score": [
        0.14358562521341567,
        0.8063668670752395,
        0.8146337786649729,
        0.3401826473196504,
        0.8643088220295175,
        0.6071470301854762,
        -0.3698352015500015,
        0.2516630680469908,
        0.48693109834813086,
        0.35490690666390434
    ],
    "MAE_score": [
        152.29835743712138,
        129.8142521477766,
        91.84957374438135,
        123.44359003619302,
        81.99936963536926,
        93.52371941132462,
        115.57870771794579,
        138.8759774453791,
        97.95655562737586,
        107.04412818029869
    ],
    "RMSE_score": [
        223.70732588197575,
        172.24775598127832,
        113.05286814797647,
        151.55613234660908,
        119.09660966151776,
        118.62560461622041,
        146.03919068966258,
        170.8360756428611,
        122.1914234686974,
        164.51026973694852
    ],
    "y_predict": [
        270.7560234978375,
        271.44194726254636,
        266.3698686202041,
        253.40669288064316,
        133.97357963142792,
        121.17873777804488,
        91.43714428991896,
        -100.04382511193552,
        420.3375033944192,
        433.4635787900082,
        382.1642436919884,
        323.3349111849392,
        201.8972406390916,
        204.94536603014447,
        209.10150159466906,
        167.0088109062461,
        376.82405445567156,
        396.038487779208,
        392.7537716313079,
        376.69600424580403,
        362.1333976429494,
        408.94401085034775,
        420.89954398248403,
        397.2824254209924,
        376.82405445567156,
        397.41080986516073,
        420.89954398248403,
        420.79970406936224,
        1148.1584236446286,
        1076.0789122180431,
        1020.841666893386,
        1082.5269271052498,
        625.9435761985312,
        673.3468951782243,
        622.2050534903448,
        563.5810091285457,
        227.2563066068242,
        236.5211680798409,
        214.54014445641036,
        166.2562209034461,
        420.74442957715246,
        422.0016977707675,
        416.5499994226708,
        336.48079423033687,
        278.5565911143403,
        269.97433604072216,
        193.11043589253222,
        80.63888647818737,
        393.98477608399776,
        381.02201109061247,
        353.514308723089,
        303.06737609423976,
        129.94421142604227,
        123.61918527141785,
        96.07280767738365,
        34.058050834266965,
        324.3192709824315,
        293.2269644553322,
        272.99173077487785,
        246.98686528116298,
        521.2760714655252,
        495.5650463670649,
        491.470301012247,
        455.0233533595956,
        182.3836453564863,
        186.2399109131158,
        158.62128825078725,
        141.78300531669095,
        80.86372825551393,
        62.57084113158703,
        35.07183844701535,
        -12.929746716899615,
        269.38715556738737,
        177.09944904813736,
        123.91145971319804,
        -266.135663096819,
        142.87417996297745,
        121.81751933920702,
        87.33435097200822,
        36.22788989366728,
        357.3335736339769,
        387.5909865300128,
        351.14869396310405,
        337.2853984990768,
        564.6483407445141,
        550.0342417318408,
        543.2509333831292,
        501.7917606953439,
        335.0055026242085,
        346.6177510426909,
        322.2078197808632,
        323.2495103853037,
        187.66371854444645,
        180.4007616002401,
        152.4302546438547,
        118.71211487421294,
        281.8602655074756,
        251.95071507836562,
        233.65782795443866,
        191.10163976136346,
        263.64032853609837,
        254.24015667922106,
        226.20250061130025,
        191.10163976136346,
        147.95154219497306,
        118.41799746927063,
        87.75108558279749,
        59.42075322854629,
        257.8043614429067,
        260.66484268627505,
        276.0188105657371,
        195.2340394375467,
        132.7327821006415,
        108.57717697693818,
        54.917815690832356,
        34.949833066469694,
        210.55756798417838,
        176.47525873175746,
        124.22820559557749,
        -59.70624573207334,
        285.670626722033,
        248.2924295125663,
        181.0865883208689,
        85.30346489516984,
        450.756040432854,
        412.62838378879314,
        395.51879510819685,
        348.6634784172861,
        504.57046723535075,
        495.71480574412493,
        466.9746030860799,
        424.16339797593264,
        507.2103770930024,
        498.96324289320415,
        470.89987929070696,
        425.861834684764,
        521.7739870935789,
        483.7464263938572,
        486.61270501729325,
        432.0090022379839,
        144.94062875853191,
        158.65725136909828,
        102.14581403576204,
        121.05656394158899,
        -43.72579186730309,
        217.27231529464285,
        422.2737207740046,
        392.4112808090705,
        332.5285065768741,
        236.78923342593305,
        117.45562223293254,
        87.75108558279749,
        75.86113024974412,
        60.93440375049903,
        157.38177090558634,
        123.13897665017106,
        137.7567918185903,
        98.11700832465556,
        133.30346706968325,
        120.31359786805052,
        100.14223960694079,
        74.50862739936935,
        160.0900115076496,
        142.93884396234708,
        113.35353019287521,
        108.39651003744223,
        337.4091360576871,
        324.6400931942006,
        306.16583318073845,
        271.7022725931542,
        279.66014902498364,
        271.9954042278929,
        252.96808245909546,
        219.86887309372767,
        237.8199325746865,
        434.8428865465978,
        443.9005905797593,
        328.41398237709893,
        387.4464177983193,
        329.2046401479077,
        228.57406925528534,
        363.57106646333875,
        342.17266021590655,
        287.21793234866357,
        163.24628755862057
    ],