{
    "R2_score": 0.49014113700342277,
    "MAE_score": 105.41300653666032,
    "RMSE_score": 128.7276800551655,
    "y_predict": [
        458.11247800653723,
        204.70538304865352,
        90.04169714595281,
        257.04889528863197,
        455.38683840620087,
        211.79523465168597,
        359.400908393274,
        355.7604649018952,
        187.1173422483701,
        160.74156128789377,
        186.67577509578905,
        359.400908393274,
        292.81226918131483,
        356.6752687929377,
        287.7149175024191,
        285.3873447090523,
        359.400908393274,
        149.6775289635077,
        146.06144980282875,
        297.0393181873017,
        430.7607831088776,
        214.73317686757025,
        16.63235844712034,
        68.7970810137906,
        475.97749878385787,
        433.4345856032214,
        -36.681577938632586,
        140.69949965762282,
        63.286313079210004,
        -210.25889075001442,
        360.3609705133282,
        309.9096613980921,
        336.18021845376836,
        100.3217441568761,
        38.797513861777134
    ],
    "y_true": [
        706.7,
        100.0,
        101.7,
        396.0,
        512.3,
        162.0,
        581.6,
        455.0,
        112.0,
        97.9,
        326.9,
        422.0,
        232.0,
        297.8,
        355.6,
        377.13,
        394.7,
        73.8,
        59.7,
        65.0,
        381.4,
        31.9,
        62.32,
        64.8,
        368.7,
        473.7,
        82.5,
        11.6,
        287.4,
        98.3,
        352.5,
        423.0,
        131.0,
        60.3,
        170.0
    ],
    "features": [
        "Binder_Type",
        "CC_Electrical_Conductivity",
        "Current_Density",
        "E_Anion_Radius",
        "E_Ionic_Conductivity",
        "Is_Binder",
        "M_Density",
        "Morphology_Encoded",
        "Potential_Window",
        "Synthesis_Method"
    ],
    "params": {
        "alpha": 0.001010922639311848
    }
}