{
    "R2_score": 0.5945228995593217,
    "MAE_score": 121.56292027049554,
    "RMSE_score": 179.26254813177488,
    "y_predict": [
        303.89811598399757,
        502.0642621531109,
        391.14165642876515,
        249.1591852210994,
        52.39563212869331,
        386.1114381684976,
        413.42373137668693,
        190.424864454206,
        36.19734481667109,
        481.7905840927783,
        385.9695224220753,
        261.4205258429954,
        65.0171697719029,
        39.640373786031034,
        123.35350533985763,
        310.0469441874345,
        117.44072171719151,
        1174.3562402867544,
        393.1500533163543,
        139.21648479970972,
        267.73129466460017,
        111.23794236922868,
        76.89336559652622,
        -163.0964068172956,
        225.39838006447042,
        337.4395189762098,
        137.71439977752414,
        389.32653311771344,
        92.94298824935865,
        141.00876408769423,
        166.51507094715487,
        228.88550716076674,
        367.48342915258786,
        369.05285505738084,
        386.07089081237694,
        105.56452589256827,
        241.10905960503763
    ],
    "y_true": [
        232.0,
        565.3,
        310.0,
        112.0,
        64.8,
        1074.5,
        455.0,
        326.9,
        227.0,
        473.7,
        340.3,
        405.0,
        100.63,
        98.5,
        163.9,
        6.0,
        45.4,
        1440.0,
        434.0,
        66.5,
        140.0,
        334.0,
        41.8,
        98.3,
        188.8,
        235.0,
        58.1,
        67.6,
        93.4,
        104.2,
        294.1,
        100.0,
        329.0,
        27.2,
        413.6,
        109.9,
        334.9
    ],
    "features": [
        "CC_Thermal_Conductivity",
        "Current_Collector",
        "Current_Density",
        "E_Bare_Anion_Radius",
        "E_Cation_Radius",
        "Is_Binder",
        "M_Density",
        "Morphology_Encoded",
        "Potential_Window",
        "Synthesis_Method"
    ],
    "params": {
        "alpha": 1.6677071013268605
    }
}