{
    "R2_score": [
        0.4730494330314817,
        0.026788822768568532,
        0.264141441325064,
        0.20802112466709788,
        0.24192399471889703,
        -3.3299204969575866,
        0.3040784102486064,
        0.137619993224406,
        0.4958642669695511,
        0.0148143609506729
    ],
    "MAE_score": [
        100.75808597115875,
        146.22512972030373,
        98.1716394761498,
        177.79315459862582,
        77.16835342959793,
        120.70115370723674,
        91.44131145448645,
        135.48745778373382,
        118.92561999996293,
        66.99561556806543
    ],
    "RMSE_score": [
        110.7848649988822,
        202.59783588393992,
        132.29739915369709,
        201.7173063355731,
        103.98288779255297,
        133.47124352826873,
        103.74781447041654,
        167.4473790801767,
        141.1780016738771,
        85.98282277412264
    ],
    "y_predict": [
        249.8360541311102,
        245.70273157960708,
        241.56940902810393,
        237.4360864766008,
        190.99491206254618,
        185.09482502022087,
        179.19473797789556,
        126.09395459696776,
        304.349406986151,
        301.46233185438166,
        295.68818159084293,
        278.36573080022686,
        287.81053882419116,
        284.4532574371716,
        281.0959760501521,
        274.381413276113,
        224.38420785296313,
        224.37795893377205,
        224.37171001458097,
        224.34046541862566,
        254.29818447717827,
        248.89263057353426,
        243.48707666989026,
        216.4593071516702,
        322.4031985118388,
        319.5238507013709,
        313.7651550804352,
        296.48906821762796,
        348.9856750754211,
        345.86121547988836,
        339.61229628882285,
        320.8655387156262,
        224.4045461077774,
        218.5044590654521,
        200.80419793847616,
        171.3037627268496,
        283.87142775523307,
        277.5757383503826,
        271.28004894553214,
        258.68867013583116,
        220.7503879093834,
        217.39310652236384,
        207.3212623613052,
        190.5348554262075,
        247.6036470795381,
        243.57256014488306,
        237.8138645239473,
        232.05516890301158,
        345.39462270645544,
        328.8613325004429,
        312.32804229443036,
        295.79475208841785,
        176.58338294082296,
        170.68329589849765,
        164.78320885617234,
        158.88312181384703,
        130.7124516412116,
        124.9383013776729,
        119.1641511141342,
        113.3900008505955,
        234.59891390635977,
        209.46680869430202,
        178.05167717922984,
        115.22141414908552,
        188.13836323099855,
        184.99685007949134,
        175.5723106249697,
        159.86474486743361,
        178.95207865191946,
        173.1933830309837,
        167.43468741004796,
        161.67599178911223,
        283.00447431032075,
        280.30169735849876,
        277.59892040667677,
        272.19336650303273,
        377.90829183415656,
        373.77496928265344,
        369.64164673115033,
        365.50832417964716,
        200.2143835726946,
        197.06653887026934,
        190.77084946541885,
        178.1794706557179,
        202.60399991190957,
        199.4795403163768,
        193.23062112531125,
        180.73278274318017,
        205.94065805145937,
        203.0613102409915,
        197.30261462005575,
        185.78522337818427,
        171.07031669837102,
        168.367539746549,
        162.961985842905,
        152.15087803561698,
        123.50186051655345,
        120.36034736504621,
        114.07732106203179,
        95.22824215298851,
        194.13098927268115,
        187.57197570385082,
        174.45394856619018,
        167.89493499735983,
        274.0765519912817,
        267.3619892172426,
        247.21830089512534,
        213.6454870249299,
        247.94196504436906,
        238.10344469112357,
        221.70591076904776,
        188.91084292489614,
        361.6869984886757,
        355.4039721856613,
        349.1209458826469,
        336.55489327661803,
        307.0595517961532,
        300.7638623913027,
        294.46817298645226,
        281.8767941767513,
        307.0595517961532,
        300.7638623913027,
        294.46817298645226,
        281.8767941767513,
        344.99728175539616,
        338.43826818656584,
        331.8792546177355,
        318.76122748007487,
        230.5159288228166,
        223.95691525398627,
        217.39790168515594,
        210.83888811632562,
        283.2894670410446,
        319.5238507013709,
        268.1014251476916,
        259.8347800446854,
        235.03484473566655,
        193.70161922063522,
        165.741339017937,
        159.96718875439828,
        154.19303849085958,
        148.41888822732088,
        181.24149153719375,
        174.9925723461282,
        168.74365315506265,
        162.4947339639971,
        181.57055099763159,
        175.27486159278112,
        168.97917218793063,
        162.68348278308014,
        230.24960052737083,
        223.9665742243564,
        217.68354792134198,
        211.40052161832753,
        358.65159501616034,
        351.9370322421213,
        345.2224694680822,
        338.5079066940431,
        289.9088273241474,
        283.1942645501083,
        276.47970177606925,
        269.76513900203014,
        330.4336933944088,
        352.65906945413604,
        352.65906945413604,
        289.43928515374216,
        283.6651348902035,
        272.1168343631261,
        260.5685338360487,
        292.38943937240174,
        285.8304258035714,
        266.15338509708045,
        233.35831725292883
    ],