{
    "R2_score": [
        -0.1090216650599336,
        -4.610987309102656,
        0.494046907936339,
        -0.07010458756264115,
        0.6177711034840515,
        0.49587293396489374,
        -0.719963311516175,
        -0.3979343212401911,
        -0.48485398441403427,
        0.031190593325659766
    ],
    "MAE_score": [
        137.2796091056121,
        190.01312981011816,
        80.83915769461416,
        333.9587231588635,
        97.80308170258297,
        162.96325995152077,
        104.84000562398455,
        126.6133678696261,
        174.6248275121298,
        123.71336831864419
    ],
    "RMSE_score": [
        212.79605170966815,
        196.24214218672049,
        93.78728066595185,
        517.3256491894554,
        122.82874479897835,
        181.8440110660718,
        130.34459114402532,
        158.1617857926972,
        213.51016483340084,
        143.81020270273734
    ],
    "y_predict": [
        292.1604376386754,
        288.50311599216025,
        284.8457943456451,
        281.18847269913,
        127.9762632559827,
        120.79024920358017,
        113.60423515117765,
        48.93010867955496,
        365.7114119590244,
        362.0540903125093,
        354.73944701947903,
        332.79551714038814,
        284.1549231712735,
        280.18846222063087,
        276.22200126998825,
        268.289079368703,
        295.18053278527043,
        295.17383011338575,
        295.1671274415011,
        295.1336140820777,
        313.3014259723956,
        313.29511982002293,
        313.2888136676503,
        313.25728290578706,
        355.6861969481415,
        355.67875762059055,
        355.6713182930396,
        355.63412165528484,
        345.75698091805225,
        335.70297309103273,
        322.29762932167336,
        302.1896136676343,
        349.2130340778774,
        342.0270200254749,
        334.84100597307236,
        298.9109357110598,
        309.1255544586315,
        305.6054267171405,
        298.5651712341586,
        277.4444047852129,
        378.2378732699843,
        374.27141231934166,
        366.33849041805644,
        342.5397247142008,
        273.5113402640348,
        266.07201271308315,
        243.75403006022816,
        206.55739230546993,
        399.89988620506,
        392.5852429120297,
        385.2705996189994,
        370.6413130329388,
        162.6848578527932,
        159.09185082659195,
        148.31282974798813,
        130.34779461698184,
        265.3546170958544,
        260.2343667907332,
        252.9197234977029,
        245.6050802046726,
        409.39901655977604,
        391.560415841911,
        373.7218151240459,
        355.88321440618085,
        220.4069104718542,
        211.48761011292163,
        202.56830975398915,
        193.64900939505662,
        -116.62863430724764,
        -124.49010571087035,
        -132.35157711449307,
        -140.21304851811573,
        274.40196528471074,
        245.99922862167244,
        210.49580779287453,
        139.48896613527882,
        221.75365262790626,
        218.03398885243047,
        206.87499752600297,
        188.27667864862383,
        456.5959734586637,
        450.2898210860228,
        443.9836687133819,
        437.677516340741,
        400.74316438596804,
        397.2230366444771,
        393.70290890298617,
        386.66265342000423,
        424.3386648203821,
        420.6190010449063,
        416.8993372694305,
        413.1796734939546,
        259.81367073759696,
        256.26332865471716,
        249.1626444889576,
        234.96127615743845,
        249.6872793032937,
        246.33594336095388,
        239.63327147627416,
        226.22792770691484,
        232.73872897275226,
        229.5856527864318,
        223.2795004137909,
        210.66719566850915,
        184.0522784148926,
        180.53215067340165,
        173.4918951904197,
        159.4113842244559,
        351.6364633939341,
        347.70572769212276,
        339.8442562885001,
        316.2598420776321,
        197.16515508104368,
        190.1248995980618,
        176.044388632098,
        169.00413314911606,
        249.83352560260826,
        243.13085371792857,
        223.02283806388954,
        189.50947864049112,
        285.88624223245426,
        273.9868593805265,
        254.15455462731342,
        214.48994512088737,
        418.9037948357518,
        411.80311066999224,
        404.7024265042327,
        390.50105817271356,
        379.05360954693344,
        370.1343091880009,
        361.2150088290684,
        343.3764081112033,
        398.34016144854746,
        391.15414739614494,
        383.9681333437424,
        369.59610523893735,
        402.6598563960332,
        395.6196009130513,
        388.5793454300694,
        374.4988344641056,
        301.416837663215,
        293.97751011226336,
        286.5381825613117,
        279.09885501036007,
        196.20146668962502,
        322.68287778573,
        250.2294029294115,
        243.52673104473183,
        223.4187153906928,
        189.90535596729435,
        140.89241635707708,
        134.5862639844362,
        128.28011161179532,
        121.97395923915442,
        191.43806574170955,
        184.33738157594996,
        177.2366974101904,
        170.13601324443084,
        208.66463880773318,
        199.74533844880068,
        190.82603808986812,
        181.90673773093562,
        231.07753672987937,
        222.15823637094684,
        213.23893601201428,
        204.31963565308178,
        401.77394184939357,
        393.8410199481084,
        385.90809804682317,
        377.97517614553794,
        292.0409034212984,
        284.1079815200132,
        276.17505961872797,
        268.24213771744274,
        359.66349305349763,
        389.0956398774432,
        389.0956398774432,
        197.3556369298817,
        190.04099363685143,
        175.41170705079082,
        160.78242046473025,
        326.1952546224889,
        319.889102249848,
        300.9706451319254,
        269.4398832687209
    ],