{
    "R2_score": [
        0.15604499881557043,
        0.39199280178333573,
        0.3603685163866236,
        0.4508612674299659,
        0.2797271831763314,
        0.4232273150640712,
        0.4062862494741808,
        0.25162462757759685,
        0.40311109147653346,
        0.4473793832742834
    ],
    "MAE_score": [
        97.48180585685579,
        94.00240763659139,
        103.40819851443491,
        97.96168490015926,
        107.73456568481835,
        114.72476864652151,
        82.4911710114271,
        126.75933794677752,
        110.97963193831754,
        119.93309339606742
    ],
    "RMSE_score": [
        127.30683273052999,
        115.73454626416957,
        128.36917820460218,
        110.94267037258511,
        121.81972797842089,
        148.71574929924873,
        96.29045663564962,
        159.62940922287703,
        148.3411573620931,
        153.31874545180878
    ],
    "y_predict": [
        235.48958576390362,
        240.5673148445951,
        240.40495324352517,
        239.9839530138563,
        194.21250508199805,
        206.5352436647233,
        181.08528278054098,
        136.65768766545017,
        324.62371306415366,
        329.30996443684654,
        310.7478001523012,
        276.89951738251904,
        261.4737908882592,
        250.0088456147824,
        246.11704161347757,
        238.2317763720138,
        243.89069266553773,
        233.84927584230786,
        243.8777488690534,
        243.84538937784262,
        283.0683525093637,
        272.29371478720304,
        290.00647956940315,
        251.19415616303152,
        312.25232886509605,
        321.8614000133525,
        317.2055324427509,
        275.57162892762597,
        347.49908761413366,
        344.1881707684281,
        337.7162725262701,
        334.74729387242473,
        236.9458676947397,
        227.50169406885192,
        208.79438237153641,
        173.85560437189986,
        305.06382722238243,
        304.78206354255144,
        297.7188869283227,
        286.9042077983909,
        186.85649497390943,
        189.49173235245627,
        180.1175021555164,
        171.5429755591245,
        238.7752963147662,
        256.0018109575462,
        244.05927465205724,
        235.0764210823785,
        339.50139461039106,
        345.22477284628303,
        306.4962582901599,
        322.968488696476,
        204.54586581777863,
        169.88106866373676,
        179.836877393624,
        176.26110305741682,
        94.01356779208652,
        96.6199899115177,
        88.36870583145992,
        99.33091714044537,
        215.2706459575922,
        210.59921268012806,
        183.9175377907856,
        54.010680794854096,
        186.85649497390943,
        202.0751379004364,
        176.14894512430504,
        177.94699482451438,
        171.904612210267,
        151.9044452240081,
        170.6552396830155,
        180.9429949849727,
        329.9877414921513,
        332.05088884887294,
        344.01698515973726,
        329.2148439255795,
        358.2072051521585,
        368.7375345733657,
        373.7518094242074,
        358.4012810226812,
        213.58309442833843,
        211.9120367260902,
        205.17345768746168,
        180.62161723238071,
        231.2297210441639,
        227.81599494603577,
        223.22521857736115,
        207.02682517788264,
        227.2441428187666,
        205.72650666245684,
        211.55881618806023,
        188.85103435412057,
        175.77102362028663,
        186.82669126353642,
        164.6023805638367,
        162.08956235011004,
        111.65584445245011,
        109.70716455848702,
        103.86226037913272,
        105.73834185308124,
        209.45982995300974,
        193.5694017884045,
        183.5459716573429,
        178.05162798417007,
        228.31754942762709,
        230.94783688047434,
        210.69463803565165,
        156.20088611790752,
        256.9088493678479,
        255.1627461997237,
        238.55021171012993,
        200.66346818620872,
        356.7395991834344,
        353.2246108782664,
        346.9751240803065,
        321.4326391598929,
        346.778068038004,
        363.7751009728399,
        334.45384853352954,
        337.32430925697724,
        349.4778982601353,
        341.28372436483113,
        338.1466521758342,
        326.81540609153313,
        365.85945617682484,
        341.0174596842581,
        350.1960005107098,
        337.5289690502159,
        203.22162691682834,
        213.04791280504764,
        208.12395262556612,
        184.9908223193807,
        301.40580043826094,
        301.82607353054016,
        256.5024349224693,
        254.37237819133932,
        223.96320431515525,
        184.2988656360123,
        169.9387155417052,
        180.35479302137838,
        151.0964079945306,
        167.4109965370623,
        183.4100612728226,
        183.13953131310785,
        151.61300015231262,
        151.1753093418485,
        188.77473066486095,
        166.8557533638196,
        151.77124034419592,
        158.05739602165806,
        221.42076574346947,
        221.77496893371608,
        205.55004846138786,
        189.99904812271225,
        333.1231646898512,
        328.89286552418366,
        323.2677080880716,
        324.085894603877,
        255.2060453080247,
        242.80297137811323,
        247.0020990277766,
        243.04877408997606,
        346.97452406306735,
        358.44998159628494,
        353.3604770359139,
        325.8401407548732,
        342.6122172172713,
        313.99742835198924,
        299.15846586553073,
        287.0526421823075,
        298.2454148985635,
        272.3527088813981,
        243.59093052050196
    ],