{
    "R2_score": 0.39209372525706243,
    "MAE_score": 144.24704967704085,
    "RMSE_score": 219.49504080688985,
    "y_predict": [
        287.96996589793287,
        418.54366505412963,
        356.6024195847879,
        273.2821905119987,
        146.5712561798573,
        324.38978616225785,
        346.6599031534726,
        257.32452963864694,
        231.150534800965,
        413.10374824452447,
        324.3517067445906,
        325.1600855077837,
        165.38937142071052,
        200.3765894312555,
        165.61096501347566,
        334.8427523463669,
        171.93797467363567,
        691.9195640893686,
        341.21998634386733,
        184.81520567325154,
        334.5691431282103,
        168.92971902941855,
        161.05814105442516,
        145.977421335203,
        253.22894748179192,
        378.2257321675876,
        177.37789148324092,
        385.0032878331572,
        157.4510897990678,
        227.57617347928175,
        243.21442665833945,
        267.8422737023934,
        304.700716393859,
        379.56337102355195,
        324.37890632863866,
        176.26920503992102,
        270.9243216626601
    ],
    "y_true": [
        232.0,
        565.3,
        310.0,
        112.0,
        64.8,
        1074.5,
        455.0,
        326.9,
        227.0,
        473.7,
        340.3,
        405.0,
        100.63,
        98.5,
        163.9,
        6.0,
        45.4,
        1440.0,
        434.0,
        66.5,
        140.0,
        334.0,
        41.8,
        98.3,
        188.8,
        235.0,
        58.1,
        67.6,
        93.4,
        104.2,
        294.1,
        100.0,
        329.0,
        27.2,
        413.6,
        109.9,
        334.9
    ],
    "features": [
        "CC_Thermal_Conductivity",
        "Current_Collector",
        "Current_Density",
        "E_Bare_Anion_Radius",
        "E_Cation_Radius",
        "Is_Binder",
        "M_Density",
        "Morphology_Encoded",
        "Potential_Window",
        "Synthesis_Method"
    ]
}