{
    "R2_score": 0.4016039341547215,
    "MAE_score": 116.90057426085566,
    "RMSE_score": 139.45732182480157,
    "y_predict": [
        343.29419856776434,
        240.73070668673628,
        119.22582067546168,
        284.662303412709,
        332.9532870000621,
        249.83330479340728,
        303.28321584740803,
        324.67328613306535,
        239.8305591133182,
        234.54957378683554,
        214.7067778698184,
        303.28321584740803,
        249.63967772095114,
        292.9423042797058,
        261.1301977619336,
        254.71776059017475,
        303.28321584740803,
        182.59236789550818,
        177.1950873426719,
        293.5426717141588,
        320.82760791073076,
        231.4743969095271,
        91.55080917139924,
        151.13749278930112,
        277.871073178541,
        333.2914528876753,
        154.52760834612286,
        201.46615986925983,
        164.69304946937297,
        45.39958328637232,
        340.8545162449778,
        338.3831606479687,
        359.1982492911417,
        162.58687653533002,
        139.52105672808625
    ],
    "y_true": [
        706.7,
        100.0,
        101.7,
        396.0,
        512.3,
        162.0,
        581.6,
        455.0,
        112.0,
        97.9,
        326.9,
        422.0,
        232.0,
        297.8,
        355.6,
        377.13,
        394.7,
        73.8,
        59.7,
        65.0,
        381.4,
        31.9,
        62.32,
        64.8,
        368.7,
        473.7,
        82.5,
        11.6,
        287.4,
        98.3,
        352.5,
        423.0,
        131.0,
        60.3,
        170.0
    ],
    "features": [
        "Binder_Type",
        "CC_Electrical_Conductivity",
        "Current_Density",
        "E_Anion_Radius",
        "E_Ionic_Conductivity",
        "Is_Binder",
        "M_Density",
        "Morphology_Encoded",
        "Potential_Window",
        "Synthesis_Method"
    ]
}