{
    "R2_score": [
        0.7127244563048969,
        -1.1498004251725686,
        0.6260251775087382,
        0.19892016475333663,
        0.67337427099363,
        0.7036729083242577,
        0.27899814584410954,
        -0.34687730990369925,
        0.5179076899093427,
        0.5569794696816502
    ],
    "MAE_score": [
        83.30374625668924,
        112.42710583673224,
        74.31951580083947,
        302.759290554449,
        85.85658477567814,
        98.68075337732,
        74.04145093636052,
        108.70919253132679,
        105.11871133743838,
        73.38502006402044
    ],
    "RMSE_score": [
        108.30359635020542,
        121.47074777308825,
        80.63247655367326,
        447.59868133216946,
        113.54380697903483,
        139.41666003426403,
        84.39206491449798,
        155.2466346199755,
        121.65831120204412,
        97.24839698465922
    ],
    "y_predict": [
        234.79816898388518,
        189.29198152394594,
        176.99663798466446,
        153.29059902689116,
        228.20566844764204,
        186.20559274629957,
        166.23554073742656,
        132.55896860351882,
        334.11693026404384,
        281.1107162046357,
        249.28133752766723,
        213.38424785392692,
        287.11344654830356,
        262.35153632417433,
        242.31079716624657,
        232.75111526168808,
        734.8439948734183,
        506.8216210876742,
        380.1965147219818,
        254.98736556888377,
        805.3832249197568,
        578.6224612638534,
        440.37194316843375,
        289.42671129272736,
        999.2817745822626,
        585.4956606718195,
        474.24070348667306,
        378.1562084529365,
        421.94980253552785,
        428.63928893700836,
        454.0726685904831,
        454.8504819646762,
        524.5677619904997,
        518.0900964920817,
        524.6242047422993,
        417.9566427358799,
        477.50007890335326,
        427.6526816470421,
        335.0033501444082,
        290.86125740122395,
        344.97839317072055,
        296.02386751818466,
        313.9597191550305,
        310.1545385999939,
        167.72077806634337,
        116.90034159766702,
        113.2105740167384,
        111.97432067746061,
        258.244177264764,
        213.50309751162035,
        183.1715717188962,
        189.11836121881814,
        298.45075613320216,
        231.95178609530987,
        159.77080201848412,
        126.438668810899,
        303.40216386700035,
        270.24009182295646,
        236.30358667080404,
        212.59743296024516,
        315.7646097783665,
        289.29315061647316,
        281.25362011736297,
        277.93753002561994,
        152.3727745623986,
        80.56376681831418,
        56.455605416242236,
        45.7988754397806,
        208.46571554485698,
        170.38541029422802,
        159.21554048872196,
        133.28455884542717,
        169.2746165140293,
        48.39181889956498,
        70.30916255636805,
        73.33304711348268,
        309.9900037448225,
        245.74628752666982,
        154.01235479209583,
        105.68194124935988,
        347.1735023412018,
        309.29201630970374,
        293.5432823292588,
        279.22084119697104,
        430.51614051233054,
        406.79103106369394,
        394.59860725131557,
        417.9476170742975,
        429.3676317256566,
        398.68611006331605,
        371.4281732535218,
        370.11811535116965,
        239.906724525279,
        187.48380248548443,
        133.60029197646875,
        103.00794558284122,
        349.7548955433503,
        333.79961436008534,
        310.9229983432563,
        281.065592117769,
        257.5894095315869,
        229.28753790259364,
        192.99065989507375,
        165.83807603297726,
        245.81777801440745,
        116.29341981964987,
        80.17496834461917,
        66.82193161695176,
        257.50331463637906,
        225.5120278752078,
        203.70590963271218,
        175.2847996262072,
        241.94572197859674,
        205.1401786626492,
        186.83057974631157,
        208.96640283260996,
        204.63793853426859,
        156.64624243852228,
        121.270484281124,
        125.46447876139035,
        271.7011049963225,
        205.6801579768546,
        171.4051051422657,
        140.7494880518452,
        389.9825367182658,
        295.7186313679034,
        265.0752531171042,
        247.70734118699806,
        558.2444553855802,
        489.66349648496487,
        457.5212142026546,
        413.9663000358411,
        620.8452416583166,
        528.2852257689381,
        491.7940728856578,
        482.5509661466922,
        624.019727877537,
        551.6265083029871,
        514.8515694203094,
        491.9096939737512,
        254.95343582687326,
        102.4421286078746,
        57.50521107765334,
        49.51686118974149,
        148.8345054170021,
        375.56859728059806,
        390.806542484361,
        384.8986957184505,
        351.25848365388373,
        301.5315831321732,
        100.7653873190248,
        68.75745375713802,
        62.03712583595646,
        60.45494887738394,
        181.1748518802134,
        174.52519560123608,
        160.0599360932902,
        152.41232133586055,
        93.9105813884193,
        76.8122270633558,
        61.04679309186412,
        53.241867175531524,
        184.2713191287391,
        158.0029733786496,
        135.1291847114413,
        128.53997136720074,
        332.27775910812085,
        223.07862128780909,
        204.68370702792419,
        201.12040185876572,
        229.55397380608517,
        201.5985336145152,
        196.58369617668967,
        187.02780515810537,
        391.6313395529782,
        401.23477385366806,
        401.23477385366806,
        527.6592344482978,
        539.6219379501407,
        494.9250571285365,
        572.0065199114687,
        299.0964431421167,
        273.8228837248981,
        245.6911134125456,
        219.46114114945487
    ],