{
    "R2_score": [
        0.7312495005221882,
        0.9482238175419255,
        0.9571956623798392,
        0.7453137043936058,
        0.9337445477527729,
        0.8669498748106101,
        0.6934326931719853,
        0.8520187497050501,
        0.7773825272019605,
        0.9006295744306679
    ],
    "MAE_score": [
        83.98865429884626,
        62.675142797769695,
        43.31040044525952,
        71.55819966869049,
        58.06152958332441,
        54.74626823639976,
        46.43295144939504,
        50.50996105740733,
        57.29353229307483,
        52.070440366423185
    ],
    "RMSE_score": [
        125.3178318190915,
        89.06944569417053,
        54.32630616200938,
        94.15956328628992,
        83.2212823577464,
        69.03527551657025,
        69.0872928923481,
        75.96863850398908,
        80.48825322998674,
        64.5669680587933
    ],
    "y_predict": [
        215.22165212964939,
        231.71932637545902,
        151.6990336688738,
        155.2504675572682,
        340.04519874302304,
        320.3325813333119,
        290.10620087558004,
        252.43924303570455,
        482.6438928856089,
        419.0093606272849,
        372.1305434439439,
        307.98397862001667,
        253.4895489648076,
        222.15785951968883,
        224.9876345221473,
        216.5686789280702,
        918.890737851499,
        513.747190896182,
        386.3366524068575,
        260.5567353420832,
        805.7257894378071,
        587.5452186119035,
        512.3216497847502,
        288.7839086535441,
        918.890737851499,
        585.9429533650344,
        512.3216497847502,
        385.0047016142531,
        1281.74516687185,
        1310.6267872060432,
        1227.6090797719944,
        1331.2511249054821,
        511.77958169269994,
        494.55653214584436,
        542.6343809296907,
        448.5881753089869,
        451.5948170471065,
        423.89590579268815,
        391.2049176603348,
        327.74326854927597,
        367.25748701969883,
        308.6318586258673,
        357.21124483566103,
        336.0847361400406,
        182.05726607659437,
        131.31512708376522,
        155.3890372755122,
        174.92325815415137,
        183.4604859800471,
        108.58218517026032,
        60.74398268723715,
        79.63146720645204,
        294.93789153906914,
        223.60812506871525,
        169.3498669964023,
        129.31615182247086,
        338.46529157343764,
        220.2033634387042,
        164.67544399172579,
        137.47717571902658,
        479.2621618281714,
        441.92050738287764,
        381.6836347248783,
        383.2834987067881,
        152.75674471334037,
        74.23280519494895,
        49.82966366565077,
        77.08988037908463,
        162.29222200860997,
        97.85005502190671,
        62.1953617882543,
        56.158104005209054,
        181.0278711237719,
        51.58544437059234,
        114.55472997292509,
        82.14447680979336,
        316.09779898442866,
        247.67520659052482,
        158.179314752859,
        103.98094004329499,
        168.8176216935583,
        220.27849251409947,
        72.15775619833713,
        74.70172914475663,
        587.4379386853176,
        623.139313171202,
        467.56851956898697,
        433.87479360839944,
        301.814131155507,
        259.61602082038166,
        201.9000510421324,
        202.63951222201823,
        280.18844689195726,
        239.28648518755855,
        208.46708647369258,
        174.34964015495507,
        345.19435257130067,
        325.9662213543824,
        294.73854573464234,
        213.73532423643147,
        261.06963883285033,
        247.49061424896053,
        211.93730686237583,
        213.73532423643147,
        214.714150397009,
        103.63593221174466,
        68.68979388226029,
        67.91749067645304,
        193.636250287961,
        127.96113819086918,
        99.04877548126012,
        87.89232569711302,
        179.0446321730183,
        122.75557679424765,
        117.19644074697291,
        108.98095941078702,
        181.77825325052288,
        96.0008496960456,
        111.8163949814514,
        88.65778355946088,
        316.4563403446247,
        233.46761088916037,
        251.90742518614533,
        189.9196280527395,
        449.92762563923185,
        333.5532528597074,
        319.5373740096506,
        281.2258863993926,
        561.5975271631409,
        505.3318036832054,
        471.9971929936829,
        420.84961648849145,
        627.6379938102,
        531.0148803349534,
        485.23368828298476,
        481.52600278858597,
        621.1915699258441,
        538.704251382725,
        506.42194564581547,
        498.78607867786957,
        193.77695237744132,
        82.18123610400195,
        59.446733509996704,
        41.83348146622589,
        176.09593349392784,
        388.730470467787,
        237.04825691896218,
        175.64486551809543,
        164.18769773898788,
        151.68708369126188,
        98.75352448122942,
        68.68979388226029,
        68.89377669368903,
        62.180604452800594,
        110.72022548986729,
        61.06862773444013,
        69.25609791055135,
        67.67393905983806,
        52.717733960414165,
        64.51339994180026,
        26.67940641927038,
        26.643449750387276,
        89.65478277799198,
        44.40156573011174,
        33.598668077886316,
        26.16370652418462,
        290.2586672016965,
        163.68599054764564,
        128.50249516669862,
        136.33051429164715,
        176.17170730717103,
        186.75835022467157,
        137.78486390171722,
        155.56903633709743,
        390.59489948983287,
        358.0250901261602,
        338.51738636460874,
        508.39163610191304,
        548.287105818657,
        397.6106944917151,
        517.6243086539804,
        315.6502594405076,
        327.5159229459859,
        283.806143964371,
        276.01184841544006
    ],