{
    "R2_score": 0.82711396808373,
    "MAE_score": 59.69154882121146,
    "RMSE_score": 74.95953936262148,
    "y_predict": [
        563.7174012102175,
        153.861831802682,
        116.92624606766503,
        324.3473452994799,
        393.7484737655366,
        143.66841831257295,
        453.84821715778895,
        412.9369716000324,
        121.29201008930305,
        129.8147252588808,
        213.37187452993632,
        453.84821715778895,
        311.9473883552543,
        378.1791769751476,
        492.6371693071459,
        280.68880968614894,
        453.84821715778895,
        75.27512224864171,
        74.24778299215947,
        144.80054471986278,
        481.92833484582764,
        95.65080829436448,
        64.75220176342802,
        67.0316604659049,
        486.37125215408594,
        540.1228281729104,
        48.47889991792687,
        23.557679595038252,
        130.7757227789833,
        85.41322322516314,
        350.37685583025063,
        468.06333395871354,
        209.3957150592389,
        40.30528339737114,
        120.68054098802313
    ],
    "y_true": [
        706.7,
        100.0,
        101.7,
        396.0,
        512.3,
        162.0,
        581.6,
        455.0,
        112.0,
        97.9,
        326.9,
        422.0,
        232.0,
        297.8,
        355.6,
        377.13,
        394.7,
        73.8,
        59.7,
        65.0,
        381.4,
        31.9,
        62.32,
        64.8,
        368.7,
        473.7,
        82.5,
        11.6,
        287.4,
        98.3,
        352.5,
        423.0,
        131.0,
        60.3,
        170.0
    ],
    "features": [
        "Binder_Type",
        "CC_Electrical_Conductivity",
        "Current_Density",
        "E_Anion_Radius",
        "E_Ionic_Conductivity",
        "Is_Binder",
        "M_Density",
        "Morphology_Encoded",
        "Potential_Window",
        "Synthesis_Method"
    ]
}