{
    "R2_score": 0.8821801772487998,
    "MAE_score": 66.84709244059619,
    "RMSE_score": 96.63080151133676,
    "y_predict": [
        346.62819449061305,
        628.0218022775748,
        199.22431909749218,
        189.77254187864912,
        63.86375517738074,
        735.6445631297852,
        358.3513454610593,
        185.84038453071952,
        233.28669003865485,
        546.7973907778223,
        285.3117230376664,
        422.43159337071825,
        94.62836210704256,
        92.47345304332373,
        214.37518162572297,
        51.85268808335499,
        29.710727353127993,
        1373.8136440523522,
        319.8699788056208,
        65.58801205008473,
        408.9892500339005,
        301.2348974904086,
        20.899068132384002,
        96.79579006869886,
        292.2911894708038,
        279.3767866948081,
        42.79260484685139,
        140.2543372524648,
        95.07630668831422,
        25.600056053275637,
        244.4013475051569,
        184.40489190991977,
        300.7327489217915,
        139.744250591915,
        439.07270242115175,
        129.8771037594442,
        222.6637001995511
    ],
    "y_true": [
        232.0,
        565.3,
        310.0,
        112.0,
        64.8,
        1074.5,
        455.0,
        326.9,
        227.0,
        473.7,
        340.3,
        405.0,
        100.63,
        98.5,
        163.9,
        6.0,
        45.4,
        1440.0,
        434.0,
        66.5,
        140.0,
        334.0,
        41.8,
        98.3,
        188.8,
        235.0,
        58.1,
        67.6,
        93.4,
        104.2,
        294.1,
        100.0,
        329.0,
        27.2,
        413.6,
        109.9,
        334.9
    ],
    "features": [
        "CC_Thermal_Conductivity",
        "Current_Collector",
        "Current_Density",
        "E_Bare_Anion_Radius",
        "E_Cation_Radius",
        "Is_Binder",
        "M_Density",
        "Morphology_Encoded",
        "Potential_Window",
        "Synthesis_Method"
    ]
}