{
    "R2_score": [
        -0.0005196446745241445,
        -3.739211102303842,
        -0.38408233787584045,
        -0.22522783270052793,
        -0.03187332083512717,
        -0.022078062930832587,
        -0.21129786297470554,
        -0.318648668596045,
        -0.00018809449495083008,
        -0.20386743620828152
    ],
    "MAE_score": [
        144.92037575757575,
        162.43210031347965,
        129.0230357142857,
        371.0825848484848,
        177.89424848484845,
        240.3299606060606,
        95.35268181818182,
        135.44084848484846,
        155.825,
        132.7481792717087
    ],
    "RMSE_score": [
        202.11863686773395,
        180.35395062460063,
        155.1207086012642,
        553.5531486222477,
        201.81407299578908,
        258.9232373743716,
        109.38528384768225,
        153.61114503590989,
        175.23365594336153,
        160.30972110979292
    ],
    "y_predict": [
        286.4580606060606,
        286.4580606060606,
        286.4580606060606,
        286.4580606060606,
        280.1361904761905,
        280.1361904761905,
        280.1361904761905,
        280.1361904761905,
        286.4580606060606,
        286.4580606060606,
        286.4580606060606,
        286.4580606060606,
        291.1372727272727,
        291.1372727272727,
        291.1372727272727,
        291.1372727272727,
        260.54042424242425,
        260.54042424242425,
        260.54042424242425,
        260.54042424242425,
        286.6962424242424,
        286.6962424242424,
        286.6962424242424,
        286.6962424242424,
        294.36169696969694,
        294.36169696969694,
        294.36169696969694,
        294.36169696969694,
        260.54042424242425,
        260.54042424242425,
        260.54042424242425,
        260.54042424242425,
        280.1361904761905,
        280.1361904761905,
        280.1361904761905,
        280.1361904761905,
        282.3637575757576,
        282.3637575757576,
        282.3637575757576,
        282.3637575757576,
        291.1372727272727,
        291.1372727272727,
        291.1372727272727,
        291.1372727272727,
        294.36169696969694,
        294.36169696969694,
        294.36169696969694,
        294.36169696969694,
        286.4580606060606,
        286.4580606060606,
        286.4580606060606,
        286.4580606060606,
        280.1361904761905,
        280.1361904761905,
        280.1361904761905,
        280.1361904761905,
        286.4580606060606,
        286.4580606060606,
        286.4580606060606,
        286.4580606060606,
        290.31230303030304,
        290.31230303030304,
        290.31230303030304,
        290.31230303030304,
        290.31230303030304,
        290.31230303030304,
        290.31230303030304,
        290.31230303030304,
        295.7236781609196,
        295.7236781609196,
        295.7236781609196,
        295.7236781609196,
        293.70720238095237,
        293.70720238095237,
        293.70720238095237,
        293.70720238095237,
        294.36169696969694,
        294.36169696969694,
        294.36169696969694,
        294.36169696969694,
        286.6962424242424,
        286.6962424242424,
        286.6962424242424,
        286.6962424242424,
        282.3637575757576,
        282.3637575757576,
        282.3637575757576,
        282.3637575757576,
        294.36169696969694,
        294.36169696969694,
        294.36169696969694,
        294.36169696969694,
        293.70720238095237,
        293.70720238095237,
        293.70720238095237,
        293.70720238095237,
        260.54042424242425,
        260.54042424242425,
        260.54042424242425,
        260.54042424242425,
        286.6962424242424,
        286.6962424242424,
        286.6962424242424,
        286.6962424242424,
        282.3637575757576,
        282.3637575757576,
        282.3637575757576,
        282.3637575757576,
        295.7236781609196,
        295.7236781609196,
        295.7236781609196,
        295.7236781609196,
        282.3637575757576,
        282.3637575757576,
        282.3637575757576,
        282.3637575757576,
        260.54042424242425,
        260.54042424242425,
        260.54042424242425,
        260.54042424242425,
        291.1372727272727,
        291.1372727272727,
        291.1372727272727,
        291.1372727272727,
        293.70720238095237,
        293.70720238095237,
        293.70720238095237,
        293.70720238095237,
        290.31230303030304,
        290.31230303030304,
        290.31230303030304,
        290.31230303030304,
        280.1361904761905,
        280.1361904761905,
        280.1361904761905,
        280.1361904761905,
        282.3637575757576,
        282.3637575757576,
        282.3637575757576,
        282.3637575757576,
        294.36169696969694,
        294.36169696969694,
        294.36169696969694,
        294.36169696969694,
        280.1361904761905,
        293.70720238095237,
        260.54042424242425,
        260.54042424242425,
        260.54042424242425,
        260.54042424242425,
        286.6962424242424,
        286.6962424242424,
        286.6962424242424,
        286.6962424242424,
        293.70720238095237,
        293.70720238095237,
        293.70720238095237,
        293.70720238095237,
        290.31230303030304,
        290.31230303030304,
        290.31230303030304,
        290.31230303030304,
        290.31230303030304,
        290.31230303030304,
        290.31230303030304,
        290.31230303030304,
        291.1372727272727,
        291.1372727272727,
        291.1372727272727,
        291.1372727272727,
        291.1372727272727,
        291.1372727272727,
        291.1372727272727,
        291.1372727272727,
        295.7236781609196,
        295.7236781609196,
        295.7236781609196,
        286.4580606060606,
        286.4580606060606,
        286.4580606060606,
        286.4580606060606,
        286.6962424242424,
        286.6962424242424,
        286.6962424242424,
        286.6962424242424
    ],