{
    "R2_score": [
        -0.006872469068725406,
        -0.2507572073077995,
        -0.0008061092472848586,
        -0.08020609159163361,
        -0.6712750096403401,
        -2.0570243647826465,
        -0.08079946251021797,
        -0.0030991211801711938,
        -0.020902648486039954,
        -0.22745285328869635
    ],
    "MAE_score": [
        136.90795751633982,
        181.95196765498653,
        135.2000037707391,
        205.1186699346405,
        140.0996764705882,
        97.56811764705884,
        112.11178733031674,
        143.85149681528662,
        191.99625000000003,
        80.3941826923077
    ],
    "RMSE_score": [
        153.13791429219103,
        229.6771365192421,
        154.2869193602468,
        235.58068068289484,
        154.39365866075576,
        112.14946229526933,
        129.29191313818694,
        180.59301123103046,
        200.90255267530253,
        95.97432631616931
    ],
    "y_predict": [
        245.211974522293,
        245.211974522293,
        245.211974522293,
        245.211974522293,
        249.24487500000004,
        249.24487500000004,
        249.24487500000004,
        249.24487500000004,
        243.48165605095542,
        243.48165605095542,
        243.48165605095542,
        243.48165605095542,
        256.77568627450984,
        256.77568627450984,
        256.77568627450984,
        256.77568627450984,
        245.71006410256408,
        245.71006410256408,
        245.71006410256408,
        245.71006410256408,
        237.81811320754719,
        237.81811320754719,
        237.81811320754719,
        237.81811320754719,
        242.6665384615385,
        242.6665384615385,
        242.6665384615385,
        242.6665384615385,
        245.71006410256408,
        245.71006410256408,
        245.71006410256408,
        245.71006410256408,
        249.24487500000004,
        249.24487500000004,
        249.24487500000004,
        249.24487500000004,
        238.71915032679738,
        238.71915032679738,
        238.71915032679738,
        238.71915032679738,
        256.77568627450984,
        256.77568627450984,
        256.77568627450984,
        256.77568627450984,
        242.6665384615385,
        242.6665384615385,
        242.6665384615385,
        242.6665384615385,
        245.211974522293,
        245.211974522293,
        245.211974522293,
        245.211974522293,
        249.24487500000004,
        249.24487500000004,
        249.24487500000004,
        249.24487500000004,
        243.48165605095542,
        243.48165605095542,
        243.48165605095542,
        243.48165605095542,
        257.4523529411764,
        257.4523529411764,
        257.4523529411764,
        257.4523529411764,
        257.4523529411764,
        257.4523529411764,
        257.4523529411764,
        257.4523529411764,
        242.6665384615385,
        242.6665384615385,
        242.6665384615385,
        242.6665384615385,
        237.81811320754719,
        237.81811320754719,
        237.81811320754719,
        237.81811320754719,
        245.211974522293,
        245.211974522293,
        245.211974522293,
        245.211974522293,
        238.71915032679738,
        238.71915032679738,
        238.71915032679738,
        238.71915032679738,
        245.71006410256408,
        245.71006410256408,
        245.71006410256408,
        245.71006410256408,
        242.6665384615385,
        242.6665384615385,
        242.6665384615385,
        242.6665384615385,
        237.81811320754719,
        237.81811320754719,
        237.81811320754719,
        237.81811320754719,
        257.4523529411764,
        257.4523529411764,
        257.4523529411764,
        257.4523529411764,
        244.67771241830067,
        244.67771241830067,
        244.67771241830067,
        244.67771241830067,
        256.77568627450984,
        256.77568627450984,
        256.77568627450984,
        256.77568627450984,
        244.67771241830067,
        244.67771241830067,
        244.67771241830067,
        244.67771241830067,
        257.4523529411764,
        257.4523529411764,
        257.4523529411764,
        257.4523529411764,
        238.71915032679738,
        238.71915032679738,
        238.71915032679738,
        238.71915032679738,
        238.71915032679738,
        238.71915032679738,
        238.71915032679738,
        238.71915032679738,
        244.67771241830067,
        244.67771241830067,
        244.67771241830067,
        244.67771241830067,
        244.67771241830067,
        244.67771241830067,
        244.67771241830067,
        244.67771241830067,
        249.24487500000004,
        242.6665384615385,
        245.211974522293,
        245.211974522293,
        245.211974522293,
        245.211974522293,
        243.48165605095542,
        243.48165605095542,
        243.48165605095542,
        243.48165605095542,
        245.71006410256408,
        245.71006410256408,
        245.71006410256408,
        245.71006410256408,
        238.71915032679738,
        238.71915032679738,
        238.71915032679738,
        238.71915032679738,
        257.4523529411764,
        257.4523529411764,
        257.4523529411764,
        257.4523529411764,
        256.77568627450984,
        256.77568627450984,
        256.77568627450984,
        256.77568627450984,
        256.77568627450984,
        256.77568627450984,
        256.77568627450984,
        256.77568627450984,
        245.71006410256408,
        237.81811320754719,
        237.81811320754719,
        243.48165605095542,
        243.48165605095542,
        243.48165605095542,
        243.48165605095542,
        244.67771241830067,
        244.67771241830067,
        244.67771241830067,
        244.67771241830067
    ],