{
    "R2_score": [
        -0.0790139097112803,
        -0.07399302656435469,
        -0.00015169661847513893,
        -0.04505598336416461,
        -0.032976165060516704,
        -0.0022715490324278775,
        -0.01868890592807615,
        -0.09701570628354017,
        -0.04878352331820324,
        -0.005306040047585947
    ],
    "MAE_score": [
        194.4755897273304,
        264.00698478123013,
        184.8359004438808,
        160.38872542802793,
        207.01639822447683,
        159.47510312707917,
        103.06666666666668,
        186.10916167664672,
        153.52658349966734,
        143.6977711244178
    ],
    "RMSE_score": [
        251.10291475312988,
        405.66213060044237,
        262.60272255976787,
        190.73545306375382,
        328.6008954285646,
        189.4768342090296,
        125.93778324787147,
        206.8413767088459,
        174.70116703812374,
        205.3671443803877
    ],
    "y_predict": [
        280.16843373493975,
        289.86425149700597,
        286.530421686747,
        287.85796407185626,
        280.16843373493975,
        287.85796407185626,
        282.130843373494,
        292.1831137724551,
        292.1831137724551,
        275.2627108433735,
        280.16843373493975,
        282.130843373494,
        286.530421686747,
        292.1831137724551,
        287.64994011976046,
        293.1769277108434,
        293.1769277108434,
        292.1831137724551,
        275.2627108433735,
        293.1769277108434,
        287.64994011976046,
        289.86425149700597,
        282.130843373494,
        287.07592814371253,
        293.1769277108434,
        287.07592814371253,
        282.130843373494,
        282.130843373494,
        280.16843373493975,
        275.2627108433735,
        275.2627108433735,
        286.530421686747,
        280.16843373493975,
        287.85796407185626,
        292.1831137724551,
        293.1769277108434,
        282.130843373494,
        289.86425149700597,
        286.530421686747,
        287.07592814371253,
        280.16843373493975,
        286.530421686747,
        293.1769277108434,
        287.85796407185626,
        280.16843373493975,
        293.1769277108434,
        286.530421686747,
        287.07592814371253,
        289.86425149700597,
        287.85796407185626,
        289.86425149700597,
        293.1769277108434,
        287.64994011976046,
        287.85796407185626,
        289.86425149700597,
        275.2627108433735,
        275.2627108433735,
        289.86425149700597,
        289.86425149700597,
        292.1831137724551,
        275.2627108433735,
        287.07592814371253,
        287.85796407185626,
        289.86425149700597,
        280.16843373493975,
        275.2627108433735,
        275.2627108433735,
        286.530421686747,
        293.1769277108434,
        293.1769277108434,
        280.16843373493975,
        287.64994011976046,
        292.1831137724551,
        287.85796407185626,
        287.64994011976046,
        275.2627108433735,
        286.530421686747,
        287.07592814371253,
        282.130843373494,
        287.07592814371253,
        287.85796407185626,
        287.07592814371253,
        293.1769277108434,
        292.1831137724551,
        287.07592814371253,
        282.130843373494,
        287.07592814371253,
        287.64994011976046,
        289.86425149700597,
        292.1831137724551,
        286.530421686747,
        292.1831137724551,
        287.64994011976046,
        282.130843373494,
        287.07592814371253,
        280.16843373493975,
        286.530421686747,
        293.1769277108434,
        293.1769277108434,
        287.64994011976046,
        280.16843373493975,
        280.16843373493975,
        287.64994011976046,
        287.64994011976046,
        286.530421686747,
        287.85796407185626,
        287.64994011976046,
        289.86425149700597,
        282.130843373494,
        286.530421686747,
        292.1831137724551,
        293.1769277108434,
        287.07592814371253,
        275.2627108433735,
        282.130843373494,
        282.130843373494,
        287.64994011976046,
        293.1769277108434,
        280.16843373493975,
        275.2627108433735,
        286.530421686747,
        287.64994011976046,
        282.130843373494,
        287.85796407185626,
        275.2627108433735,
        287.85796407185626,
        275.2627108433735,
        287.85796407185626,
        282.130843373494,
        289.86425149700597,
        287.64994011976046,
        292.1831137724551,
        280.16843373493975,
        286.530421686747,
        292.1831137724551,
        275.2627108433735,
        286.530421686747,
        287.07592814371253,
        287.85796407185626,
        280.16843373493975,
        287.07592814371253,
        280.16843373493975,
        287.07592814371253,
        280.16843373493975,
        287.85796407185626,
        282.130843373494,
        275.2627108433735,
        286.530421686747,
        293.1769277108434,
        287.64994011976046,
        282.130843373494,
        287.64994011976046,
        280.16843373493975,
        292.1831137724551,
        287.07592814371253,
        286.530421686747,
        293.1769277108434,
        289.86425149700597,
        282.130843373494,
        286.530421686747,
        289.86425149700597,
        292.1831137724551,
        292.1831137724551,
        293.1769277108434,
        292.1831137724551,
        275.2627108433735,
        287.85796407185626,
        292.1831137724551,
        280.16843373493975,
        289.86425149700597,
        275.2627108433735,
        287.85796407185626,
        287.07592814371253,
        286.530421686747,
        289.86425149700597,
        293.1769277108434,
        275.2627108433735,
        282.130843373494,
        289.86425149700597,
        287.64994011976046,
        282.130843373494,
        289.86425149700597,
        287.85796407185626,
        287.07592814371253,
        287.64994011976046
    ],