{
    "R2_score": [
        -6.446536312720852e-05,
        -0.04953072402220848,
        -0.005233029597904615,
        -0.06460036451190154,
        -0.15113315687462747,
        -0.01689148167576282,
        -0.001097235227621507,
        -5.683036261827645e-05,
        -0.001991050299910535,
        -0.029998677233193938
    ],
    "MAE_score": [
        116.12611111111111,
        130.6146523297491,
        142.19,
        140.6173076923077,
        132.8252488687783,
        166.24344268476622,
        107.0868891402715,
        138.61813348416285,
        161.77039592760184,
        180.28023755656105
    ],
    "RMSE_score": [
        138.58175786719895,
        152.05693465259813,
        160.92711287345904,
        154.47239562582413,
        154.003962282169,
        197.46581678379104,
        125.03535271185514,
        184.52937165563122,
        192.19709974609523,
        209.31485387417933
    ],
    "y_predict": [
        240.65692307692305,
        246.9822435897436,
        244.93225806451613,
        246.5471153846154,
        242.40115384615385,
        246.5471153846154,
        242.40115384615385,
        246.5471153846154,
        246.0036538461538,
        246.02458064516128,
        240.65692307692305,
        242.40115384615385,
        249.5772903225806,
        246.0036538461538,
        249.6505769230769,
        246.02458064516128,
        249.5772903225806,
        246.0036538461538,
        249.5772903225806,
        249.5772903225806,
        249.6505769230769,
        246.9822435897436,
        242.40115384615385,
        240.65692307692305,
        249.5772903225806,
        240.65692307692305,
        244.93225806451613,
        242.40115384615385,
        240.65692307692305,
        249.5772903225806,
        249.5772903225806,
        246.02458064516128,
        242.40115384615385,
        248.64121794871795,
        246.5471153846154,
        246.5471153846154,
        244.93225806451613,
        246.9822435897436,
        246.02458064516128,
        248.64121794871795,
        240.65692307692305,
        246.02458064516128,
        246.02458064516128,
        246.5471153846154,
        240.65692307692305,
        249.5772903225806,
        246.5471153846154,
        248.64121794871795,
        246.9822435897436,
        246.5471153846154,
        246.9822435897436,
        244.93225806451613,
        249.6505769230769,
        246.5471153846154,
        246.9822435897436,
        249.5772903225806,
        246.02458064516128,
        246.9822435897436,
        246.9822435897436,
        246.0036538461538,
        246.02458064516128,
        248.64121794871795,
        248.64121794871795,
        246.9822435897436,
        240.65692307692305,
        249.5772903225806,
        244.93225806451613,
        242.40115384615385,
        244.93225806451613,
        242.40115384615385,
        246.0036538461538,
        249.6505769230769,
        246.0036538461538,
        248.64121794871795,
        249.6505769230769,
        242.40115384615385,
        242.40115384615385,
        246.5471153846154,
        246.02458064516128,
        240.65692307692305,
        246.5471153846154,
        240.65692307692305,
        246.02458064516128,
        246.0036538461538,
        248.64121794871795,
        244.93225806451613,
        248.64121794871795,
        249.6505769230769,
        246.9822435897436,
        246.0036538461538,
        246.02458064516128,
        246.0036538461538,
        249.6505769230769,
        249.5772903225806,
        248.64121794871795,
        242.40115384615385,
        240.65692307692305,
        244.93225806451613,
        248.64121794871795,
        249.6505769230769,
        242.40115384615385,
        244.93225806451613,
        249.6505769230769,
        249.6505769230769,
        240.65692307692305,
        246.5471153846154,
        249.6505769230769,
        246.9822435897436,
        246.02458064516128,
        246.5471153846154,
        246.0036538461538,
        246.02458064516128,
        246.5471153846154,
        246.02458064516128,
        246.02458064516128,
        249.5772903225806,
        249.6505769230769,
        248.64121794871795,
        242.40115384615385,
        244.93225806451613,
        240.65692307692305,
        249.6505769230769,
        240.65692307692305,
        240.65692307692305,
        246.02458064516128,
        242.40115384615385,
        244.93225806451613,
        246.5471153846154,
        240.65692307692305,
        246.9822435897436,
        249.6505769230769,
        246.0036538461538,
        246.0036538461538,
        242.40115384615385,
        246.0036538461538,
        248.64121794871795,
        244.93225806451613,
        246.02458064516128,
        248.64121794871795,
        249.5772903225806,
        240.65692307692305,
        249.5772903225806,
        242.40115384615385,
        249.5772903225806,
        246.9822435897436,
        248.64121794871795,
        249.5772903225806,
        244.93225806451613,
        246.0036538461538,
        249.6505769230769,
        244.93225806451613,
        249.6505769230769,
        248.64121794871795,
        249.5772903225806,
        249.5772903225806,
        246.0036538461538,
        246.0036538461538,
        244.93225806451613,
        246.9822435897436,
        246.0036538461538,
        246.5471153846154,
        242.40115384615385,
        246.02458064516128,
        246.9822435897436,
        244.93225806451613,
        248.64121794871795,
        244.93225806451613,
        246.9822435897436,
        248.64121794871795,
        244.93225806451613,
        246.9822435897436,
        246.5471153846154,
        249.6505769230769
    ],