{
    "R2_score": -0.006726489206294817,
    "MAE_score": 227.60268078889703,
    "RMSE_score": 338.8862939091646,
    "y_predict": [
        280.6581081081081,
        280.6581081081081,
        280.6581081081081,
        280.6581081081081,
        280.6581081081081,
        280.6581081081081,
        280.6581081081081,
        280.6581081081081,
        280.6581081081081,
        280.6581081081081,
        280.6581081081081,
        280.6581081081081,
        280.6581081081081,
        280.6581081081081,
        280.6581081081081,
        280.6581081081081,
        280.6581081081081,
        280.6581081081081,
        280.6581081081081,
        280.6581081081081,
        280.6581081081081,
        280.6581081081081,
        280.6581081081081,
        280.6581081081081,
        280.6581081081081,
        280.6581081081081,
        280.6581081081081,
        280.6581081081081,
        280.6581081081081,
        280.6581081081081,
        280.6581081081081,
        280.6581081081081,
        280.6581081081081,
        280.6581081081081,
        280.6581081081081,
        280.6581081081081,
        280.6581081081081
    ],
    "y_true": [
        399.7,
        352.5,
        60.3,
        62.2,
        115.0,
        198.0,
        548.0,
        94.6,
        97.9,
        188.8,
        215.28,
        22.1,
        87.23,
        276.0,
        220.0,
        1074.5,
        6.0,
        193.6,
        67.6,
        232.0,
        11.6,
        419.13,
        201.8,
        1340.0,
        455.0,
        333.94,
        750.1,
        528.8,
        216.0,
        109.9,
        98.3,
        88.0,
        82.5,
        422.0,
        92.9,
        1440.0,
        308.0
    ],
    "features": [
        "CC_Thermal_Conductivity",
        "Current_Collector",
        "Current_Density",
        "E_Bare_Anion_Radius",
        "E_Cation_Radius",
        "Is_Binder",
        "M_Density",
        "Morphology_Encoded",
        "Potential_Window",
        "Synthesis_Method"
    ]
}