{
    "R2_score": -0.015173615803667495,
    "MAE_score": 126.50913250517601,
    "RMSE_score": 147.5525268114798,
    "y_predict": [
        249.7899275362319,
        249.7899275362319,
        249.7899275362319,
        249.7899275362319,
        249.7899275362319,
        249.7899275362319,
        249.7899275362319,
        249.7899275362319,
        249.7899275362319,
        249.7899275362319,
        249.7899275362319,
        249.7899275362319,
        249.7899275362319,
        249.7899275362319,
        249.7899275362319,
        249.7899275362319,
        249.7899275362319,
        249.7899275362319,
        249.7899275362319,
        249.7899275362319,
        249.7899275362319,
        249.7899275362319,
        249.7899275362319,
        249.7899275362319,
        249.7899275362319,
        249.7899275362319,
        249.7899275362319,
        249.7899275362319,
        249.7899275362319,
        249.7899275362319,
        249.7899275362319,
        249.7899275362319,
        249.7899275362319,
        249.7899275362319,
        249.7899275362319
    ],
    "y_true": [
        140.0,
        149.0,
        310.4,
        118.4,
        333.94,
        82.5,
        240.6,
        198.0,
        354.8,
        377.13,
        565.3,
        260.4,
        131.0,
        25.0,
        325.0,
        455.0,
        287.4,
        94.6,
        423.0,
        11.6,
        118.4,
        211.8,
        58.1,
        391.6,
        59.7,
        221.9,
        66.5,
        145.9,
        548.0,
        64.8,
        352.5,
        355.6,
        235.0,
        93.4,
        305.0
    ],
    "features": [
        "CC_Electrical_Conductivity",
        "CC_Thermal_Conductivity",
        "Current_Density",
        "E_Anion_Radius",
        "E_Ionic_Conductivity",
        "Is_Binder",
        "M_Density",
        "Morphology_Encoded",
        "Potential_Window",
        "Synthesis_Method"
    ]
}