{
    "R2_score": [
        0.3516458885573509,
        0.5466155407157556,
        0.662823583788559,
        0.09560404659391819,
        0.5295507379322483,
        0.41344885480391613,
        0.3105118665924669,
        0.24924874520268858,
        0.328172589012654,
        0.34068119579515066
    ],
    "MAE_score": [
        133.63681170821866,
        147.43278398200877,
        104.78075958828354,
        125.00319323912142,
        111.37197673334863,
        104.72944072377724,
        85.39053788030384,
        130.83675490154926,
        104.44696453225214,
        110.49362739922039
    ],
    "RMSE_score": [
        194.6454996320457,
        263.5706523027326,
        152.47367974017803,
        177.43567887604337,
        221.75835329413744,
        144.9493800470915,
        103.60927968076268,
        171.1114337659379,
        139.82400512472327,
        166.314283637009
    ],
    "y_predict": [
        276.409516778713,
        261.06274049204046,
        192.81707483043905,
        198.4398759402429,
        306.77301709813685,
        354.4033903770943,
        402.20063214153197,
        377.9215267349166,
        329.06293591540265,
        439.39194690014284,
        308.4763049216337,
        434.40080360041827,
        319.9235894969595,
        324.3662796976719,
        307.84343561593,
        340.3074828426788,
        470.39322512759156,
        515.018928787887,
        523.0355182825165,
        470.39322512759156,
        481.1512455404983,
        517.1845135540099,
        584.3842426503461,
        517.8227204608115,
        470.39322512759156,
        517.8227204608115,
        584.3842426503461,
        584.3842426503461,
        638.5139026455765,
        668.5609113976658,
        648.4228192600012,
        760.9510531256208,
        310.05050719293837,
        337.0795495465857,
        335.17540703581784,
        318.8322258690181,
        385.2061933110615,
        455.223064197329,
        385.53139170252547,
        416.49577218477555,
        413.4742628720781,
        378.0460716013159,
        365.2208248978417,
        343.6748977393504,
        165.79422383460175,
        148.36797949374736,
        124.63154185202345,
        114.98833299211309,
        342.21674500081855,
        212.79302612506226,
        164.89998570483434,
        195.2954715670301,
        251.9982800266582,
        135.1755045764199,
        163.42324313776916,
        138.45086266743863,
        310.75107695333065,
        213.22376325789196,
        146.97898672753658,
        193.96894410807374,
        366.8530360710817,
        467.2272561608224,
        507.68024460426363,
        545.2232551746158,
        176.14357970351446,
        131.73315320696855,
        135.3251610505024,
        137.61646501991305,
        145.2227269289383,
        140.6091687883789,
        108.17674689311548,
        129.21546596074367,
        430.07603410761146,
        195.39437918728655,
        178.2134274235898,
        164.59377741418186,
        223.29748933571867,
        168.30469216293625,
        153.39879702255206,
        119.86856179290082,
        213.02745227883642,
        346.53310494729794,
        234.49617832634536,
        251.86179609688023,
        333.1217042990801,
        384.8358896492126,
        231.97084672797163,
        275.72924112467746,
        545.7264188123278,
        512.1511708477562,
        382.86671111023685,
        490.51430939469753,
        349.3273411704407,
        351.6170897418877,
        216.08617372289464,
        168.72941672013798,
        405.59561190417287,
        328.8168033088679,
        174.93127339639497,
        142.02329496201705,
        360.0984405585824,
        273.7791582066932,
        171.5986802255223,
        142.02329496201705,
        128.60901616826126,
        76.49710232518142,
        63.95110618722606,
        47.26243673620859,
        179.40348343084372,
        268.61772120113505,
        263.42001503783536,
        302.04325561849396,
        220.2358832647972,
        165.52811629730894,
        186.69434518268275,
        186.69434518268275,
        182.3666116044542,
        142.15832763947657,
        126.14012371672221,
        113.88917942070962,
        359.17810022174467,
        325.83367065464665,
        343.0273146692426,
        337.0795495465857,
        558.8019620349949,
        447.62471246147095,
        429.0970805287003,
        435.2950747089371,
        469.9280209663387,
        413.37625364447973,
        415.8023863133355,
        367.1721221294782,
        513.2680676025481,
        441.48919789255984,
        450.7522180121489,
        408.95898839103575,
        488.05856797106156,
        438.6935943209196,
        435.2950747089371,
        417.50720426589135,
        250.82727592016047,
        223.52881590197478,
        147.24878454677324,
        158.49372608804086,
        225.25042400778003,
        385.2061933110615,
        403.09341419357696,
        467.7074281079229,
        495.12957699632983,
        497.0609904467436,
        103.62112160176328,
        63.95110618722606,
        29.21021012405077,
        45.21352375237775,
        185.90244217480173,
        43.55591198413309,
        154.84036530969016,
        151.66469179058797,
        69.91472263702862,
        46.13619602458414,
        29.383151572759022,
        -17.34802857923914,
        113.19526071931206,
        20.580695430453357,
        3.513196013981352,
        -2.444399851363756,
        308.3878267325251,
        167.9844427671334,
        160.97750880289107,
        176.6932613771153,
        257.34678527626903,
        172.06777345339327,
        196.74348110657633,
        167.80919293193742,
        455.223064197329,
        362.9101878112526,
        403.461147065265,
        208.9637570327216,
        246.75015229808184,
        239.0546117036083,
        253.72482009933847,
        251.5184041370651,
        197.68596158700228,
        259.9782134449782,
        229.14506114850195
    ],