{
    "R2_score": 0.5093691659731782,
    "MAE_score": 129.03940646647635,
    "RMSE_score": 197.18951482831454,
    "y_predict": [
        249.29108104496393,
        528.3875597761133,
        481.3102908714074,
        193.50131253744343,
        42.73428068370266,
        481.3102908714074,
        373.23603139957015,
        333.6201863528013,
        253.93716427935513,
        412.99833272309525,
        481.3102908714074,
        480.42674837237234,
        209.55720365441024,
        250.0610712268258,
        97.29092967992088,
        269.8023694852445,
        -11.983471723661532,
        707.0557310536726,
        333.1999025945555,
        116.09640130619529,
        480.42674837237234,
        387.4971522059937,
        -26.47695681745051,
        250.0610712268258,
        221.9217367983066,
        370.478150339363,
        10.289376843309999,
        296.301713869993,
        57.22776577749165,
        250.0610712268258,
        338.71307291578296,
        187.33344427591015,
        222.93786779669108,
        296.301713869993,
        481.3102908714074,
        203.13652003686428,
        316.0611260940199
    ],
    "y_true": [
        232.0,
        565.3,
        310.0,
        112.0,
        64.8,
        1074.5,
        455.0,
        326.9,
        227.0,
        473.7,
        340.3,
        405.0,
        100.63,
        98.5,
        163.9,
        6.0,
        45.4,
        1440.0,
        434.0,
        66.5,
        140.0,
        334.0,
        41.8,
        98.3,
        188.8,
        235.0,
        58.1,
        67.6,
        93.4,
        104.2,
        294.1,
        100.0,
        329.0,
        27.2,
        413.6,
        109.9,
        334.9
    ],
    "features": [
        "CC_Thermal_Conductivity",
        "Current_Collector",
        "Current_Density",
        "E_Bare_Anion_Radius",
        "E_Cation_Radius",
        "Is_Binder",
        "M_Density",
        "Morphology_Encoded",
        "Potential_Window",
        "Synthesis_Method"
    ]
}