{
    "R2_score": 0.6983414339443699,
    "MAE_score": 73.66164904948133,
    "RMSE_score": 99.0158652683392,
    "y_predict": [
        489.8303916491495,
        272.36221127804504,
        160.88286441111833,
        251.78659739633605,
        459.6138021262623,
        155.7106301467315,
        352.7663860363283,
        336.3463235043064,
        136.22171012070064,
        245.84840726719392,
        274.0393526644635,
        352.7663860363283,
        223.01492233606024,
        459.6138021262623,
        339.7189808953434,
        339.2693685009308,
        352.7663860363283,
        120.04518892612221,
        53.056000659478556,
        226.31430960814825,
        335.0155558722001,
        133.8032536874858,
        128.73240018306464,
        57.29768553032525,
        265.8701280393008,
        462.11581105460994,
        170.47022311747233,
        27.033538818633925,
        274.0393526644635,
        76.70301708534107,
        382.7063131584857,
        398.58374742116933,
        340.7363665422113,
        49.572046677458594,
        115.94000018018242
    ],
    "y_true": [
        706.7,
        100.0,
        101.7,
        396.0,
        512.3,
        162.0,
        581.6,
        455.0,
        112.0,
        97.9,
        326.9,
        422.0,
        232.0,
        297.8,
        355.6,
        377.13,
        394.7,
        73.8,
        59.7,
        65.0,
        381.4,
        31.9,
        62.32,
        64.8,
        368.7,
        473.7,
        82.5,
        11.6,
        287.4,
        98.3,
        352.5,
        423.0,
        131.0,
        60.3,
        170.0
    ],
    "features": [
        "Binder_Type",
        "CC_Electrical_Conductivity",
        "Current_Density",
        "E_Anion_Radius",
        "E_Ionic_Conductivity",
        "Is_Binder",
        "M_Density",
        "Morphology_Encoded",
        "Potential_Window",
        "Synthesis_Method"
    ]
}