{
    "importance_mean": [
        0.4506230083027411,
        0.2260012984640865,
        0.14350188131910674,
        0.11017765000155211,
        0.08667671179996145,
        0.06286012509904212,
        0.04336501257088995,
        -0.00010771098357423014,
        -0.02617719681320376,
        -0.037201965996627735,
        -0.06415994107050313
    ],
    "importance_std": [
        0.5009217815505583,
        0.2212700621886075,
        0.2493204443313484,
        0.15048727486301508,
        0.08307151842160833,
        0.17028720060638913,
        0.15675402823459023,
        0.059566259227492604,
        0.055046508535301714,
        0.07373854844257395,
        0.17148598447446953
    ],
    "features": [
        "Current_Density",
        "Binder_Type",
        "Potential_Window",
        "Morphology_Encoded",
        "M_Density",
        "Synthesis_Method",
        "E_Cation_Radius",
        "Is_Binder",
        "Current_Collector",
        "CC_Thermal_Conductivity",
        "E_Bare_Anion_Radius"
    ]
}