{
    "importance_mean": [
        0.2863853141233007,
        0.23603642146176673,
        0.14490546555432118,
        0.13046557999087466,
        0.09720339426223293,
        0.08959111018520374,
        0.08386627165712665,
        0.08086950123182772,
        0.035752985590436354,
        0.02681707036465606
    ],
    "importance_std": [
        0.2524963544996606,
        0.29579616967935596,
        0.24174022738228532,
        0.15391512893205453,
        0.1317615725442708,
        0.13298619843162246,
        0.0902347229499348,
        0.17929782105248374,
        0.07873141412016234,
        0.052849929108042384
    ],
    "features": [
        "Current_Density",
        "Binder_Type",
        "Potential_Window",
        "Synthesis_Method",
        "CC_Electrical_Conductivity",
        "E_Ionic_Conductivity",
        "M_Density",
        "Morphology_Encoded",
        "Is_Binder",
        "E_Anion_Radius"
    ]
}