{
    "importance_mean": [
        0.5203268632714206,
        0.36979507314659366,
        0.17649543636932263,
        0.16155996450250573,
        0.1160801126304883,
        0.11388081758224049,
        0.042279094999458436,
        0.03854578012462912,
        0.03372940103183027,
        0.023578062187276587
    ],
    "importance_std": [
        0.4581966487528096,
        0.31723035823473755,
        0.15716400002832098,
        0.23838685859144532,
        0.06305564812226089,
        0.055153062577224486,
        0.03177777978853045,
        0.018867809863868792,
        0.03448935934518113,
        0.028710256338776517
    ],
    "features": [
        "Current_Density",
        "Is_Binder",
        "Potential_Window",
        "CC_Thermal_Conductivity",
        "M_Density",
        "Morphology_Encoded",
        "E_Bare_Anion_Radius",
        "Synthesis_Method",
        "Current_Collector",
        "E_Cation_Radius"
    ]
}