{
    "importance_mean": [
        0.34394291591185466,
        0.29257967979216787,
        0.23788467843797342,
        0.1829028792191664,
        0.11009547263580852,
        0.051981419631431415,
        0.03475385145832649,
        0.026082376188839417,
        0.017122331223009626,
        -0.0004884668922820173
    ],
    "importance_std": [
        0.21156472697926387,
        0.2368103470855338,
        0.1733193503732746,
        0.12184931363238016,
        0.0725059527278317,
        0.04884059603314458,
        0.032317781374526525,
        0.025791773750424254,
        0.028966121902732452,
        0.04081517776401445
    ],
    "features": [
        "Binder_Type",
        "Current_Density",
        "Morphology_Encoded",
        "E_Ionic_Conductivity",
        "Potential_Window",
        "M_Density",
        "Synthesis_Method",
        "CC_Electrical_Conductivity",
        "E_Anion_Radius",
        "Is_Binder"
    ]
}