{
    "importance_mean": [
        0.18660305731677282,
        0.12732952001793185,
        0.11294334693224399,
        0.064083640877934,
        0.05731270465182156,
        0.05325372697927025,
        0.04982032830932874,
        0.025435274505842306,
        0.001085803536476034,
        0.0
    ],
    "importance_std": [
        0.06904622420233153,
        0.12443179988313208,
        0.04975801612331591,
        0.03285721558138761,
        0.06864771298626325,
        0.022848588479965112,
        0.03448053940887365,
        0.029961929638398367,
        0.00531512326300107,
        0.0
    ],
    "features": [
        "Potential_Window",
        "Current_Density",
        "Morphology_Encoded",
        "E_Ionic_Conductivity",
        "M_Density",
        "CC_Electrical_Conductivity",
        "Synthesis_Method",
        "E_Anion_Radius",
        "CC_Thermal_Conductivity",
        "Is_Binder"
    ],
    "R2_score": 0.6635762588688898,
    "MAE_score": 53.61990802001953,
    "RMSE_score": 84.94147693993648
}