{
    "importance_mean": [
        0.380973341049092,
        0.3577105056512958,
        0.19984671039167448,
        0.05331166698396931,
        0.051759843889995695,
        0.04545738661485991,
        0.02922195762105101,
        0.025149268016993305,
        0.01997911241442694,
        0.001009908829781995
    ],
    "importance_std": [
        0.07747388546136269,
        0.07561597642886862,
        0.04246124849611432,
        0.012121202027792568,
        0.014566511285391992,
        0.013924288023186309,
        0.01412757467999396,
        0.011749540915486115,
        0.013006166602267305,
        0.0057936474862233306
    ],
    "features": [
        "Current_Density",
        "CC_Thermal_Conductivity",
        "Is_Binder",
        "M_Density",
        "Current_Collector",
        "Potential_Window",
        "E_Cation_Radius",
        "Morphology_Encoded",
        "Synthesis_Method",
        "E_Bare_Anion_Radius"
    ],
    "R2_score": 0.8797185751361922,
    "MAE_score": 74.28928700421308,
    "RMSE_score": 117.13792819179253
}