{
    "R2_score": [
        0.7819378139689925,
        -2.186927531679619,
        0.36192100631046953,
        0.35716157471311705,
        0.7895143904167923,
        0.7189522941035118,
        0.23509282603252246,
        -0.510071409915271,
        0.5129945195211019,
        0.4726736303400114
    ],
    "MAE_score": [
        73.48236391063196,
        130.9416577231149,
        96.40754660399882,
        280.52923608874346,
        76.61208040773926,
        104.99209059851378,
        75.05900792617437,
        116.73296157898179,
        102.37392492890004,
        78.16371955426065
    ],
    "RMSE_score": [
        94.35908725176859,
        147.89678277631884,
        105.32368373192779,
        400.96070484143934,
        91.14848618400694,
        135.7747517048232,
        86.92361702092278,
        164.3830063001252,
        122.27667079551031,
        106.09875056884941
    ],
    "y_predict": [
        251.13870011367268,
        192.6900258200987,
        179.93630075720677,
        148.6703903840922,
        216.3330091531099,
        163.3045135810499,
        143.9386838017568,
        129.88801233688068,
        349.97718489213116,
        302.7546076814916,
        246.61424248581764,
        206.68144233689836,
        295.60283202021503,
        260.02880999063143,
        256.3620822747336,
        250.2119889931982,
        731.798933227069,
        513.9033972385076,
        375.32132884218686,
        259.57765303203087,
        780.751550915444,
        571.2017346735911,
        433.4021217156526,
        336.21257304251264,
        1002.2657277323837,
        588.2499352256032,
        471.5643214977023,
        370.4987308415904,
        541.3724961299926,
        543.0529652762975,
        561.9034124382897,
        591.3165368122263,
        527.0840415501953,
        533.311064650318,
        534.8817803826416,
        436.85607055469393,
        493.4923986142399,
        439.1731852675001,
        350.1424601751279,
        313.04184414454795,
        335.72676039410806,
        292.0015247612647,
        343.2128098358823,
        314.04449310448194,
        174.82810339775014,
        118.56603309782872,
        138.55154440756914,
        118.70260282323335,
        284.5168743174968,
        229.07244408611223,
        203.73931405197231,
        194.3706173944139,
        291.1060315318871,
        240.61113541976087,
        145.42366691744925,
        136.2902348799129,
        305.187883137407,
        251.08583121005577,
        212.5997579421308,
        194.90950500656524,
        345.9412572306895,
        318.0229124225164,
        281.78017413979717,
        261.69284513949015,
        134.07102800653692,
        69.9973565265681,
        30.631673635720517,
        18.323406531993783,
        282.6949447738442,
        268.30347963200506,
        243.01427696305447,
        207.53550441534827,
        145.95482520927013,
        13.08487626537817,
        35.36773608924352,
        4.787070772199854,
        314.57834823076035,
        237.67490182248963,
        146.40645330143752,
        91.23353513761779,
        343.3667609850513,
        280.3749242935412,
        253.3758721826721,
        244.87893979347697,
        555.4538165363199,
        479.56679104679665,
        458.1093188751534,
        461.34047419599835,
        473.0383338701156,
        410.1881435155953,
        408.69707711925537,
        432.86121960493296,
        183.8674890171834,
        114.63933855146658,
        75.58745062018008,
        44.8210526832427,
        361.86647512749266,
        338.3874283599932,
        304.2048897245014,
        279.5949680005131,
        275.96660309236626,
        277.63840137317476,
        214.7846067574556,
        200.4009635822624,
        244.59872624195742,
        112.20569941590156,
        77.95855311618763,
        63.538628545474666,
        237.32641901143953,
        195.5820394900935,
        168.24122874593735,
        128.0498155136869,
        231.2300416223661,
        191.1123761685554,
        168.96386629457817,
        169.62430155315514,
        194.72445245073976,
        140.42041606391507,
        111.04589052535837,
        99.85078196531086,
        245.44064564932881,
        209.75267053159246,
        164.30684553445332,
        150.09316112963782,
        381.10137761222404,
        273.8166809903492,
        245.17650187380298,
        225.53462591489654,
        565.2764295577291,
        495.37227064960484,
        457.57563566892054,
        408.3611851130738,
        581.5043020107762,
        522.1118793886448,
        501.0791857777481,
        502.5248790477862,
        632.9676581542237,
        552.2531569423982,
        518.2958001156632,
        501.6480970893523,
        231.04279335887048,
        77.4804216599575,
        31.25527609952735,
        4.57633131474131,
        154.3093408175225,
        383.5491665917071,
        409.792102524142,
        401.8185436161761,
        357.5722608198737,
        350.06323559345384,
        93.92032710799589,
        52.311627657869764,
        38.158432686671745,
        34.36521190284091,
        164.1050772474455,
        160.35480344291264,
        149.87810148469126,
        143.89885186553454,
        120.86798939484558,
        91.9262081397618,
        80.291216119256,
        69.70351820948235,
        199.81774872925877,
        166.49685331367732,
        134.827151247392,
        127.40730143924256,
        348.4913862541016,
        214.06052786346646,
        198.5338170713291,
        188.82753446222478,
        211.80426508801008,
        202.49840281141076,
        195.0009241010857,
        190.91502870985056,
        416.66857811708536,
        391.8509741458847,
        391.8509741458847,
        440.0325916376742,
        435.6137374252519,
        448.68771695918554,
        519.9771027323252,
        290.5428471172415,
        276.55144171852726,
        247.8095665346926,
        233.6053999721882
    ],