{
    "R2_score": [
        0.6497309958599353,
        0.5687521318959348,
        0.7533861933993359,
        0.7785222901149123,
        0.7670111333638459,
        0.8482791921955195,
        0.8612614492606256,
        0.8930852317481284,
        0.8462215311591069,
        0.8944018036373833
    ],
    "MAE_score": [
        54.67370305702319,
        53.0397393996425,
        61.15567235210038,
        55.822993798412604,
        51.91675302139856,
        49.65844049403512,
        34.35823186229143,
        44.21028870535144,
        45.45545604833494,
        46.275740777719164
    ],
    "RMSE_score": [
        82.01493059413984,
        97.47026199740945,
        79.70848198019819,
        70.45674712933148,
        69.28459735144826,
        76.27411801736919,
        46.547168680404745,
        60.335374422594136,
        75.29439964510105,
        67.02085525068627
    ],
    "y_predict": [
        221.17007628443704,
        182.9831516053021,
        144.31486257475,
        120.48360543912386,
        346.25034328787217,
        322.23340140678545,
        249.13504385991354,
        257.62985466711586,
        501.38298469015604,
        400.47319212038406,
        424.93970576220414,
        340.5669481348499,
        268.04127598696067,
        225.45355783785305,
        214.31894193396477,
        207.9669335928991,
        497.36403958725697,
        548.1906051379266,
        497.36403958725697,
        497.36403958725697,
        462.57448006531894,
        534.1621099321014,
        528.1359737937378,
        358.334777092287,
        482.68663973862584,
        451.33110496982704,
        373.47141881143,
        300.19154112436865,
        357.52424859204007,
        292.0381323988686,
        311.3530899766715,
        349.4786636805742,
        227.9354552244477,
        178.53686315971413,
        200.2982840001576,
        182.5574884119898,
        193.0178179226743,
        133.23463866887897,
        53.67808338896393,
        29.619825281127817,
        270.23105948574494,
        221.89920332866578,
        164.69778463021044,
        116.25825015370862,
        263.2271438169929,
        243.08747661886983,
        210.68469640397439,
        175.02400110159206,
        492.5029932560526,
        391.86799963263957,
        316.8082834274298,
        380.00952300495686,
        152.78169817938098,
        87.75266532777692,
        63.35507710584284,
        74.09453832912212,
        128.01079504564632,
        98.20807283629645,
        59.080451056018205,
        28.842197639916236,
        173.40771895601551,
        53.95650458903461,
        46.15150300397241,
        82.10035611633361,
        270.23105948574494,
        240.39758348853246,
        152.72253974427764,
        88.4062738063383,
        215.14568188532695,
        171.43571818781118,
        57.705198459559966,
        61.63609409607352,
        640.0667999714134,
        601.2219402198411,
        481.239625028019,
        439.1938791615478,
        302.4604901050917,
        231.44244395552462,
        197.0957961695754,
        126.05218951179349,
        280.943436890169,
        257.4068698511561,
        196.13651630420333,
        150.80909740025095,
        352.1272072226649,
        312.29436538821557,
        299.58328147107716,
        273.8086081424852,
        260.83085452568025,
        217.79842006371422,
        188.7864031606012,
        154.62092654390005,
        279.08299609043536,
        117.9195177598508,
        88.09372399449762,
        65.22248097724474,
        164.77959839517524,
        128.35958844136616,
        110.07183754447257,
        98.0846882343466,
        171.67652674485882,
        124.62941748156261,
        104.979525147136,
        120.01758859405584,
        180.21565777598926,
        120.66471026530395,
        90.25951279863565,
        82.03720184029564,
        291.01973420120095,
        313.73952346575624,
        271.28446975099297,
        270.10947448345325,
        451.3059040625648,
        358.21003530230763,
        333.87767963813536,
        314.318286333468,
        565.9779726346665,
        498.6543654883711,
        457.9780061672783,
        415.54275122902277,
        634.1521113361073,
        528.6595755161183,
        488.1725120262821,
        487.1296292378355,
        635.9928621646852,
        552.0363252626543,
        503.00758073474157,
        501.40799849017935,
        191.92497425436693,
        102.24746819040521,
        52.91150966122132,
        44.380875332802106,
        124.437027155756,
        404.1204537065987,
        184.8499206455976,
        172.5819988650823,
        128.06155342346182,
        124.458955752693,
        108.35090782722281,
        91.3138496694159,
        73.47268080120361,
        66.08310938409033,
        61.27028626897183,
        60.62348587023928,
        53.748567199197254,
        57.788593441293216,
        67.19680630346917,
        62.64240785369461,
        46.29491608429302,
        38.58102886685009,
        112.95707818548269,
        33.85456784266958,
        13.663514113966897,
        9.06061622621678,
        317.5542453244323,
        137.58565171173097,
        118.07573315431384,
        128.6631984907999,
        157.9735316735896,
        134.0110057607199,
        124.78924798678962,
        105.54979408538023,
        412.16122957949057,
        352.0582104997785,
        335.642054894952,
        534.3478786520519,
        582.065863485196,
        391.71688528770704,
        614.5280662834614,
        305.8460051459089,
        331.6133025770781,
        266.48062754330164,
        277.3991628459617
    ],