{
    "R2_score": 0.8806725955683952,
    "MAE_score": 70.97765345015432,
    "RMSE_score": 97.2470635571164,
    "y_predict": [
        334.9351140055077,
        626.4861515108297,
        198.22809134429505,
        189.30077384064046,
        57.21865494560274,
        735.6249730823448,
        389.8429712151467,
        215.26904538370542,
        177.4319838772784,
        558.5633701521785,
        285.64473574436363,
        423.21161012092386,
        99.54347770851325,
        3.863890105311782,
        184.52048346293282,
        65.71488125513017,
        49.1044176182304,
        1383.7940542184426,
        351.2407503233547,
        81.95041455036144,
        393.17336209491657,
        303.3319757937313,
        26.963145996208823,
        -37.05208629868923,
        286.8783072803456,
        277.1580268927058,
        51.95844374446742,
        136.79186925501526,
        82.50702272280031,
        -11.285433054348289,
        247.9650992576972,
        183.65196270643477,
        287.67596401889665,
        141.82082976282652,
        432.6376379630915,
        131.2578881642831,
        228.74716285152056
    ],
    "y_true": [
        232.0,
        565.3,
        310.0,
        112.0,
        64.8,
        1074.5,
        455.0,
        326.9,
        227.0,
        473.7,
        340.3,
        405.0,
        100.63,
        98.5,
        163.9,
        6.0,
        45.4,
        1440.0,
        434.0,
        66.5,
        140.0,
        334.0,
        41.8,
        98.3,
        188.8,
        235.0,
        58.1,
        67.6,
        93.4,
        104.2,
        294.1,
        100.0,
        329.0,
        27.2,
        413.6,
        109.9,
        334.9
    ],
    "features": [
        "CC_Thermal_Conductivity",
        "Current_Collector",
        "Current_Density",
        "E_Bare_Anion_Radius",
        "E_Cation_Radius",
        "Is_Binder",
        "M_Density",
        "Morphology_Encoded",
        "Potential_Window",
        "Synthesis_Method"
    ],
    "params": {
        "depth": 4,
        "learning_rate": 0.2194145818560525,
        "iterations": 273,
        "l2_leaf_reg": 5.099075715620975,
        "border_count": 202
    }
}