{
    "R2_score": 0.7985915578136781,
    "MAE_score": 65.90260337555034,
    "RMSE_score": 80.90694281354293,
    "y_predict": [
        566.9419292038694,
        161.1111826435087,
        124.5136001992041,
        316.77387623771057,
        381.27894747707114,
        145.9035339608191,
        461.98652273182427,
        406.2534044581826,
        118.68764700356623,
        121.86587101897766,
        212.07357000291566,
        461.98652273182427,
        344.91510066363594,
        372.1529755616313,
        493.60353253877037,
        286.16425603765265,
        461.98652273182427,
        83.26600533354173,
        78.17135763446876,
        156.86487361665323,
        513.7187138282324,
        94.97968026101546,
        75.09484547320886,
        67.5920280702143,
        482.9877849874347,
        543.3099898182185,
        41.075569719371316,
        36.211436640105916,
        115.99906330780092,
        84.30318829487726,
        360.52638131381264,
        496.57896761272684,
        232.11621338124087,
        46.24541709729661,
        113.66083639016307
    ],
    "y_true": [
        706.7,
        100.0,
        101.7,
        396.0,
        512.3,
        162.0,
        581.6,
        455.0,
        112.0,
        97.9,
        326.9,
        422.0,
        232.0,
        297.8,
        355.6,
        377.13,
        394.7,
        73.8,
        59.7,
        65.0,
        381.4,
        31.9,
        62.32,
        64.8,
        368.7,
        473.7,
        82.5,
        11.6,
        287.4,
        98.3,
        352.5,
        423.0,
        131.0,
        60.3,
        170.0
    ],
    "features": [
        "Binder_Type",
        "CC_Electrical_Conductivity",
        "Current_Density",
        "E_Anion_Radius",
        "E_Ionic_Conductivity",
        "Is_Binder",
        "M_Density",
        "Morphology_Encoded",
        "Potential_Window",
        "Synthesis_Method"
    ],
    "params": {
        "depth": 5,
        "learning_rate": 0.12612367276452816,
        "iterations": 539,
        "l2_leaf_reg": 9.044599856488524,
        "border_count": 89
    }
}