{
    "R2_score": [
        -0.032046912872455424,
        -0.37951741039699316,
        -0.004648372441009796,
        -0.13670291691186853,
        -0.22713197331927537,
        -0.9897529959256643,
        -0.2951799790988128,
        -0.03677961758438664,
        -0.04745249486149694,
        -0.0062570955970984166
    ],
    "MAE_score": [
        139.85400203914875,
        185.65006353485256,
        129.90234199168455,
        208.3202448825704,
        119.8774724271295,
        74.77433884162629,
        120.76759963319104,
        139.49104464037686,
        187.62491792154248,
        70.15202360964373
    ],
    "RMSE_score": [
        155.04051927710725,
        241.209745747761,
        154.58280237913146,
        241.6628252622504,
        132.2973469658415,
        90.47890359759992,
        141.5350044821868,
        183.59981527501046,
        203.49814627353894,
        86.89747161498164
    ],
    "y_predict": [
        214.86433291926573,
        214.5857803539972,
        214.29659996772676,
        214.0003332331821,
        208.37373770462494,
        208.11945634095756,
        207.9022624786659,
        208.1251276624447,
        220.2077336750943,
        220.13345010931974,
        219.9196700956578,
        218.86871432242998,
        228.326018282637,
        228.26602310679297,
        228.1939581532921,
        228.01724645847216,
        215.37207379808964,
        215.3718557478207,
        215.37163764629742,
        215.37054637021058,
        210.2098504056802,
        209.9313320490628,
        209.69976658383916,
        209.42767193652543,
        211.72766842766015,
        211.68497416254604,
        211.52667469091318,
        210.57504212083734,
        221.61010071549669,
        221.57729306862043,
        221.41456769421157,
        220.26565078549382,
        212.28538626197326,
        211.95238488589857,
        211.06511495972,
        210.57912140221393,
        212.32822869770567,
        212.03474844230257,
        211.66754047331992,
        210.78646146588446,
        224.3049803378077,
        224.21584936771418,
        223.97194710651152,
        223.69925266997072,
        206.97778365873177,
        206.72866276982933,
        206.33983229472247,
        205.92889509636169,
        219.0448347749468,
        217.52664036235382,
        216.19967124269886,
        215.17756279222542,
        209.5099977134456,
        209.34593260183019,
        209.20833204226054,
        209.10256935684143,
        211.5222640701232,
        211.40605601250925,
        211.32559417615786,
        211.28384233402687,
        223.52630505558042,
        222.34250993191304,
        222.63386558779214,
        225.02227452236872,
        221.77352999903238,
        221.5294180726677,
        220.91780444212003,
        220.47314871894318,
        203.73142498946765,
        203.54368400919566,
        203.38205665435228,
        203.2545300078834,
        212.5156100157268,
        212.4464755435841,
        212.37442321613224,
        212.22700914713823,
        225.36630811860545,
        225.22790110299883,
        225.03749152190278,
        224.79754795021194,
        205.1384075210986,
        204.9603924913778,
        204.62225814955167,
        204.07229670311065,
        213.71703129065602,
        213.59734570195477,
        213.3489875211365,
        212.85857704968524,
        204.44054695761392,
        204.29634257256453,
        204.01296111522495,
        203.51274867033274,
        203.61482326035323,
        203.31371405838567,
        202.79159056053302,
        202.15129587457713,
        220.66302631134909,
        220.4485480572783,
        220.08328075617308,
        219.6479913909006,
        204.0534176122732,
        203.4908475547559,
        202.7594425439066,
        202.6258186481755,
        227.49268529264384,
        227.33051680711523,
        226.69135038649523,
        225.61438438079315,
        211.5134147731538,
        210.52595083580292,
        208.96115582808514,
        207.5028490982235,
        233.18541769767504,
        232.9662058590505,
        232.61310274289318,
        231.6074199147609,
        214.58124658080072,
        214.39086932718666,
        214.0854295777566,
        213.19277293577318,
        214.58124658080072,
        214.39086932718666,
        214.0854295777566,
        213.19277293577318,
        221.1963149230978,
        220.88668535041697,
        220.4057086481724,
        219.0336766403218,
        212.23803011412835,
        211.8645797065291,
        211.47728683930055,
        211.09625619431785,
        212.9764058163782,
        211.68497416254604,
        216.16264227909824,
        215.98174699032919,
        215.23616733579985,
        213.96565592687676,
        206.84292521514183,
        206.44354997007363,
        206.15640773507846,
        205.99420844684005,
        205.95449735469114,
        205.53243197713238,
        205.2377431076824,
        205.08494659205883,
        199.853318064095,
        199.41616948544117,
        199.0997029097147,
        198.9191772165289,
        221.6722342295746,
        221.18862247001522,
        220.80095758893708,
        220.53397376572428,
        234.25962489370656,
        234.19499374018176,
        233.9987242109852,
        233.6806028785095,
        228.99825809412013,
        228.84075976583136,
        228.62920880234327,
        228.37333786033312,
        219.9996403346812,
        220.6968696206372,
        220.6968696206372,
        215.54473843817803,
        215.5223124972999,
        215.43005238641123,
        215.28948969088063,
        216.54365531330885,
        216.17066037102597,
        214.61662264054726,
        212.03894400825533
    ],