{
    "R2_score": [
        0.018288441414402445,
        -0.14111698680224927,
        -0.020941382248985452,
        -0.2363752353769153,
        -0.11089212667031689,
        -0.03852677514073011,
        -0.14934654954394078,
        0.04429050077352992,
        0.022432640251124236,
        -0.01940431129579423
    ],
    "MAE_score": [
        167.58904928298446,
        257.51329875785876,
        169.6329898352918,
        172.39491516328349,
        210.35685968379195,
        153.0703777634286,
        114.12694621548127,
        160.90579150438757,
        143.59370077324357,
        142.16758534291415
    ],
    "RMSE_score": [
        239.5136033362791,
        418.1468425451151,
        265.31798490917856,
        207.46115719467855,
        340.7685737469884,
        192.87336948474962,
        133.77062449653764,
        193.06073190208642,
        168.66548692330966,
        206.80215086346445
    ],
    "y_predict": [
        223.32279374145986,
        227.74573966376408,
        225.82736245906952,
        217.89628311068674,
        222.9192668991927,
        216.63002407970004,
        219.73352386055117,
        234.9644427043112,
        240.8783085955661,
        233.32216004703315,
        227.5952153004073,
        225.1287233484594,
        225.89186242775213,
        234.84351432502442,
        224.45820072247267,
        243.433724956702,
        254.11223390491355,
        244.34492513854707,
        235.6351848500812,
        254.1113525531884,
        232.51647286245424,
        235.45049338751966,
        229.6542257963592,
        234.02929163105642,
        254.11223390491355,
        234.03127492266793,
        229.6542257963592,
        229.65256109206246,
        228.86273766024314,
        230.00900481967176,
        229.79834036641157,
        230.95234892599052,
        224.4222868907816,
        218.14970104080115,
        235.58459092872172,
        246.87783559919416,
        224.75149316824033,
        230.49756715900867,
        229.66693237084118,
        227.85961621311827,
        229.30195841766997,
        234.51865025724462,
        251.38975083978147,
        221.9467124380282,
        223.06704178693658,
        243.84472396045675,
        225.18391822627433,
        224.03585296984136,
        236.0647445696183,
        226.72140858643996,
        235.2455323237124,
        253.61929353839545,
        222.1699634324789,
        215.58548187197974,
        224.07691713594073,
        222.08248885695158,
        225.17574686874926,
        228.89032234922092,
        228.4601436752198,
        235.06283097913757,
        232.10119816519352,
        229.94583708580873,
        219.30891040122546,
        229.11195312663412,
        221.73071929008478,
        225.08603392515144,
        224.79128515502495,
        223.7885740293452,
        242.5287673761888,
        242.34246849858962,
        219.8322865173884,
        219.5428102729898,
        236.31213872779574,
        215.88655495829198,
        223.21498016047232,
        227.35153482091482,
        223.71574154667138,
        224.7345731242057,
        219.8743578338476,
        223.35213643262406,
        216.0569144825087,
        226.655758746091,
        245.3237613382266,
        235.51444573508627,
        229.93078144619219,
        225.9226884075517,
        229.70962230481655,
        228.0192290810873,
        235.31043033980353,
        243.73779720779658,
        235.33692109915864,
        243.50722402217468,
        224.7219560639704,
        222.68449550506355,
        226.1071726452756,
        224.02879516034113,
        229.16816068397208,
        250.60869460582535,
        250.34713796881627,
        224.64438213479983,
        226.23075059937648,
        226.07526515801257,
        225.4579993168401,
        224.64438213479983,
        218.77993673895423,
        209.94230045314944,
        215.02430583719874,
        218.99672400977474,
        216.67638721584163,
        220.41731731475562,
        230.28703109540723,
        240.27978735058986,
        219.24931537605642,
        218.25511773234848,
        214.90869194957344,
        214.83860152699793,
        223.46963358492496,
        242.3966253946213,
        221.20479383866046,
        223.81726755546688,
        227.01736157364212,
        224.7261888298628,
        221.455521343277,
        214.82099831446746,
        236.84848645757677,
        227.96238696196465,
        235.9368955075708,
        225.58548041679614,
        233.49109922151632,
        238.8034992574153,
        235.9173032712928,
        245.87241617513965,
        235.66279100196442,
        238.87556337680977,
        246.95770883804613,
        236.08712649738857,
        239.02743234980485,
        237.48259331310624,
        228.44430212170792,
        234.15132358535638,
        227.16877075609966,
        226.1226130518699,
        226.40396763293444,
        225.5160311335394,
        217.56884842811144,
        224.5777146834629,
        228.53533113268648,
        229.09662027882936,
        247.51383617343524,
        224.59681966229016,
        214.8073740210132,
        215.02430583719874,
        213.9559123296599,
        227.64203482657,
        219.82517137285595,
        218.56735286017494,
        238.8931510899211,
        220.31889106415312,
        214.34301223169487,
        218.36068624532442,
        219.16138752712425,
        227.6276305911185,
        230.11542821693277,
        239.21615893527996,
        229.4067751311448,
        221.91353605323138,
        226.34184228406718,
        243.29649760808957,
        232.52061371190408,
        233.91101777963544,
        225.20366515408088,
        218.76746585930943,
        226.20958316197985,
        226.07217113138628,
        231.09718867696665,
        251.39845920674156,
        234.23944040686447,
        225.4487554358409,
        229.5874177313407,
        228.09122824211616,
        225.1351312019638,
        232.14114471578733,
        221.72737824785685,
        230.47214026893167,
        226.35417880498923
    ],