{
    "R2_score": [
        -0.021891308407383736,
        0.05617290439351841,
        -0.025412160778139237,
        -0.16140021568093577,
        -0.27770169742245243,
        0.035228219842486586,
        -0.007084904479929932,
        -0.0021091011786222857,
        0.0075084477848902376,
        0.0440643413338081
    ],
    "MAE_score": [
        117.78502737638635,
        120.07860863516706,
        138.47699725865374,
        146.577308284313,
        137.08097192450717,
        151.26094571795662,
        103.05302620083158,
        131.02098063008995,
        153.8290709908921,
        164.2980739343869
    ],
    "RMSE_score": [
        140.0858986815285,
        144.19655121549008,
        162.53431925520127,
        161.3424055221654,
        162.2496799851309,
        192.33880664173557,
        125.40872014145162,
        184.7186159774928,
        191.28385606558086,
        201.6489878182069
    ],
    "y_predict": [
        209.91150058994356,
        214.66404048916726,
        210.94264921287277,
        213.5653115988522,
        207.30624030407847,
        210.06992326159624,
        206.71159658515802,
        208.8568842463178,
        225.61923034398126,
        221.1540319380744,
        218.80459773533534,
        214.32138524182298,
        215.22118341082515,
        215.95490514015418,
        222.27544833971015,
        212.13148583468035,
        217.02380427454105,
        219.98198652670305,
        217.02331000443937,
        217.02207323486164,
        222.69112314007822,
        215.30779413182876,
        210.77244150161,
        211.52436954644207,
        218.84387911615545,
        217.896864155757,
        218.149103927106,
        212.72304299952637,
        220.32502544438643,
        222.40028506839218,
        222.24758819662011,
        221.09912509060973,
        210.97210759632944,
        219.57924526485593,
        213.00881474499974,
        211.4999486408577,
        218.80733529406575,
        223.7076276798758,
        219.64724085650886,
        226.30949739276707,
        208.92862758085352,
        211.08809101749102,
        210.47821295189138,
        211.7327189393824,
        211.33970985779143,
        215.83289975601744,
        215.1108826133211,
        220.31834557741075,
        220.79339801621043,
        217.73823810481926,
        218.85115928542763,
        213.85140448543126,
        220.07077965972775,
        207.8394996020721,
        212.74334861148935,
        209.50485606381912,
        208.53340589236498,
        213.50523724911062,
        213.4883775567838,
        212.36460804406352,
        211.39070184030552,
        217.65934785120427,
        217.38852950039742,
        215.6117517268124,
        208.92862758085352,
        212.42028575429083,
        209.4415858252933,
        207.91603852792375,
        208.20509359291643,
        206.2084744351433,
        214.6060586250183,
        220.250847921246,
        221.30256900285684,
        224.1914438053815,
        227.11401008507045,
        212.32690396809804,
        217.021802531998,
        223.02483631108998,
        222.4729046276429,
        220.57678614438365,
        212.40784880292452,
        211.3215969433716,
        211.14489508686887,
        213.53107491914656,
        221.14047809309926,
        212.6307699404758,
        220.81408016399737,
        222.81481479468277,
        215.82739483880334,
        215.38032492295616,
        212.16289201725468,
        214.5984324094187,
        214.04194547062886,
        207.88301762261807,
        211.39527287713102,
        202.16510729053158,
        204.03558816959537,
        204.37530605375105,
        213.08309017801255,
        214.88868220072777,
        204.46297829808196,
        204.05786154664816,
        214.70963294792872,
        214.75489280301545,
        210.09588403296468,
        213.62938410070117,
        219.43387044584898,
        212.96599846178933,
        212.7480949171015,
        215.20588320282783,
        214.91279769068566,
        210.07721382220075,
        223.93037679169913,
        222.6324527633117,
        222.29111377955252,
        221.37777359872047,
        233.75881021665032,
        232.24181816872957,
        219.26122741049576,
        221.08331235121298,
        221.74092096370097,
        233.6605021712283,
        221.35947575975467,
        220.39813602059544,
        223.20027403568122,
        219.5985125816802,
        222.27473791922145,
        222.71479420835126,
        210.0691491476932,
        216.3639725657626,
        221.576130432248,
        215.09317684039516,
        217.17505471884357,
        214.225308454891,
        218.20225720220742,
        221.99976747203644,
        211.37905500438595,
        210.66814510607546,
        211.79095429274872,
        207.4501034518159,
        201.02982830788608,
        206.9325100241819,
        203.63693590472047,
        207.91911184612326,
        205.76429842564107,
        212.51005381289258,
        208.17737099407205,
        202.88073779411184,
        204.69322544158152,
        213.32778068685633,
        209.52642231037603,
        220.3074870175785,
        216.11862735182828,
        209.81753115041275,
        219.9664092869306,
        225.05324213588597,
        224.7564380615153,
        218.81531056404268,
        216.15443723260805,
        215.49189019731517,
        214.57668313706884,
        210.16527555260774,
        220.93658013363128,
        226.08185340810056,
        221.49793664494848,
        223.41476478198214,
        214.6132986880991,
        218.78119594707593,
        223.03373915111627,
        217.69998481223757,
        223.38208752642834,
        219.0430130334924,
        225.3706102225942
    ],