{
    "R2_score": 0.010033307734211294,
    "MAE_score": 181.97665221154102,
    "RMSE_score": 280.1023101909653,
    "y_predict": [
        240.1006177114425,
        251.56204059745832,
        248.07979106625692,
        239.32375811674234,
        234.83976741401884,
        247.51513635432707,
        244.77721159446494,
        239.46442561272147,
        241.6801605832123,
        251.54730738592403,
        247.5139658501533,
        241.80684107093037,
        235.6687079111193,
        240.3242373102827,
        235.67681134021532,
        246.90439266785586,
        234.73779754699805,
        245.80285159338666,
        244.6116643495778,
        235.62399537858704,
        242.5318036275304,
        239.18279689289366,
        234.4732644413951,
        241.98104334516572,
        244.5846035763937,
        246.9949922658586,
        235.10075494851674,
        239.97258335629664,
        235.09899021289718,
        239.8269832980941,
        243.15886999667453,
        239.1672755426504,
        244.3297479241329,
        239.95638428345336,
        247.51480244452688,
        235.82976465184603,
        239.66510497012567
    ],
    "y_true": [
        232.0,
        565.3,
        310.0,
        112.0,
        64.8,
        1074.5,
        455.0,
        326.9,
        227.0,
        473.7,
        340.3,
        405.0,
        100.63,
        98.5,
        163.9,
        6.0,
        45.4,
        1440.0,
        434.0,
        66.5,
        140.0,
        334.0,
        41.8,
        98.3,
        188.8,
        235.0,
        58.1,
        67.6,
        93.4,
        104.2,
        294.1,
        100.0,
        329.0,
        27.2,
        413.6,
        109.9,
        334.9
    ],
    "features": [
        "CC_Thermal_Conductivity",
        "Current_Collector",
        "Current_Density",
        "E_Bare_Anion_Radius",
        "E_Cation_Radius",
        "Is_Binder",
        "M_Density",
        "Morphology_Encoded",
        "Potential_Window",
        "Synthesis_Method"
    ]
}