{
    "R2_score": -0.008444692348525074,
    "MAE_score": 158.31002075456362,
    "RMSE_score": 181.03935685525622,
    "y_predict": [
        221.66888693094137,
        211.3560698588038,
        205.58353474628876,
        216.61146615822935,
        214.67371889446466,
        212.1539815350702,
        218.48295090654338,
        220.0446876864387,
        211.2789269829855,
        211.4003740993217,
        209.72191074867064,
        218.48295090654338,
        213.26531410507982,
        213.29580240355756,
        216.98020665281456,
        212.8539390389552,
        218.48295090654338,
        205.72999160971435,
        208.6350484626635,
        218.48001314186357,
        214.60655174684962,
        211.59424524563562,
        208.47573069627452,
        203.23399760407636,
        211.39130393805422,
        221.17763049091874,
        208.9680686533754,
        209.47978569834535,
        209.0646884617138,
        212.13867568209452,
        220.5079722219119,
        219.1307944748197,
        220.48507435039392,
        204.18557148459678,
        208.50536323127344
    ],
    "y_true": [
        706.7,
        100.0,
        101.7,
        396.0,
        512.3,
        162.0,
        581.6,
        455.0,
        112.0,
        97.9,
        326.9,
        422.0,
        232.0,
        297.8,
        355.6,
        377.13,
        394.7,
        73.8,
        59.7,
        65.0,
        381.4,
        31.9,
        62.32,
        64.8,
        368.7,
        473.7,
        82.5,
        11.6,
        287.4,
        98.3,
        352.5,
        423.0,
        131.0,
        60.3,
        170.0
    ],
    "features": [
        "Binder_Type",
        "CC_Electrical_Conductivity",
        "Current_Density",
        "E_Anion_Radius",
        "E_Ionic_Conductivity",
        "Is_Binder",
        "M_Density",
        "Morphology_Encoded",
        "Potential_Window",
        "Synthesis_Method"
    ]
}