{
    "R2_score": [
        0.20469530270692204,
        0.5413900491664962,
        0.42360962052453255,
        0.3036816476095192,
        0.35539802910868823,
        0.7101646803878696,
        0.4231583310730951,
        0.49284766666553426,
        0.5629862167952799,
        0.784482130881432
    ],
    "MAE_score": [
        103.0417922761672,
        77.05034688048572,
        93.8775478390738,
        105.4015690186417,
        97.05167117817709,
        74.87246667221532,
        74.82181153317048,
        108.96030143486841,
        93.82428836970463,
        71.62826719252267
    ],
    "RMSE_score": [
        123.58303075484967,
        100.51488722883518,
        121.85804505148334,
        124.92849192724242,
        115.24309877853497,
        105.42176311102601,
        94.91241083773679,
        131.40817283538152,
        126.92947272418307,
        95.74659925065666
    ],
    "y_predict": [
        212.10293518427875,
        216.17595576207415,
        205.14448054488844,
        207.23134078675244,
        188.21512803738983,
        167.79417680460892,
        151.05147582152887,
        -17.10213681563249,
        352.85513065316763,
        358.7910411693857,
        321.9265952910861,
        262.3918727029114,
        271.1590135246502,
        261.47013323590585,
        249.78713157958722,
        220.58954548101372,
        261.86551507662136,
        244.84739556216522,
        261.83000540768285,
        261.7412312353366,
        489.4426507235603,
        484.6294298642156,
        544.6202720670809,
        402.3992822018124,
        272.85402478053277,
        274.87382196209217,
        260.78075574371064,
        168.92809128195518,
        374.64906401133334,
        375.1667705438279,
        357.41193607457916,
        323.6669014733778,
        294.72320934082984,
        267.33171256150797,
        200.45280572475812,
        108.00464891463736,
        309.61289296765534,
        305.966107274602,
        290.06785710273954,
        244.6400247287866,
        179.33875759255568,
        163.98491238561797,
        138.0071087045339,
        105.57825271476787,
        287.1194541611385,
        305.74225257382386,
        271.4766773638438,
        263.1786472325997,
        488.7628509584884,
        470.3918394177715,
        402.41362568826924,
        422.85404932282427,
        197.64352696595205,
        142.176575657586,
        142.16930934977017,
        137.34747727362088,
        55.24526842550716,
        19.526659330802772,
        -2.0606469867519763,
        7.822811420159326,
        247.05665191205668,
        176.0971140818708,
        94.45385159960131,
        -184.64973751361356,
        179.33875759255568,
        200.55554850210456,
        144.19694554869068,
        129.2561992894029,
        103.53975449478634,
        77.32170979282807,
        95.17021932236094,
        92.21206255521292,
        500.4163355761039,
        511.39171372303986,
        532.9330011594021,
        505.4854757032926,
        308.68213696148797,
        354.2945407451162,
        363.27519549978933,
        329.2178609621525,
        178.26087413227725,
        176.838197515743,
        158.43913746597661,
        110.87956066522838,
        235.227851683069,
        228.52401241014914,
        210.73487293838815,
        170.65359673736708,
        231.5164695963186,
        198.2091473327303,
        198.57074879627703,
        148.01941520875795,
        134.47823208240243,
        148.14942977015698,
        102.36256493063615,
        90.30409181289502,
        105.46968625094746,
        108.59354658853658,
        102.47624113418101,
        56.66826706837463,
        166.54788435045606,
        141.32369742054118,
        100.15970520705173,
        82.61669745722821,
        167.6555549077076,
        159.42394026935204,
        112.8065048971493,
        -20.420809424317554,
        293.70734123519134,
        277.80742665382274,
        237.02582936022384,
        137.840519148687,
        444.48213841459335,
        431.2996313194343,
        413.98109553204495,
        343.0111432727549,
        459.1719410382058,
        461.50856338630825,
        423.6311825529801,
        417.6279862679331,
        470.27770885248475,
        441.6289332883823,
        439.2579863678746,
        408.23826388326444,
        488.7497784371241,
        442.2130086609106,
        450.1360994824386,
        418.31042606591944,
        191.94117496139745,
        185.3252207792865,
        183.29916247756114,
        139.6936035426491,
        206.59435006256953,
        243.25539571367716,
        387.51970420018887,
        388.1071530195662,
        310.93752174036376,
        211.6172194032756,
        118.69121742709007,
        130.39459530090824,
        86.05685733901782,
        94.88492636241074,
        154.70157054109455,
        140.80267640940866,
        86.82404505920573,
        102.60048567753648,
        155.43031219697497,
        114.52708237764142,
        84.05991099153567,
        76.21449488068225,
        190.80289912629695,
        179.97478251075665,
        160.5695774239653,
        133.4295369393202,
        297.2735772255669,
        306.2341474260912,
        289.5042367181004,
        279.80286839932774,
        236.4464952459494,
        208.23314479703728,
        204.27609955976388,
        190.57797173752624,
        312.67782196233435,
        397.1941410913713,
        372.5573564822826,
        480.0741367361543,
        488.640167491453,
        445.21115397276805,
        398.4308742538848,
        281.6421571006601,
        307.8589361131759,
        234.24517213107,
        128.78068954003652
    ],