{
    "R2_score": [
        0.1435879347263599,
        0.8045196440233442,
        0.8170015245857466,
        0.3409141070365215,
        0.8811074522064822,
        0.6203988183090675,
        -0.4396467178568797,
        0.2580089066825908,
        0.48694337417964406,
        0.3426693729728355
    ],
    "MAE_score": [
        152.29635158853526,
        131.85004220579708,
        91.53161898074765,
        123.6762001407423,
        78.87591507498293,
        93.19314116501884,
        117.71476252361991,
        137.9214536453404,
        97.9559390732038,
        109.07256568693917
    ],
    "RMSE_score": [
        223.7070242433483,
        173.0674111062062,
        112.3285162078661,
        151.47210307264234,
        111.48101369625289,
        116.60769120153836,
        149.71427863190763,
        170.11019523644836,
        122.18996166669136,
        166.0633337811286
    ],
    "y_predict": [
        273.1465938364027,
        271.4408754597501,
        266.1717184890666,
        253.08278529029954,
        140.4286941450914,
        123.19048379176161,
        91.57882923426024,
        -103.6144486543634,
        423.5085692655515,
        433.16919366031874,
        388.22586876952994,
        316.9002605526931,
        198.1949811138347,
        201.1965611393725,
        182.39485011069746,
        166.99830698385446,
        376.832305612894,
        399.2097991739876,
        394.98120854213585,
        376.70424769430167,
        383.1022106993837,
        408.95034474901854,
        421.94304531993424,
        401.07082859447496,
        376.832305612894,
        401.20855250308784,
        421.94304531993424,
        421.83714879852744,
        1186.4410981642623,
        1103.2699724126696,
        1044.9842688950625,
        1092.9794745347317,
        670.6531074287908,
        700.0772452848628,
        641.0073822681356,
        563.6212143116278,
        213.21457998685605,
        236.5112646290063,
        210.1878938518079,
        142.00659409523348,
        425.3270786596671,
        423.0771339331368,
        416.55155121964015,
        335.29660933502925,
        282.84537918741205,
        269.9770195223219,
        192.07770926869188,
        88.46813578562683,
        393.98260261015133,
        379.04897759520946,
        353.5101470256573,
        303.061889863048,
        121.42154993522632,
        121.52080830280931,
        96.06783694248901,
        34.31334009794455,
        336.8313459885876,
        293.2275675642239,
        272.99133977197687,
        246.71265356556194,
        532.5059834470164,
        514.044838312844,
        499.91467998805047,
        455.0352979627137,
        185.93322927527794,
        188.85458195316528,
        159.71173019436173,
        143.05947608077946,
        80.87835489682317,
        62.58436652649175,
        44.79021226816667,
        6.452412233087443,
        267.5164457534338,
        172.33800739846717,
        80.65534837910133,
        -296.70905193233193,
        142.10388211253394,
        134.42188267348422,
        94.58599102112038,
        42.605943598213116,
        349.75457358488984,
        362.3468880359615,
        351.1314947902687,
        329.90243273813087,
        599.9888583244528,
        573.2669490774032,
        577.034873555635,
        574.1344046681678,
        334.98639597384783,
        337.690859763854,
        314.572121680892,
        313.84442956270294,
        173.59845831449647,
        176.3810571492498,
        147.71696851470648,
        108.17133420851616,
        282.7158697133863,
        251.9527424066362,
        233.65875403630477,
        183.2039431517687,
        265.09566987344556,
        255.0365274002194,
        226.54852288891462,
        183.2039431517687,
        148.96548888992513,
        119.16506983811723,
        86.90983953616393,
        59.41937643492287,
        258.7003045279067,
        254.53020237824975,
        266.86743377504285,
        195.20836051848752,
        122.65641811510511,
        99.90325517007301,
        44.40094974071593,
        23.22164545935226,
        198.51387494190695,
        176.4699732858358,
        115.86190104925652,
        -82.58478816939959,
        284.2677741232152,
        231.81996462634513,
        182.35822062381902,
        77.44463945165734,
        455.9319909152145,
        405.62755819836946,
        397.6462873976074,
        339.8466243658916,
        512.284436170126,
        495.7107440533276,
        454.410899978132,
        421.0365376766657,
        506.61782731786747,
        497.7599096967018,
        468.7293980789679,
        429.17629182259054,
        520.9707025594428,
        491.793698058211,
        483.3654071234358,
        426.14468753205824,
        162.81257255774088,
        148.19612154201474,
        116.9046030201053,
        107.95955164911015,
        -61.754929047287135,
        202.62492784617422,
        450.92730684918376,
        394.46378602047105,
        332.5309748937199,
        219.26189932316876,
        115.34744457666167,
        86.90983953616393,
        75.089376081117,
        60.27409222061391,
        167.21592664655515,
        124.36137136125438,
        137.76176299061873,
        98.1223450595516,
        136.5084104939738,
        121.2930653950325,
        100.14541114609096,
        75.28072411988211,
        160.90147251560944,
        142.93929008094844,
        113.20861211330725,
        104.52110310590177,
        328.00087041598704,
        317.2942283412618,
        289.89868948504085,
        271.6839422260014,
        273.0391744505159,
        272.3817292848183,
        240.89283981137288,
        218.53383173282194,
        237.808149814559,
        434.8455395899716,
        440.2143713565057,
        344.78769087727966,
        387.4629383399136,
        376.6035685639235,
        238.89116947046128,
        363.58187420048216,
        347.4757373904512,
        281.880010242862,
        153.85653176670257
    ],