{
    "R2_score": 0.5981370794953202,
    "MAE_score": 122.71528963276668,
    "RMSE_score": 178.4618404053811,
    "y_predict": [
        308.4143545092279,
        501.0513852510028,
        390.7586267288785,
        247.147750543636,
        46.82304923985032,
        400.18060992884546,
        426.5518901396027,
        174.44329425793356,
        -7.592789492843735,
        478.3600504489317,
        400.0217705852309,
        247.03738572431484,
        53.423688038699254,
        8.473245180742481,
        126.24272104709905,
        299.9932875205942,
        122.8278249249772,
        1228.7420380118615,
        403.8605553375316,
        150.0474747747414,
        250.33770512373934,
        111.40645023816629,
        77.44515532083506,
        -218.4401028399683,
        226.74010052314782,
        314.936242036866,
        145.51915972704825,
        372.3729067496331,
        92.20571884399243,
        121.92991919109784,
        158.02402341786274,
        224.45641574156494,
        385.89177850454223,
        349.681571947562,
        400.13522725924133,
        98.80635764284136,
        231.1716312631112
    ],
    "y_true": [
        232.0,
        565.3,
        310.0,
        112.0,
        64.8,
        1074.5,
        455.0,
        326.9,
        227.0,
        473.7,
        340.3,
        405.0,
        100.63,
        98.5,
        163.9,
        6.0,
        45.4,
        1440.0,
        434.0,
        66.5,
        140.0,
        334.0,
        41.8,
        98.3,
        188.8,
        235.0,
        58.1,
        67.6,
        93.4,
        104.2,
        294.1,
        100.0,
        329.0,
        27.2,
        413.6,
        109.9,
        334.9
    ],
    "features": [
        "CC_Thermal_Conductivity",
        "Current_Collector",
        "Current_Density",
        "E_Bare_Anion_Radius",
        "E_Cation_Radius",
        "Is_Binder",
        "M_Density",
        "Morphology_Encoded",
        "Potential_Window",
        "Synthesis_Method"
    ]
}