{
    "R2_score": 0.4901239409675363,
    "MAE_score": 105.41347575271674,
    "RMSE_score": 128.7298508393787,
    "y_predict": [
        458.1292679925842,
        204.69238282916098,
        90.05394232195891,
        257.03799374259825,
        455.40526112959816,
        211.78168928725648,
        359.4089281878404,
        355.758333547342,
        187.10160433607052,
        160.72095993152453,
        186.67430986436688,
        359.4089281878404,
        292.8260052385277,
        356.6849213248544,
        287.7197636151067,
        285.39464966911066,
        359.4089281878404,
        149.67940747076852,
        146.060769999652,
        297.03109979769374,
        430.776393747562,
        214.73541358882375,
        16.612015050850175,
        68.78848829548593,
        476.025065017861,
        433.4491830413982,
        -36.71971967796293,
        140.69515873526592,
        63.27388510843713,
        -210.29594203159962,
        360.35230142625755,
        309.88799655662353,
        336.1506320408315,
        100.3192375683966,
        38.79215479697342
    ],
    "y_true": [
        706.7,
        100.0,
        101.7,
        396.0,
        512.3,
        162.0,
        581.6,
        455.0,
        112.0,
        97.9,
        326.9,
        422.0,
        232.0,
        297.8,
        355.6,
        377.13,
        394.7,
        73.8,
        59.7,
        65.0,
        381.4,
        31.9,
        62.32,
        64.8,
        368.7,
        473.7,
        82.5,
        11.6,
        287.4,
        98.3,
        352.5,
        423.0,
        131.0,
        60.3,
        170.0
    ],
    "features": [
        "Binder_Type",
        "CC_Electrical_Conductivity",
        "Current_Density",
        "E_Anion_Radius",
        "E_Ionic_Conductivity",
        "Is_Binder",
        "M_Density",
        "Morphology_Encoded",
        "Potential_Window",
        "Synthesis_Method"
    ]
}