{
    "R2_score": 0.8816065082463533,
    "MAE_score": 76.27061458690746,
    "RMSE_score": 116.21499584228137,
    "y_predict": [
        239.68905639648438,
        360.9162292480469,
        61.922428131103516,
        42.0954704284668,
        133.8821563720703,
        215.91055297851562,
        940.866455078125,
        114.515625,
        75.08312225341797,
        314.09625244140625,
        317.7076416015625,
        27.48699188232422,
        84.29712677001953,
        386.487060546875,
        147.08197021484375,
        940.866455078125,
        86.57392120361328,
        410.10064697265625,
        40.020198822021484,
        129.62974548339844,
        24.740570068359375,
        443.05816650390625,
        236.2392120361328,
        1202.5589599609375,
        471.6396789550781,
        288.5328369140625,
        412.70709228515625,
        379.53759765625,
        219.6019744873047,
        146.3167266845703,
        34.8238525390625,
        115.32776641845703,
        90.89112854003906,
        483.1592712402344,
        75.8884506225586,
        1314.162841796875,
        386.487060546875
    ],
    "y_true": [
        399.7,
        352.5,
        60.3,
        62.2,
        115.0,
        198.0,
        548.0,
        94.6,
        97.9,
        188.8,
        215.28,
        22.1,
        87.23,
        276.0,
        220.0,
        1074.5,
        6.0,
        193.6,
        67.6,
        232.0,
        11.6,
        419.13,
        201.8,
        1340.0,
        455.0,
        333.94,
        750.1,
        528.8,
        216.0,
        109.9,
        98.3,
        88.0,
        82.5,
        422.0,
        92.9,
        1440.0,
        308.0
    ],
    "features": [
        "CC_Thermal_Conductivity",
        "Current_Collector",
        "Current_Density",
        "E_Bare_Anion_Radius",
        "E_Cation_Radius",
        "Is_Binder",
        "M_Density",
        "Morphology_Encoded",
        "Potential_Window",
        "Synthesis_Method"
    ],
    "params": {
        "max_depth": 4,
        "min_child_weight": 1,
        "subsample": 0.822305943134767,
        "colsample_bytree": 0.6732985810657728,
        "reg_alpha": 0.2568827047765358,
        "reg_lambda": 0.3674768988855475,
        "learning_rate": 0.09489623935118441,
        "n_estimators": 615
    }
}