{
    "R2_score": 0.6533180559780959,
    "MAE_score": 56.71881416920253,
    "RMSE_score": 86.22676676697145,
    "y_predict": [
        348.552978515625,
        164.89495849609375,
        188.91232299804688,
        163.5320281982422,
        278.50494384765625,
        93.89680480957031,
        230.7237548828125,
        228.7630615234375,
        311.0329895019531,
        310.46832275390625,
        635.4150390625,
        191.719970703125,
        258.509765625,
        52.77534103393555,
        304.7723388671875,
        430.4193115234375,
        172.4257049560547,
        119.68704986572266,
        489.5968933105469,
        6.821373462677002,
        100.8224868774414,
        205.5688934326172,
        94.83224487304688,
        315.4327087402344,
        66.2501220703125,
        230.7237548828125,
        62.39590072631836,
        477.9701232910156,
        477.9701232910156,
        64.2147445678711,
        317.3844299316406,
        477.9701232910156,
        277.5863342285156,
        63.32250213623047,
        268.1553039550781
    ],
    "y_true": [
        140.0,
        149.0,
        310.4,
        118.4,
        333.94,
        82.5,
        240.6,
        198.0,
        354.8,
        377.13,
        565.3,
        260.4,
        131.0,
        25.0,
        325.0,
        455.0,
        287.4,
        94.6,
        423.0,
        11.6,
        118.4,
        211.8,
        58.1,
        391.6,
        59.7,
        221.9,
        66.5,
        145.9,
        548.0,
        64.8,
        352.5,
        355.6,
        235.0,
        93.4,
        305.0
    ],
    "features": [
        "CC_Electrical_Conductivity",
        "CC_Thermal_Conductivity",
        "Current_Density",
        "E_Anion_Radius",
        "E_Ionic_Conductivity",
        "Is_Binder",
        "M_Density",
        "Morphology_Encoded",
        "Potential_Window",
        "Synthesis_Method"
    ],
    "params": {
        "max_depth": 4,
        "min_child_weight": 2,
        "subsample": 0.8907149515049988,
        "colsample_bytree": 0.6493249027628926,
        "reg_alpha": 0.09274852691788135,
        "reg_lambda": 0.6067372433073633,
        "learning_rate": 0.05543531189843559,
        "n_estimators": 420
    }
}