{
    "R2_score": [
        0.5983609321337569,
        0.6392194105286866,
        0.5283680238516681,
        0.7310077683960283,
        0.4198421257656333,
        0.40068844082527,
        0.44908988229053926,
        0.0911508221881121,
        0.783041495775587,
        0.26249571884179623
    ],
    "MAE_score": [
        85.83336117792199,
        91.37565558715073,
        75.23585588356791,
        99.49692578477094,
        70.64601295286434,
        45.04236394444652,
        80.24494194120436,
        142.61092139882635,
        78.31424152205804,
        60.247872658411275
    ],
    "RMSE_score": [
        96.71937244655892,
        123.35388721528206,
        105.91458155888722,
        117.55909394875555,
        90.96589455505678,
        49.65626758971854,
        92.3079648449628,
        171.89962287865782,
        92.61506347709663,
        74.39349036898436
    ],
    "y_predict": [
        257.4116136943314,
        215.41352041349225,
        189.5029860992568,
        167.50906917297135,
        245.86829265143592,
        197.4354621382908,
        175.96039709967053,
        156.6656714601447,
        372.83132305956934,
        332.2391644087282,
        279.1669413806857,
        255.89883233333583,
        294.0448823820538,
        274.0366317240341,
        265.79050363041546,
        253.53003640319778,
        324.24938884810666,
        324.245257308735,
        324.24112576936346,
        324.2204680725053,
        510.299665643831,
        487.5998844582608,
        486.18725225710347,
        392.4040370130338,
        383.0248763743569,
        312.1757657760302,
        299.04032182219777,
        283.5746897584391,
        350.6313616562585,
        319.9217105352741,
        349.2652910442063,
        326.9084450767521,
        197.1021661649311,
        142.56764442707941,
        122.1202023657332,
        113.31426983721425,
        276.1757711810113,
        193.59580136137978,
        178.01747207151547,
        170.47192720207474,
        282.24971511859303,
        232.44434377090317,
        163.20201867145718,
        148.40699726148782,
        270.55863106969593,
        237.4320791065753,
        184.90439145360398,
        166.79687674592378,
        368.89527373171103,
        340.4745936365464,
        313.2496212670143,
        303.1003220213948,
        177.3912837572102,
        110.63604925603693,
        82.38086538456265,
        79.71557001957869,
        182.48839288197303,
        121.62538826069525,
        107.45619888076413,
        100.53964479440646,
        258.1901532781019,
        154.07607711619355,
        139.3420853180996,
        139.09676958636152,
        304.75785837814084,
        255.5732375012304,
        166.36207025272446,
        155.8965704352826,
        236.47688448358952,
        211.534192270125,
        187.88865201479112,
        184.74948852142077,
        459.0266921668887,
        429.45717728469697,
        420.4304774570577,
        413.4245862330231,
        361.97978236156746,
        345.6950754334975,
        308.62173811240996,
        291.9338690664112,
        269.7726803121929,
        188.57637167857152,
        137.7916948011618,
        116.69021190630164,
        305.4699933357995,
        280.3055925681847,
        268.25971484082754,
        237.22312794634527,
        314.0836611071531,
        280.21194386534927,
        205.73611981605953,
        178.6977330034008,
        180.6933756905073,
        102.60827487116327,
        62.740250412146686,
        46.84911307409428,
        235.12016895356692,
        200.11983270929062,
        188.03981343934083,
        183.41183165837106,
        186.77267475817703,
        150.2287787477442,
        119.94520363141349,
        92.74645825497736,
        204.18636169030523,
        159.36345215199137,
        130.54764305593838,
        118.91845492711147,
        295.8745089821868,
        238.377956122961,
        207.0642295870676,
        157.79654135353235,
        397.0856628438704,
        330.1618206016043,
        303.38844633829643,
        295.9436974576378,
        467.49711351891136,
        413.3998372469717,
        403.26364661222675,
        392.31717548153046,
        467.49711351891136,
        413.3998372469717,
        403.26364661222675,
        392.31717548153046,
        565.3414101830181,
        520.2696156298728,
        495.22570596879046,
        476.5373291918666,
        297.0849654831458,
        216.3030326150142,
        184.98680267819026,
        180.08603605630853,
        214.73348843234288,
        312.1757657760302,
        380.00061492339546,
        372.6770998970723,
        348.1281346737477,
        318.2031972587431,
        93.27152050263877,
        54.36244698820772,
        41.195340487245815,
        38.539664728720524,
        82.48213758828857,
        73.86715970569038,
        66.23494418233318,
        58.59236796713691,
        113.69642596335748,
        75.43906048782458,
        64.53222495947458,
        57.89787924831169,
        229.2754810845915,
        182.26006834796286,
        158.4343197217367,
        155.8735485177003,
        278.5163999928293,
        208.60731667182068,
        184.90306737363804,
        188.8963408932731,
        217.8275425932479,
        178.81381146830378,
        167.48995306379013,
        167.85992382353095,
        356.5097338987347,
        380.35025374023337,
        380.35025374023337,
        437.26539542275754,
        423.4398710779793,
        417.0510218814072,
        467.23976180636555,
        279.21589485899483,
        228.07623873202937,
        195.6242894784745,
        142.90113052483244
    ],