{
    "R2_score": [
        0.7471147994463914,
        -2.031901504599743,
        0.38789329415993956,
        0.3545134569369154,
        0.7911824681548207,
        0.72259023003586,
        0.23712548158375257,
        -0.5074825984081988,
        0.5103102179332936,
        0.09635662175032633
    ],
    "MAE_score": [
        73.44110295337296,
        128.47401498213185,
        95.01553392166255,
        280.97813782701775,
        76.01340539181254,
        104.02047608755572,
        76.64546552374752,
        117.6918820446039,
        102.9733185133775,
        103.24539167742962
    ],
    "RMSE_score": [
        101.61440010141735,
        144.25476814025393,
        103.15787452149128,
        401.7857176948944,
        90.78659638190513,
        134.89314214114094,
        86.8080452786272,
        164.2420397333497,
        122.61319310551268,
        138.88938670758003
    ],
    "y_predict": [
        264.16321063616573,
        215.55001495007403,
        200.79433396616938,
        177.63420236165175,
        183.70732938125323,
        140.2770418988119,
        122.15268733074745,
        49.14475142776717,
        355.7968778104016,
        314.02427797960024,
        268.8416344659195,
        232.27910096863596,
        295.0065289804631,
        262.6127625167498,
        259.14916720703235,
        253.36288038534704,
        728.4404206140517,
        511.95170293016497,
        374.63855790160284,
        259.7098988104784,
        706.7826952819213,
        534.5515458494001,
        414.3755904113247,
        327.05219743822323,
        996.5472892997973,
        591.4797940410017,
        469.74822450905185,
        374.5384723028999,
        540.5502670458516,
        541.3041588991359,
        558.9872681433649,
        588.2534095846761,
        631.685694308153,
        601.4105931800267,
        598.7160857080381,
        528.8355484797974,
        491.5093397996123,
        437.60042907485,
        349.57383184505045,
        312.5564127661674,
        333.61332494976637,
        293.8770691121314,
        339.8045069083316,
        313.09050723555265,
        173.88562733205174,
        112.96899470418542,
        127.1466842020287,
        110.34133932195337,
        301.5811886512172,
        251.07963589993219,
        230.85991817077056,
        219.81152916007218,
        250.53665173165362,
        220.1201204660514,
        157.28567962031528,
        148.6125195991721,
        284.3930913461837,
        255.34487743695547,
        220.73178366359957,
        206.53950257390161,
        349.2970830647419,
        320.6280271400393,
        286.6690721275674,
        267.455696538589,
        135.6760339103528,
        68.71799299411737,
        29.553997713267155,
        17.391290033138677,
        274.65806211687664,
        259.77715371460823,
        235.3373313306005,
        200.00879033597403,
        168.12417554659936,
        39.8918970306334,
        42.00265231783861,
        21.900691022194053,
        311.8870922575875,
        238.07094463796423,
        147.6741380134139,
        89.76094327129027,
        333.6140758068915,
        281.0484413934755,
        257.79006958494375,
        251.20347701471601,
        555.2038273155981,
        480.27469188626617,
        458.84643303323594,
        461.9579848998761,
        467.78930622744866,
        413.8080409768876,
        404.5605370308046,
        420.68812617011054,
        181.49540352950382,
        125.03568535004447,
        71.55296900857013,
        44.05486891087601,
        360.83662457833753,
        337.6233420749387,
        303.7007513637482,
        279.085110455964,
        276.17646318500306,
        271.40300447232516,
        217.2826970317925,
        202.73688452983475,
        244.21587501084053,
        113.10128943709265,
        79.04620521234695,
        64.65504757294273,
        238.27345074115112,
        197.72064503930798,
        169.84988966524134,
        128.9648132255294,
        231.00936078684498,
        191.1512617140785,
        169.11277181711634,
        169.6241288755494,
        194.88945354800413,
        141.15877678385817,
        111.78999240533379,
        100.4648782091859,
        249.36317575815832,
        216.58618761126215,
        175.1658071595386,
        161.55453883270965,
        345.4951755744158,
        259.83460989618686,
        241.4748024269662,
        226.45875671824103,
        563.73557338228,
        494.34364225855535,
        457.43741096602554,
        409.1825716917019,
        560.984772047222,
        505.7153456460154,
        491.0297437972708,
        481.19365761287315,
        630.543262938795,
        550.5459055327468,
        516.9050580385725,
        500.31760234959654,
        270.48417554522155,
        121.45406010571615,
        52.6664860949445,
        43.57420927254575,
        123.95916385982083,
        383.5968625689541,
        408.6153977223919,
        400.4464868481975,
        356.5656068147036,
        348.7320196650173,
        107.02685858406902,
        72.10401725539867,
        59.07344897767326,
        55.41437071526947,
        169.8237138458689,
        146.0554535869799,
        133.04301152741067,
        124.94209651582908,
        119.29015546910468,
        90.31793328585354,
        78.48711955574774,
        68.15029450017803,
        200.4054934154697,
        165.63273612104766,
        134.8143305557788,
        127.84985066831061,
        345.30478193853514,
        223.3934178851706,
        209.1726700526162,
        200.27237411006968,
        219.15312698462114,
        210.39393986497268,
        203.47365201240038,
        199.63912610442296,
        413.5591739625592,
        392.91242733580094,
        392.91242733580094,
        439.86963527091723,
        430.35291758315026,
        423.491181201101,
        473.4275053053486,
        282.8491066527752,
        271.93288256012687,
        244.83212869559753,
        224.66623399949927
    ],