{
    "R2_score": [
        0.7652165086072806,
        0.9375707322953128,
        0.9457918227841134,
        0.7435377240342524,
        0.9498905075980528,
        0.859608987533464,
        0.6818600667842449,
        0.8099712024373782,
        0.7791930024076548,
        0.8829266948003969
    ],
    "MAE_score": [
        76.90283315702445,
        63.72821637098526,
        48.14905198869363,
        73.04221327652436,
        55.01388310751673,
        56.231958013535596,
        50.63714191548057,
        61.22913244775373,
        54.75472457190728,
        52.925092842020945
    ],
    "RMSE_score": [
        117.13104302867241,
        97.80427923330555,
        61.136234816056415,
        94.48729003358567,
        72.37416962026406,
        70.91417776641744,
        70.37920376575407,
        86.0876211350434,
        80.16029273065587,
        70.08268919349234
    ],
    "y_predict": [
        217.20988595287585,
        225.0764263775477,
        180.05949191964194,
        186.6908095414144,
        310.38957689121924,
        293.98047229657595,
        259.6643308966715,
        237.36430894152682,
        469.57916677821396,
        449.5506440548007,
        395.888258959244,
        344.32371438512536,
        252.87375324198473,
        237.86290681464573,
        212.79040680461182,
        228.69560713178993,
        921.9951140755682,
        496.9966177017746,
        383.06093522471787,
        246.1771487166781,
        779.4358057670755,
        574.7225518874715,
        508.18893818849045,
        307.8532935024666,
        921.9951140755682,
        572.740905739428,
        508.18893818849045,
        381.8055848154502,
        1377.7596011967273,
        1282.2817691264665,
        1153.209352145089,
        1340.148620196797,
        509.0784270540516,
        486.6610313871569,
        535.6566618645658,
        364.11766684085103,
        452.37575707023126,
        420.71002803256425,
        354.2777728976979,
        316.8448809524957,
        354.1783590068497,
        328.65675063848005,
        346.2510475051657,
        323.71825100292216,
        215.8261367432414,
        157.17546687102853,
        158.87837132637887,
        161.151420716421,
        167.31632143830768,
        156.22098193179778,
        46.31068153775844,
        72.39913513741763,
        284.3651672130761,
        213.503226514522,
        161.03825147334496,
        109.03349034910211,
        254.66384339930028,
        217.80180606151018,
        160.60997644103978,
        146.2015048548631,
        462.1437807421375,
        449.3477200013626,
        358.78051420632704,
        386.24022205625323,
        182.41668723259275,
        90.66341748835599,
        68.84156579247178,
        83.7057612003516,
        133.6540626309368,
        85.20785999614071,
        73.93489038045952,
        37.200193934808986,
        207.6177532154294,
        94.09012507025638,
        121.55471525589628,
        21.14699956384212,
        290.3622763686377,
        240.0615762651493,
        139.82436681689651,
        100.14771241965875,
        207.0898483890212,
        231.7620725595851,
        64.35797484771965,
        92.14846084845324,
        576.0946686385123,
        563.7696713374066,
        463.58013609062704,
        447.8675527503979,
        269.13305690614254,
        292.7274618749527,
        261.07074190195505,
        273.5558007205672,
        298.6392482343669,
        251.47869241004418,
        209.50668283848916,
        211.72391861558958,
        335.3996256501521,
        317.20509833234195,
        305.93945575634126,
        182.73583061517215,
        253.8087905461595,
        216.54424676411605,
        195.44390991686674,
        182.73583061517215,
        226.21552127879337,
        103.66987850328641,
        61.49765013674696,
        69.06095050895962,
        229.0856992397672,
        149.64126458381384,
        107.55771587330075,
        95.30508651387458,
        167.55822492612606,
        123.0443118981892,
        79.63184406553444,
        67.21472939000851,
        161.77394886759058,
        91.44971643373457,
        103.91611366383022,
        39.07370286865892,
        316.6205759502017,
        269.88127234742757,
        260.33876660631046,
        200.64881843515516,
        443.56041377251967,
        342.5199890330487,
        331.5931178102067,
        297.23685148903223,
        553.8065188424355,
        503.0594794820114,
        460.4992210977247,
        432.41241612660406,
        632.6040914524526,
        521.0733104919028,
        484.8745553327186,
        469.23357212994154,
        598.7908815164234,
        538.9835307904204,
        502.43302864254207,
        501.6646689945421,
        204.01245341710887,
        70.73152041862521,
        57.39417303475784,
        44.632154860344514,
        117.17106418451019,
        372.8273084947964,
        233.30898240707467,
        198.60190504111927,
        169.78599381462033,
        150.7988392015261,
        107.80768690637474,
        61.49765013674696,
        75.63448036285216,
        52.526700151649266,
        118.2042815906799,
        78.02837177030727,
        63.14538058628831,
        56.70334948621838,
        73.81073342779696,
        78.87646349593388,
        38.02276063319778,
        27.645202892071065,
        124.27435939630328,
        30.523793234071725,
        40.964876386440515,
        21.26505535123278,
        289.4977479341694,
        158.418868704161,
        113.59515254034227,
        116.622998725917,
        187.62573379606894,
        196.78497463893842,
        144.64646966985222,
        154.5120226773988,
        376.21014471347826,
        351.45176437539817,
        357.707460354176,
        481.5499140427942,
        556.3984463553029,
        380.2018263282142,
        502.85448673811806,
        324.51922002129606,
        339.91108230160256,
        261.6338547011722,
        268.36965692067537
    ],