{
    "R2_score": [
        0.6689725585219011,
        0.6271629695984494,
        0.726187499988139,
        0.7649767369381779,
        0.7241782323490433,
        0.8716528957496854,
        0.913418891429691,
        0.8798364047853361,
        0.8314188587698851,
        0.8986441987308749
    ],
    "MAE_score": [
        58.204360528389316,
        51.19868604259763,
        64.01143255919946,
        60.0729076680065,
        57.46608122769537,
        52.00457754307991,
        27.29042788466899,
        42.337324264364824,
        51.18977585781039,
        47.95635881177858
    ],
    "RMSE_score": [
        79.73042270404773,
        90.62920554388457,
        83.98901347155893,
        72.57933795974506,
        75.3847296560146,
        70.15322789246913,
        36.771069666615126,
        63.96458986030233,
        78.83506016561357,
        65.66077750259407
    ],
    "y_predict": [
        229.00246553693788,
        200.821105988027,
        147.54936714947067,
        135.99131591456933,
        324.9961972220351,
        320.37256890788893,
        226.5695621778013,
        257.4214621110949,
        505.44050282099874,
        413.3824142512805,
        396.37117221649294,
        327.70152310414824,
        268.57392377304546,
        215.57806793118488,
        226.05313841727968,
        220.5566522077665,
        474.3786601645308,
        493.5937195996706,
        474.3772116560061,
        474.37359038469464,
        465.43191640832225,
        467.83501183588214,
        512.9062181070059,
        374.65265785200666,
        478.8370105333942,
        415.7268684999401,
        359.30833731544277,
        302.610734432818,
        366.6658272904211,
        298.8236859069605,
        312.74963253180107,
        327.53089598902784,
        223.17414973329383,
        190.91981213716923,
        184.27405966607523,
        172.30083940011264,
        186.9530958451816,
        149.27844416217275,
        100.50444856491693,
        61.99974113255564,
        268.22620011532854,
        221.18493256890818,
        157.01393377357115,
        120.66813848039396,
        284.5473619727283,
        250.13511579652828,
        209.99738718741372,
        189.46847495860888,
        490.3203069199312,
        528.3443306237945,
        305.162038497936,
        381.3873518884974,
        178.9401031906973,
        88.26982094222925,
        87.55935767399775,
        70.19442608856012,
        118.13983885643276,
        73.29274179335029,
        58.88498096535192,
        31.593308201730864,
        193.94941803666333,
        71.4822156399749,
        57.156860525641,
        53.818441176364345,
        268.22620011532854,
        242.93228565013044,
        151.90928445741446,
        97.21367007765367,
        184.3304973773006,
        185.69330271084243,
        59.85098142744821,
        70.52276734709274,
        622.3813554254518,
        541.6360147093862,
        516.6180665758997,
        442.1846184116725,
        299.6536278858181,
        229.89039360000487,
        251.38054125177013,
        198.9110708468727,
        301.94561009077256,
        256.4095951284907,
        181.24442326822856,
        171.95306339829708,
        335.3484659876258,
        305.7423013450527,
        289.08167651066,
        244.24453613284408,
        255.56628014712763,
        217.20887118313271,
        190.13506598293154,
        155.4210662273017,
        195.3706474310199,
        112.63194675345831,
        86.44802701127313,
        67.20999792592389,
        157.02232740166278,
        126.32018054104033,
        111.52225351250264,
        77.62197572072498,
        169.98446698727776,
        122.97793404226132,
        140.67329455069353,
        121.79964116793495,
        177.4650844888883,
        121.90418169327958,
        82.47418901226185,
        66.8754170256458,
        322.82806651593245,
        307.02420746580555,
        273.6582647991101,
        232.25262277441703,
        426.04959453360016,
        361.6172007713664,
        344.5363457752036,
        305.3520848310155,
        543.9701550362018,
        492.99299681367154,
        454.2463304659006,
        407.68350867059695,
        601.3471404636795,
        502.43399988593274,
        485.62053264637257,
        480.17619191450666,
        602.3807944741224,
        542.084938297807,
        499.1548924337876,
        496.842743741279,
        224.71068777101698,
        112.13152776266541,
        70.03753868756918,
        50.71546231190969,
        89.61858651434069,
        385.6380214411258,
        196.16159664479426,
        200.24854632835212,
        139.9426482036475,
        148.07833901473256,
        107.12175361459694,
        81.47091085662464,
        66.1104277805281,
        59.60605537110639,
        79.33358825420795,
        62.163920165328555,
        60.63511453924269,
        64.98388115822937,
        80.37459993987918,
        67.49030128180902,
        46.64247631576196,
        58.81679863740678,
        97.80866455965729,
        48.319616932505745,
        35.02212910630052,
        13.675516271593906,
        291.9753955917198,
        134.7599995876767,
        120.22002610668537,
        137.5744426816518,
        169.8059971399165,
        136.05914465230003,
        123.76929537644101,
        118.54611620196772,
        369.62760615713245,
        356.56243368421286,
        336.2373201383251,
        521.6884140272167,
        563.6998331963779,
        392.3201619208104,
        572.935693933671,
        301.4743666479715,
        323.41170145723,
        263.13657453137466,
        220.3846872735755
    ],