{
    "R2_score": 0.6717428668149893,
    "MAE_score": 54.31612032313545,
    "RMSE_score": 83.9041759233775,
    "y_predict": [
        341.6433677417996,
        160.6621695836119,
        188.01726623550425,
        190.49556235514538,
        286.0132481659659,
        94.1648568699847,
        227.96855140049985,
        208.92451674729313,
        313.382427023571,
        306.9611516969211,
        622.7539387886587,
        191.5147503004731,
        256.2865295535255,
        68.48519057224375,
        322.0152345513037,
        418.8603607244818,
        197.73021886987183,
        118.96819175436094,
        487.67832859905377,
        23.920162889982283,
        111.37627742136816,
        214.14284927386998,
        90.59301055887433,
        313.09025050639536,
        72.93879497388023,
        227.96855140049985,
        67.29790792265167,
        471.71598927770555,
        471.7244271490498,
        68.84764202163487,
        325.4505437438075,
        471.7220163286657,
        264.0459504670821,
        74.45220093632594,
        269.5044076452436
    ],
    "y_true": [
        140.0,
        149.0,
        310.4,
        118.4,
        333.94,
        82.5,
        240.6,
        198.0,
        354.8,
        377.13,
        565.3,
        260.4,
        131.0,
        25.0,
        325.0,
        455.0,
        287.4,
        94.6,
        423.0,
        11.6,
        118.4,
        211.8,
        58.1,
        391.6,
        59.7,
        221.9,
        66.5,
        145.9,
        548.0,
        64.8,
        352.5,
        355.6,
        235.0,
        93.4,
        305.0
    ],
    "features": [
        "CC_Electrical_Conductivity",
        "CC_Thermal_Conductivity",
        "Current_Density",
        "E_Anion_Radius",
        "E_Ionic_Conductivity",
        "Is_Binder",
        "M_Density",
        "Morphology_Encoded",
        "Potential_Window",
        "Synthesis_Method"
    ],
    "params": [
        0.9303155724170382,
        0.1443967457242044,
        0.7293793281212001
    ]
}