{
    "R2_score": 0.8867176860505531,
    "MAE_score": 76.51614019885297,
    "RMSE_score": 113.67875592193944,
    "y_predict": [
        250.06897230178225,
        379.6110695676569,
        70.07406058338388,
        52.975328901945666,
        179.84633243042416,
        198.60330181590925,
        900.5494426695087,
        161.64535596620567,
        76.04489308337682,
        305.41661742287755,
        312.7707092243022,
        42.05876336758681,
        86.95725917033664,
        394.2030280616188,
        148.76311264294787,
        900.5494426695087,
        77.13834699263124,
        395.9446312698706,
        63.184814525725855,
        345.0098101483841,
        24.584418580205426,
        427.47845200698714,
        252.20950654411357,
        1193.6810623538884,
        455.19986144228824,
        311.9636384817431,
        417.9456629586363,
        383.2040180920058,
        218.59080090701244,
        139.37709393181746,
        9.182355436876561,
        112.06161327327675,
        85.58440626594546,
        484.00036856470354,
        80.46112099094842,
        1327.1421501310456,
        394.2030280616188
    ],
    "y_true": [
        399.7,
        352.5,
        60.3,
        62.2,
        115.0,
        198.0,
        548.0,
        94.6,
        97.9,
        188.8,
        215.28,
        22.1,
        87.23,
        276.0,
        220.0,
        1074.5,
        6.0,
        193.6,
        67.6,
        232.0,
        11.6,
        419.13,
        201.8,
        1340.0,
        455.0,
        333.94,
        750.1,
        528.8,
        216.0,
        109.9,
        98.3,
        88.0,
        82.5,
        422.0,
        92.9,
        1440.0,
        308.0
    ],
    "features": [
        "CC_Thermal_Conductivity",
        "Current_Collector",
        "Current_Density",
        "E_Bare_Anion_Radius",
        "E_Cation_Radius",
        "Is_Binder",
        "M_Density",
        "Morphology_Encoded",
        "Potential_Window",
        "Synthesis_Method"
    ],
    "params": [
        0.9037275955200668,
        0.05721442829621078,
        0.07495735978657736
    ]
}