{
    "R2_score": [
        -0.03486991514749982,
        -2.5074923034607397,
        -0.002552863472538691,
        0.37531900445929633,
        0.5658003752309317,
        0.7693047628676193,
        -0.252769544929059,
        0.26535537861964986,
        -0.48292495154332005,
        -2.3171416471113733
    ],
    "MAE_score": [
        135.68153293872976,
        154.3234099643018,
        101.4133894879258,
        280.840909183619,
        90.20503843756576,
        113.30052935440696,
        93.42883660717325,
        90.93725352926961,
        175.96156889552293,
        211.36910723447386
    ],
    "RMSE_score": [
        205.55896927048408,
        155.15686507492026,
        132.0208296055052,
        395.25743259656326,
        130.91306091803554,
        123.01223495877764,
        111.24205833961449,
        114.65601090600677,
        213.37142998605262,
        266.10469277766157
    ],
    "y_predict": [
        324.89517910239385,
        314.9219017797278,
        304.94862445706167,
        294.97534713439563,
        51.1626003303071,
        31.195246312940412,
        11.227892295573781,
        -168.47829386072635,
        436.9132632847136,
        426.93998596204744,
        406.99343131671526,
        347.1537673807187,
        207.64405807821998,
        195.91070096171157,
        184.17734384520318,
        160.7106296121864,
        317.8830698143452,
        317.86191745340864,
        317.840765092472,
        317.7350032877889,
        370.46542032484444,
        370.4452417018708,
        370.42506307889715,
        370.324169964029,
        404.628224013902,
        404.60536573792626,
        404.5825074619505,
        404.4682160820719,
        717.5006458424609,
        685.7721044375276,
        643.4673825642833,
        580.0102997544168,
        840.212261735593,
        820.2449077182263,
        800.2775537008596,
        700.4407836140263,
        207.64233063818733,
        196.19549166335247,
        173.3018137136828,
        104.62077986467375,
        442.8931787276358,
        431.15982161112737,
        407.6931073781106,
        337.2929646790602,
        284.1119120242161,
        261.25363604847786,
        192.678808121263,
        78.38742824257162,
        416.4818137551902,
        396.53525910985803,
        376.58870446452585,
        336.6955951738614,
        146.17268278281142,
        136.18900577412808,
        106.2379747480781,
        56.31958970466138,
        330.2633309235523,
        316.30074267181976,
        296.3541880264876,
        276.4076333811554,
        569.593402257611,
        527.8054591019161,
        486.0175159462211,
        444.2295727905261,
        210.4111070275795,
        189.51713544973202,
        168.62316387188454,
        147.7291922940371,
        -60.996897930132604,
        -83.98819581133284,
        -106.97949369253308,
        -129.97079157373332,
        254.51566123461194,
        146.66067557066958,
        11.841943490741585,
        -257.79552066911424,
        128.82048781291724,
        117.39134982504811,
        83.10393586144068,
        25.95824592209493,
        489.2953561940062,
        469.1167332203713,
        448.9381102467365,
        428.7594872731016,
        622.5242190347617,
        611.0773800599269,
        599.6305410850921,
        576.7368631354224,
        354.09239566646977,
        342.66325767860064,
        331.2341196907315,
        319.80498170286234,
        167.2530342865032,
        153.7711610785104,
        126.80741466252482,
        72.8799218305536,
        262.0559533605147,
        251.47977289220358,
        230.32741195558145,
        188.02269008233714,
        223.05061211046416,
        212.9613006236467,
        192.78267765001186,
        152.42543170274217,
        139.65829354233205,
        128.21145456749724,
        105.31777661782752,
        59.53042071848819,
        306.68519444811636,
        295.18954550751624,
        272.198247626316,
        203.2243539827153,
        127.46673141314477,
        104.57305346347505,
        58.78569756413572,
        35.892019614465994,
        167.79620818256018,
        146.643847245938,
        83.18676443607148,
        -22.57504024703934,
        269.452494584481,
        234.25242323495578,
        175.5856376524138,
        58.25206648732984,
        419.8106432492181,
        392.84689683323256,
        365.88315041724695,
        311.9556575852758,
        481.29394052892303,
        460.3999689510756,
        439.50599737322807,
        397.7180542175331,
        541.3876315245712,
        521.4202775072047,
        501.45292348983793,
        461.51821545510455,
        526.8899436688233,
        503.9962657191537,
        481.102587769484,
        435.31523187014466,
        152.21058423863616,
        129.3523082628979,
        106.49403228715954,
        83.63575631142129,
        -146.12222937754802,
        240.50881924170974,
        475.2045663754224,
        454.0522054388003,
        390.5951226289338,
        284.8333179458229,
        94.4388612233482,
        74.26023824971332,
        54.08161527607848,
        33.902992302443636,
        171.86854720545657,
        144.90480078947098,
        117.94105437348537,
        90.97730795749976,
        170.28656639056723,
        149.39259481271978,
        128.49862323487224,
        107.60465165702482,
        182.5050493266286,
        161.61107774878116,
        140.71710617093362,
        119.8231345930862,
        341.0533631560037,
        317.5866489229869,
        294.11993468997014,
        270.6532204569533,
        293.3200330940548,
        269.853318861038,
        246.3866046280212,
        222.91989039500442,
        271.273369972472,
        441.9457095312259,
        441.9457095312259,
        218.5912819321445,
        198.64472728681227,
        158.75161799614793,
        118.8585087054835,
        392.06088211293604,
        371.88225913930125,
        311.34639021839666,
        210.45327535022244
    ],