{
    "R2_score": [
        0.4824969065447928,
        -0.48697399594616697,
        0.46450223539106683,
        0.11210209624489587,
        0.6789448494197625,
        0.5807950415091332,
        0.068842570834312,
        0.4356833820713115,
        0.1721105413677133,
        0.22863768280428864
    ],
    "MAE_score": [
        105.90357877034145,
        90.41461218262465,
        89.67445921598556,
        308.733341978672,
        93.21922878076643,
        140.78208491075986,
        80.52989855898883,
        71.13977780700608,
        138.87460281203863,
        110.19701672781316
    ],
    "RMSE_score": [
        145.36171078131838,
        101.0239440376454,
        96.48674324433732,
        471.229438569782,
        112.5714023260835,
        165.8220196677221,
        95.90582352628557,
        100.48924792022797,
        159.4273612282264,
        128.32159063118522
    ],
    "y_predict": [
        272.26299943457747,
        256.92238672041,
        246.09541774909,
        229.0070885042661,
        163.68927822680436,
        130.95156872035912,
        109.025079928006,
        47.273528158526545,
        328.8347417136345,
        307.6334453990059,
        289.83925750264694,
        259.9002747163156,
        228.78949435568612,
        217.52044414441994,
        209.50298295081345,
        199.05704061153915,
        430.1917034510709,
        351.7214460455087,
        311.8808984764301,
        264.6940494706879,
        466.6501855555778,
        390.01203002595093,
        343.6297033163871,
        287.1343900091271,
        548.9729234524982,
        410.85369714596976,
        371.84041765762095,
        338.13201114425175,
        475.9077065059985,
        435.31695093169725,
        378.81636069544703,
        351.1917397977074,
        510.26987109760995,
        479.80279896529646,
        474.3608412547006,
        394.99178848838955,
        312.6568989965936,
        298.43770305301695,
        267.8524411783912,
        233.4930269030356,
        332.5659430145979,
        318.05972590823984,
        305.85034305356345,
        286.60090074130295,
        225.37083133084948,
        191.42877185656616,
        175.36177923364232,
        133.4125891440906,
        300.18753604495555,
        265.33248630917114,
        249.60211683005718,
        240.2292664103248,
        212.8392823289662,
        184.7102784304507,
        156.008973560459,
        124.28095695920008,
        271.15882826467754,
        265.15037317724506,
        249.67897885777867,
        230.40244301648116,
        350.81715178878494,
        308.1961297892315,
        289.59604626287717,
        276.31154859277484,
        214.8915224360463,
        171.12489202773773,
        147.69130563061185,
        134.6835107848991,
        135.8689547855695,
        130.79665164827924,
        119.0870036769536,
        87.6590494896733,
        203.72076260027572,
        158.90083473761712,
        114.19137564059365,
        29.480434947931617,
        226.85584383370656,
        199.62947609405856,
        157.8336758175434,
        119.88695367727803,
        318.0030586072112,
        285.7348759309489,
        264.24035459007064,
        248.32372922053818,
        461.77223420119896,
        441.8848630395443,
        427.54292086259846,
        425.4184783426944,
        358.8711981045432,
        354.6034325083949,
        348.8640439769065,
        350.9001174379161,
        197.60318757813994,
        175.92066519994208,
        151.42434173003676,
        128.41627343022523,
        280.9142288148475,
        264.1346834983912,
        256.09780721587714,
        231.36044309549433,
        231.14442918484232,
        214.79785246315956,
        199.11699454982443,
        174.51551401118311,
        229.10335709307515,
        156.3137243555485,
        139.78642416506705,
        116.81638521809062,
        272.11090268769715,
        264.1943927130689,
        237.8780265974798,
        200.4642116736919,
        225.88347398748462,
        212.39319840107737,
        188.73745486411607,
        182.51201634629305,
        192.7393731004107,
        162.06628631020496,
        131.03774881184594,
        98.25131764572427,
        242.92279009484832,
        200.42078191387353,
        193.94123147836925,
        152.5044859607996,
        333.5994042493125,
        290.97875581394266,
        282.2712429425912,
        260.25881171143004,
        426.6017628762748,
        396.6272447912431,
        377.2268086841754,
        347.0225217348652,
        462.96510209800454,
        421.83746623767274,
        400.84691840979707,
        388.3577081970961,
        462.8181824987832,
        428.1168566793613,
        406.02279383335366,
        389.6078576374375,
        225.3944585624414,
        165.63767791512484,
        140.31112865932428,
        136.67025370933501,
        48.9243950913357,
        294.5165205556775,
        347.6852040954434,
        317.74972554680795,
        281.5093318032834,
        231.35154500965757,
        140.49243781031532,
        125.35240403937,
        109.74356681303452,
        103.71437503679233,
        197.90868427752056,
        194.87508935610478,
        179.96418768214926,
        168.70451053672306,
        168.7142642713519,
        153.65179640399526,
        138.04791376400598,
        129.85846854990916,
        195.8424608866317,
        174.82614486266115,
        158.31799992796653,
        155.04063318960743,
        302.5296334799366,
        271.52543425685127,
        271.7491391179802,
        260.2904492564414,
        244.42332446044546,
        234.0085658644165,
        223.7989709536989,
        216.86453679498143,
        317.30339269977407,
        359.97907401834186,
        359.97907401834186,
        295.48209696249904,
        286.86919541199103,
        236.53951530417442,
        265.0382671089285,
        309.20574934536313,
        287.31968827691543,
        250.1404722196893,
        210.0601004690092
    ],