{
    "R2_score": [
        0.49778282637775584,
        0.46347783298295386,
        0.49416383059303215,
        0.483993710443104,
        0.531624610525941,
        -0.13957035630932757,
        -0.16278197682319573,
        0.24441464991888784,
        0.7628792283940528,
        -0.035672868557794946
    ],
    "MAE_score": [
        96.80509880493513,
        109.9572167582814,
        87.88420788264582,
        147.3295270902724,
        63.979961397791726,
        59.67125374968831,
        117.4650334152186,
        132.63823256662982,
        81.04843648031276,
        69.34892179344277
    ],
    "RMSE_score": [
        108.15367336610355,
        150.42675705264597,
        109.68798885460518,
        162.822290124546,
        81.73395846199283,
        68.47283624075973,
        134.10591928341975,
        156.7367289808192,
        96.82290070254213,
        88.1584532899956
    ],
    "y_predict": [
        231.9279715878525,
        223.80682379193505,
        207.5081526761264,
        197.3727892033409,
        239.91759079486766,
        166.32168219511846,
        145.9400785396755,
        89.70013083618676,
        322.42068154765553,
        291.13612002188484,
        280.8401201828163,
        251.39746075030584,
        251.70768595637546,
        234.7756461883057,
        230.74012637390763,
        228.44025943367728,
        282.80136547246315,
        282.7958879585868,
        282.79041042762566,
        282.76302251666334,
        327.6252779822542,
        298.1439550428817,
        290.79680316821856,
        247.8817752851684,
        253.8600612005047,
        219.06296881528758,
        215.112108368096,
        195.54221008319396,
        313.62484319107494,
        298.227806779374,
        292.0376961230972,
        272.4355225805873,
        211.26761230003862,
        202.93295962714328,
        184.69262065074054,
        153.63974820182884,
        253.4591509637827,
        232.1890076596644,
        217.19062430713936,
        204.6429354070576,
        240.4895403333832,
        212.98863030870166,
        184.6423307114329,
        154.54407704435997,
        246.2073443843279,
        259.6285978113753,
        249.61291253587729,
        231.11231929012797,
        350.5107276057581,
        338.9650630916342,
        275.81020231285163,
        264.429899786101,
        192.9728792425942,
        146.1379895855863,
        139.26399104635016,
        126.79105211262511,
        152.85334564175716,
        129.10465046837638,
        118.7973445790363,
        100.64103406211866,
        220.29732392326173,
        148.9991314062228,
        108.60278811300505,
        46.230408428674345,
        235.36847017492676,
        208.26947446339977,
        167.77690346003996,
        131.7984813932754,
        169.90576620611068,
        161.52946285369566,
        149.07624697766047,
        130.02090313136992,
        405.86132943580316,
        386.86791727816575,
        383.2937493803472,
        379.50268853912775,
        321.44206714938787,
        304.97575322972494,
        296.0124298285968,
        292.13618192995267,
        209.42099329792407,
        186.73399277227517,
        154.80553469862653,
        140.21670617288012,
        253.6804328817002,
        237.44594513131804,
        230.3771111697797,
        207.70402893405648,
        222.539694926455,
        206.66582760217088,
        192.09397831924892,
        170.3366345893627,
        211.4038478460612,
        149.6474494625642,
        135.12480619779296,
        116.39320435336874,
        204.82105204445944,
        189.71403057786372,
        158.12298333087196,
        122.56611890156852,
        168.77161728195713,
        154.23616159278745,
        126.7078213396713,
        123.32623230729492,
        216.6683973933506,
        175.7587617955077,
        166.29223349655229,
        143.45515487861633,
        240.4172682566443,
        205.91821502448457,
        192.05319881078597,
        158.93222207493432,
        346.7853305706629,
        316.1307960331698,
        301.7395330880617,
        284.39053229253386,
        390.50928653822433,
        354.9474305791034,
        337.11810465067396,
        311.8698097129043,
        390.50928653822433,
        354.9474305791034,
        337.11810465067396,
        311.8698097129043,
        436.92848858535285,
        403.1306158409984,
        382.3101529401749,
        368.25354257152185,
        280.6734363845588,
        259.09348680590864,
        228.24581068798102,
        211.35721762362755,
        162.11750552680007,
        219.06296881528758,
        337.4316893883629,
        296.48769950224755,
        259.64973391644736,
        211.31639913292827,
        145.1716216178205,
        131.6268975707571,
        120.66508877916728,
        113.72949082822815,
        130.86117929936734,
        121.29823612128855,
        121.55207301744592,
        115.37471081336507,
        157.42289211220526,
        141.92927139499815,
        127.70530916444393,
        120.78614262723984,
        208.47704178772904,
        169.64771165077727,
        165.81346296843643,
        154.00674344975252,
        293.27131451395377,
        248.3468865708869,
        239.42313483332524,
        233.9772899979258,
        227.71479570893965,
        206.6427916592783,
        202.1264878176429,
        197.77587126181265,
        272.3591924162038,
        332.71814760976355,
        332.71814760976355,
        455.2705854492647,
        448.12147983888445,
        416.562633518309,
        440.79459144686325,
        283.198339082848,
        266.2240507660742,
        217.3322698657796,
        178.48144410548502
    ],