{
    "R2_score": [
        0.5641394576731209,
        0.7089978951898622,
        0.8200372202497704,
        0.525311933889683,
        0.7662574101043651,
        0.6598235922654523,
        0.48843040678762295,
        0.6029003038510448,
        0.6741415207167596,
        0.5821348060549462
    ],
    "MAE_score": [
        108.44233255881284,
        126.30096726599997,
        91.7602434383004,
        100.77701210322007,
        101.07243420696041,
        82.58767478916104,
        74.61097437426076,
        102.52336202744574,
        83.51322892058236,
        89.73271284088847
    ],
    "RMSE_score": [
        159.59232794888965,
        211.16007212881362,
        111.39293135420866,
        128.54814203754543,
        156.3120713314723,
        110.38638575751905,
        89.24576524682715,
        124.44595198799541,
        97.37946662194344,
        132.40363776529506
    ],
    "y_predict": [
        228.42819103247356,
        244.479466541321,
        204.02668923076524,
        216.5368383470736,
        236.30847170849253,
        215.3006082908505,
        183.9076698329834,
        138.59868139553043,
        384.5719511131553,
        365.9392995437268,
        334.2154792540235,
        297.73709100613365,
        220.75042369635216,
        217.393802741145,
        211.80418264927206,
        212.54698849709288,
        518.112784691172,
        380.2928039116669,
        337.27534189313246,
        288.94680157479297,
        473.59228016290376,
        406.7108099247076,
        393.1732181101092,
        301.57798633289843,
        518.112784691172,
        406.7149853408614,
        393.1732181101092,
        340.114633588014,
        941.8579180124606,
        838.1277240823692,
        813.4902555137224,
        877.9203612646771,
        449.7054757499914,
        410.16336402559483,
        454.42588820143084,
        336.80889995398496,
        308.45734945173655,
        309.62050034869685,
        275.9289577809636,
        235.89370368040582,
        337.6079157508572,
        315.8111167854295,
        331.1181694983341,
        299.06291228881565,
        247.43916942948897,
        210.18505327930566,
        206.18151952800972,
        161.40408212679196,
        282.53436066493987,
        235.13248850767977,
        213.10223238897,
        209.58216267235252,
        214.0331839913595,
        187.33493832307366,
        163.13247773973026,
        124.21000556526076,
        276.363071521336,
        245.16391566352578,
        222.24366226210552,
        198.50501917567865,
        397.94380491675344,
        323.73939009277933,
        317.54744728607886,
        349.2902820736303,
        185.93887937132968,
        175.482195966375,
        147.44814438776763,
        141.83897167452895,
        153.68959868430127,
        130.73897702591537,
        113.44433795658706,
        87.50766533740602,
        233.17138296827133,
        167.62657715088218,
        137.97706333511292,
        19.056489449950202,
        226.78359229303524,
        196.7720241627026,
        151.78394099518243,
        116.34621064863923,
        248.90959390300907,
        283.5182262147218,
        230.82093497939525,
        213.35652759527707,
        465.442204015733,
        410.75207517151097,
        393.2906746854028,
        409.2552614428223,
        300.75655640675035,
        245.91364131823102,
        271.05374698981103,
        256.0819031709978,
        238.05873420307105,
        215.2131061332169,
        205.6065692678976,
        183.42936478416595,
        288.299380440524,
        271.98166253413433,
        264.4758366494672,
        202.68137279077834,
        248.39069586988614,
        232.4619661479566,
        213.81900947468338,
        202.68137279077834,
        214.3616492776503,
        146.86226096677498,
        120.19697079442442,
        115.0876322407186,
        202.74221610629078,
        210.63837944464396,
        191.09458680381553,
        174.70439278436774,
        161.50496688227165,
        159.16825708478453,
        128.40526804727628,
        121.87154369325701,
        186.07441237908003,
        167.2711621142026,
        159.35142065390113,
        82.39663825255592,
        268.6142016462128,
        242.03622786354148,
        231.66512616320003,
        193.71922446603136,
        372.995964923832,
        332.57464435397503,
        316.27951727554074,
        295.5898861380071,
        434.00582003058577,
        411.32963880307125,
        384.32179467108944,
        360.45686693563835,
        459.5526294232061,
        423.4894972345334,
        402.258486395034,
        382.74212071916827,
        465.83334279365505,
        424.88271413572505,
        408.3844054904378,
        389.26310955175614,
        203.29839906661255,
        143.2184100260248,
        133.28978993750033,
        134.77679066295056,
        93.95697278160463,
        282.7661593032739,
        277.17590788505345,
        257.45048280108495,
        234.54904579299435,
        191.38048138118123,
        150.20211495018486,
        120.19697079442442,
        121.30924911398235,
        118.79709915688454,
        152.678189942857,
        138.06099018690455,
        145.45287818021592,
        126.51652128674273,
        134.741317592638,
        133.73556051889057,
        117.39652346166308,
        114.10025911143862,
        155.78659063838765,
        139.50510126372828,
        120.39044972679282,
        115.13651490368346,
        277.6085697952875,
        233.4970437554493,
        216.51754886223114,
        206.02670173207548,
        226.66892301946461,
        231.20844753134475,
        203.39305841023744,
        203.69874872975353,
        291.8296474445317,
        344.66227122006813,
        337.8425142910256,
        357.2609808829705,
        374.73772881262147,
        317.23093267031027,
        366.0045450456855,
        293.4913473037446,
        294.63364621487057,
        253.1263610567431,
        223.7720139407721
    ],