{
    "R2_score": [
        0.5395844571523069,
        0.6313114512829121,
        0.544083049798216,
        0.5661332979143854,
        0.5336693248711203,
        0.6827005117083821,
        0.7760952310809303,
        0.6345353389998343,
        0.6175829355098528,
        0.6962519358197651
    ],
    "MAE_score": [
        80.4606872459805,
        71.76696095336223,
        85.90140440143541,
        87.6351590515107,
        89.12069351592827,
        85.06732436854301,
        50.68762996561517,
        85.59187177523039,
        84.89786296847745,
        87.88279594959019
    ],
    "RMSE_score": [
        94.03013421960941,
        90.1235887821627,
        108.37739657305406,
        98.61335553963312,
        98.02031754368907,
        110.30350356632997,
        59.13251687389415,
        111.55161368558996,
        118.73630788129113,
        113.66806703815453
    ],
    "y_predict": [
        206.32690780702728,
        203.99938378884292,
        184.66010823716283,
        183.4496380333976,
        235.56152292830186,
        232.76968609156722,
        191.98653441520045,
        152.01974731543132,
        363.3838008033599,
        335.28874548418844,
        315.7421002546071,
        265.0451864171412,
        248.2520619061621,
        235.6977053475897,
        220.91635174093452,
        205.81886264653176,
        324.2151038103572,
        335.97875155409065,
        324.20385337295926,
        324.17572691468973,
        352.5421283585901,
        350.8470871286183,
        396.19537281853826,
        292.27276408165125,
        325.7679338016534,
        320.9765323053719,
        289.57836681303974,
        243.11325730892895,
        314.3534890814765,
        298.00665188271796,
        295.3205969029192,
        299.3039678373108,
        240.37306581608084,
        215.56723655398798,
        193.68143718802298,
        157.6010682915504,
        228.08064810549638,
        221.996049974926,
        182.10751519344066,
        169.44942958204942,
        201.9391725744681,
        196.76775248365675,
        169.5653980599129,
        143.79217930016657,
        218.44562150145873,
        250.39405007282394,
        239.9001099380897,
        218.9113259849905,
        386.22409773882447,
        474.94838168317773,
        279.0265966768505,
        333.26424752903677,
        199.55210846439454,
        148.6875187885104,
        147.24178949185685,
        133.30366336179216,
        143.77922984532924,
        111.38810538463203,
        96.61374294958704,
        97.32305538941888,
        222.03885385681076,
        158.97683239246723,
        132.80555911628713,
        51.087379808458884,
        201.9391725744681,
        215.55795960554963,
        165.99344585660822,
        140.94284559562428,
        156.6606930977191,
        180.79967953536814,
        130.76436384675978,
        126.04583459302607,
        433.57462007804514,
        376.3320118498007,
        407.34936613013866,
        404.24298362655003,
        269.3170951700922,
        253.776185499975,
        266.35858387544505,
        236.217755627952,
        222.14450174783482,
        216.79698599079077,
        199.08210151759337,
        176.29944858764551,
        269.3321561211072,
        251.34577762884604,
        246.3496693040141,
        223.42077371648153,
        233.01630915515773,
        209.10248229896516,
        199.49352075836455,
        172.61792464802792,
        212.5562788197037,
        158.61138042238233,
        136.28899859040214,
        121.2938822194734,
        150.9214387099416,
        145.70359227033293,
        141.79936861696135,
        123.08836807646533,
        174.16980532962307,
        161.9171226544793,
        147.38476078521765,
        145.38518129855325,
        191.6338707039615,
        167.17290233074834,
        145.79228092846353,
        103.17022832127866,
        257.16280606125315,
        277.1401036787575,
        245.0913060490085,
        226.4838609458296,
        360.1924341669687,
        324.84372698575754,
        309.65462136409496,
        291.5786796579659,
        415.63047718098557,
        393.52420838808615,
        363.76617783428895,
        346.7416784138661,
        438.87113549854917,
        398.6591729123807,
        379.4836938688445,
        369.95584102362614,
        446.1917153106985,
        401.5867431540576,
        390.25560753000724,
        378.77813195813656,
        218.1670627038641,
        171.96208412248882,
        155.13817775216876,
        137.92799102915703,
        192.50666200406363,
        293.68118949136357,
        258.885720392466,
        264.53556976283335,
        201.27978092260562,
        178.5661348721304,
        150.0007338515455,
        144.19622835137042,
        120.71242784398163,
        124.10994491716092,
        141.3222696743712,
        132.7351129443537,
        116.87190196019013,
        123.61560624750943,
        146.75773079383956,
        124.42278493058205,
        112.85763704287221,
        111.1213473618836,
        170.847983255495,
        140.13721086323665,
        132.1927927993429,
        121.70498489807646,
        284.8151916119912,
        215.7791420652118,
        211.16990632993796,
        212.72311945793237,
        215.74410572624217,
        181.72129475870986,
        183.62152432671198,
        174.16163761158927,
        302.86061082679583,
        325.50415488761047,
        311.2178737134065,
        398.1504331308466,
        396.60874314259263,
        342.0104005611823,
        433.81036181844246,
        257.044820127929,
        283.2777936219618,
        235.81248568074435,
        199.55999867540083
    ],