{
    "R2_score": 0.599206812192876,
    "MAE_score": 77.54594894204158,
    "RMSE_score": 92.71215069867623,
    "y_predict": [
        295.717588374252,
        162.30031523984863,
        201.428024776959,
        219.21642228055683,
        266.59295082105774,
        173.80796527276698,
        197.14134226090877,
        204.14890426099421,
        276.2091095617939,
        267.34254115911205,
        441.3433285518043,
        192.43189406224613,
        258.0614210757938,
        191.34629358631165,
        296.58557031546553,
        340.83806770981914,
        221.49872716607038,
        147.18037226912233,
        333.47612927191466,
        122.4586255804223,
        148.85164884791303,
        225.7699504015609,
        144.87299292564785,
        309.0039600749389,
        136.1291129356544,
        197.14134226090877,
        123.81305520409948,
        328.2833501446048,
        328.3194778822364,
        115.37047687073971,
        312.0247514753564,
        328.30915580706665,
        239.09082872979317,
        134.53787223943996,
        251.03261011040726
    ],
    "y_true": [
        140.0,
        149.0,
        310.4,
        118.4,
        333.94,
        82.5,
        240.6,
        198.0,
        354.8,
        377.13,
        565.3,
        260.4,
        131.0,
        25.0,
        325.0,
        455.0,
        287.4,
        94.6,
        423.0,
        11.6,
        118.4,
        211.8,
        58.1,
        391.6,
        59.7,
        221.9,
        66.5,
        145.9,
        548.0,
        64.8,
        352.5,
        355.6,
        235.0,
        93.4,
        305.0
    ],
    "features": [
        "CC_Electrical_Conductivity",
        "CC_Thermal_Conductivity",
        "Current_Density",
        "E_Anion_Radius",
        "E_Ionic_Conductivity",
        "Is_Binder",
        "M_Density",
        "Morphology_Encoded",
        "Potential_Window",
        "Synthesis_Method"
    ]
}