{
    "R2_score": 0.6946163941772464,
    "MAE_score": 122.41706114223224,
    "RMSE_score": 186.64704378244647,
    "y_predict": [
        287.7548684751446,
        345.44715762813456,
        150.20884580628046,
        159.4654316786721,
        236.93601110433391,
        217.12900619692596,
        516.9105475325284,
        174.06132980608058,
        164.6189693548073,
        263.0834356414778,
        272.3682910092723,
        144.5942913928458,
        145.55264033046208,
        365.60034437421814,
        207.31480372943676,
        516.9105475325284,
        211.51595887017558,
        353.93874601824297,
        206.07836986385064,
        290.2085170966539,
        123.96606456149816,
        367.0509655667648,
        322.6830620371973,
        838.6955706466796,
        382.5178345049342,
        309.44313870356433,
        400.6762430655089,
        334.83873440811254,
        253.6260386875308,
        172.64241508028468,
        61.306598503687134,
        134.68442750707024,
        116.21766523957199,
        388.74943522649954,
        152.9827839986272,
        865.3752822441819,
        365.60034437421814
    ],
    "y_true": [
        399.7,
        352.5,
        60.3,
        62.2,
        115.0,
        198.0,
        548.0,
        94.6,
        97.9,
        188.8,
        215.28,
        22.1,
        87.23,
        276.0,
        220.0,
        1074.5,
        6.0,
        193.6,
        67.6,
        232.0,
        11.6,
        419.13,
        201.8,
        1340.0,
        455.0,
        333.94,
        750.1,
        528.8,
        216.0,
        109.9,
        98.3,
        88.0,
        82.5,
        422.0,
        92.9,
        1440.0,
        308.0
    ],
    "features": [
        "CC_Thermal_Conductivity",
        "Current_Collector",
        "Current_Density",
        "E_Bare_Anion_Radius",
        "E_Cation_Radius",
        "Is_Binder",
        "M_Density",
        "Morphology_Encoded",
        "Potential_Window",
        "Synthesis_Method"
    ]
}