{
    "R2_score": [
        -0.08348009664029221,
        -0.3434506519920908,
        0.35622934158136876,
        -0.3175868980688048,
        -0.33337126056041666,
        0.6610293846921544,
        -0.2356599787019069,
        -0.056488468159051175,
        -1.234153692204369,
        -0.761176139406736
    ],
    "MAE_score": [
        140.69760956819934,
        60.888433412394924,
        89.81011423705513,
        371.3550058338201,
        151.1937845678418,
        118.54782947543856,
        68.72492573213364,
        99.71232761952963,
        199.36669556042617,
        147.51733036218076
    ],
    "RMSE_score": [
        210.33135487612228,
        96.02481784655359,
        105.79238448782951,
        574.0378541122778,
        229.41076890155165,
        149.11111605526006,
        110.47980854205873,
        137.49615597808582,
        261.89861660699387,
        193.8973713541489
    ],
    "y_predict": [
        403.26208577692904,
        384.0423276776409,
        354.18058147646354,
        308.8624320456979,
        526.0076814822859,
        521.280284195394,
        511.1505525345688,
        511.1505525345688,
        439.4260802006909,
        430.004097423704,
        426.63524919791524,
        426.34650581956726,
        240.9929129261747,
        223.4352365112305,
        202.25835611025707,
        125.43722791902003,
        432.9350908749936,
        432.9350908749936,
        432.9350908749936,
        432.9350908749936,
        485.8655174429393,
        485.8655174429393,
        485.8655174429393,
        485.8655174429393,
        559.7909991106213,
        559.7909991106213,
        559.7909991106213,
        559.7909991106213,
        164.4157213853103,
        173.23010589542977,
        172.97639902836693,
        172.97639902836693,
        152.75553651172737,
        135.88376143533046,
        135.88376143533046,
        135.88376143533046,
        390.12359342121647,
        390.12359342121647,
        390.12359342121647,
        394.68985314809726,
        441.4860614317392,
        362.66621641679086,
        342.41318151165996,
        289.96805211554783,
        206.1981985576658,
        116.91716792708964,
        21.20449138302485,
        21.20449138302485,
        537.3829362430653,
        406.16192445420074,
        390.4360062795044,
        395.17084464013885,
        206.4841099741859,
        154.75340203420444,
        143.5027042807315,
        111.98044344530543,
        249.6589098856389,
        226.99343889465004,
        169.95353827157152,
        123.57754179694258,
        503.8387414002439,
        503.8387414002439,
        503.8387414002439,
        503.8387414002439,
        303.9116739646329,
        304.45979354589434,
        317.4336312350815,
        317.6638371799183,
        127.99101665061366,
        92.37154802886616,
        61.67986052034512,
        48.70910492127382,
        177.20238151622496,
        54.43551823557454,
        54.43551823557454,
        54.43551823557454,
        231.77229202394625,
        231.77229202394625,
        168.33313388990052,
        49.17505345786263,
        530.5073585422407,
        507.8032295691673,
        507.8032295691673,
        507.8032295691673,
        184.00818318413067,
        75.59367646627707,
        77.14009843326899,
        68.73830427065083,
        396.698594990768,
        334.78407457445206,
        267.5306419122413,
        273.7739318665985,
        356.9617692288638,
        187.81237745870953,
        75.66792565183424,
        68.85784218985465,
        367.11918336840137,
        367.11918336840137,
        216.81911552154358,
        174.90662703079596,
        313.2953009558273,
        313.2953009558273,
        181.51616356559074,
        154.2751413821483,
        225.19829972920127,
        116.40231885907785,
        92.78846535886812,
        80.91029507183488,
        247.16648899161106,
        121.7281999579239,
        96.8662055073607,
        30.47801350327766,
        342.96714733812547,
        336.92927803425175,
        385.9237278580378,
        345.580301867913,
        341.78110961979195,
        311.2676239469476,
        254.48680175771258,
        254.48680175771258,
        190.28937430430838,
        128.3290304612194,
        35.15120451586733,
        35.15120451586733,
        472.09825841415807,
        354.1947725990025,
        312.6786165160032,
        271.1705053271135,
        458.51640473315774,
        412.86243286391505,
        412.7327752622648,
        401.6788113684181,
        496.002262946895,
        468.30703949973537,
        441.33649995777193,
        428.79536699543854,
        523.0827428825573,
        445.390015708039,
        478.25677220309046,
        454.34741469036953,
        265.81393812359505,
        79.75868586034439,
        9.593714424931616,
        7.799956415504791,
        390.4225744807547,
        325.76564615254557,
        298.06618158181055,
        302.38078646724045,
        254.02275467175195,
        254.02275467175195,
        113.28971193959495,
        55.05662545125849,
        35.23733282110218,
        32.33477823350613,
        224.64421540548142,
        214.09923256589633,
        207.46105018891248,
        212.14927531218692,
        63.33840361962512,
        68.11902368704534,
        45.84067836020812,
        38.28246354223537,
        88.23967660702527,
        -15.041516668839265,
        -37.31986199567656,
        -42.19273713523176,
        231.06351987389016,
        138.8622490640363,
        71.91121658843063,
        72.42786603018463,
        242.08575335045495,
        206.5159171618587,
        143.21757813450097,
        143.73422757625497,
        391.99308255934176,
        413.3069029367726,
        413.3069029367726,
        61.928038197340065,
        64.69884476496276,
        64.22034606592342,
        64.22034606592342,
        404.8208739432828,
        363.3269576049018,
        362.89383393545734,
        362.89383393545734
    ],