{
    "R2_score": [
        -0.25332996810055697,
        -0.49200691489078174,
        0.2868556512562943,
        0.6207334374577713,
        0.21922541306186283,
        -3.6601011236581193,
        0.4773759855397026,
        -0.19504344999386936,
        0.3572872882062462,
        0.35907230695196246
    ],
    "MAE_score": [
        127.3679057453201,
        187.27245941468374,
        82.41009606974787,
        108.54070123658364,
        83.37490678085511,
        116.94505810574026,
        68.82412079195414,
        174.02355771424232,
        121.17391258102073,
        57.201917825944875
    ],
    "RMSE_score": [
        170.85520222594425,
        250.85148475333662,
        130.23954077291543,
        139.59139230780298,
        105.52815221729676,
        138.46672361481532,
        89.90699505277955,
        197.1155392760934,
        159.40492471083536,
        69.35171110970721
    ],
    "y_predict": [
        340.7852860220613,
        340.7852860220613,
        275.33381767753804,
        275.33381767753804,
        327.50248825016877,
        301.55781060698024,
        283.07028784967565,
        256.85217974024715,
        346.67336109916414,
        346.67336109916414,
        287.29955620088145,
        277.5365533220206,
        350.1447989373163,
        331.23891701904745,
        323.9749389637789,
        338.79407112653644,
        255.71742725590116,
        255.71742725590116,
        255.71742725590116,
        255.71742725590116,
        207.3345861755906,
        192.92307371130218,
        194.4861052717904,
        194.4861052717904,
        378.181960252183,
        378.181960252183,
        366.0920599315385,
        354.35031254873763,
        384.80619223811635,
        384.80619223811635,
        348.8256723592955,
        322.16781995730616,
        184.73207113580762,
        110.12716132186765,
        119.62390156296743,
        119.62390156296743,
        393.11874790915505,
        269.42967629325847,
        241.6771845772015,
        237.02327546923428,
        204.54704311010894,
        204.54704311010894,
        170.64867989931534,
        149.00116484604564,
        206.82561050996412,
        206.82561050996412,
        146.27398251664007,
        153.98836355537287,
        448.6067346012639,
        448.6067346012639,
        448.6067346012639,
        448.6067346012639,
        225.41835572079736,
        99.68143915646414,
        75.33071550953325,
        94.84401992640458,
        156.4618583310756,
        124.87997673824962,
        166.9234453450713,
        164.93105542593005,
        252.32887709580726,
        115.90164977271967,
        115.90164977271967,
        115.90164977271967,
        210.0038337427802,
        210.0038337427802,
        175.2843509435842,
        154.26951696531827,
        174.99216006535318,
        187.4387539433586,
        181.0048532305003,
        176.9758334886359,
        267.182258709434,
        130.69719143797053,
        130.69719143797053,
        134.0773474407839,
        479.3010920627151,
        480.7427099248861,
        480.7427099248861,
        467.46922335685247,
        292.8848918538166,
        292.8848918538166,
        202.82440862233446,
        184.77288096102473,
        314.9272402551422,
        314.9272402551422,
        210.92326523707703,
        194.45005753803753,
        305.39689337481263,
        305.39689337481263,
        179.2769269400798,
        157.94469311544975,
        127.2065347982852,
        127.2065347982852,
        46.33552081013773,
        40.66587842052618,
        220.9669384994891,
        220.9669384994891,
        237.00395956650803,
        188.6769271565387,
        360.9762637794792,
        370.8778759339778,
        386.0107631452565,
        382.0330979749957,
        399.64254529346897,
        341.76010607103973,
        325.81232193913337,
        325.81232193913337,
        417.0010024539132,
        372.7450848939613,
        368.18083808072146,
        368.18083808072146,
        497.0967841244508,
        400.8902889512284,
        391.73316768595447,
        353.453481392968,
        450.19530314145067,
        376.63288740520096,
        367.7223448651426,
        363.10882159035197,
        450.19530314145067,
        376.63288740520096,
        367.7223448651426,
        363.10882159035197,
        544.7332794450431,
        467.94762616350914,
        449.9781731132009,
        444.09168313238604,
        445.4178523304958,
        325.1941148130582,
        259.16079060196734,
        259.16079060196734,
        386.8601533062665,
        378.181960252183,
        330.172429479253,
        292.39658988099467,
        256.0422667216068,
        256.0422667216068,
        130.58142691201658,
        79.31846890844278,
        72.99908062379846,
        59.84673700685661,
        88.39188153424627,
        40.09340618364735,
        60.6031380052106,
        37.87443631292968,
        90.0525477456335,
        63.322776264574735,
        57.91439100086519,
        34.88878723296555,
        286.5351668767541,
        200.90353390750903,
        159.8069465955787,
        154.35397552332554,
        380.03846099686075,
        205.168627076079,
        224.9924045624036,
        228.98720450297245,
        258.02903197726584,
        164.3573642989634,
        213.79584923901197,
        205.19643964665056,
        462.46738416207154,
        397.2637399746442,
        397.2637399746442,
        226.4444865072464,
        233.53333287235122,
        209.30511190804276,
        209.30511190804276,
        294.09708184674076,
        280.9834669584809,
        237.6497998079629,
        237.6497998079629
    ],