{
    "R2_score": [
        0.22507732532939018,
        0.7117185929086175,
        0.41996087214762545,
        0.8486299596638407,
        0.39221220650775623,
        0.5850151799118835,
        0.5757576581212285,
        0.5596574927232232,
        0.5429259495729163,
        0.6164029398802223
    ],
    "MAE_score": [
        95.2295067514074,
        54.477302991818995,
        91.62778138606275,
        48.51539978421605,
        79.88775727952607,
        88.22383307472792,
        72.44138780904031,
        82.13182488188973,
        91.9995824951887,
        96.03807601052587
    ],
    "RMSE_score": [
        121.98916321952034,
        79.69241161758184,
        122.2431381362785,
        58.24753350830806,
        111.90386838844773,
        126.14519912843026,
        81.39574420607357,
        122.44708993382228,
        129.8100124253161,
        127.73777595565755
    ],
    "y_predict": [
        249.0695798643553,
        266.813291873852,
        278.8930741237213,
        185.97103289430297,
        266.45415537717304,
        314.87066331623896,
        264.55967844727286,
        279.7224519822629,
        384.0931608426211,
        379.17181402458203,
        367.4997449536395,
        304.0600481475643,
        249.75205492682525,
        268.73731698617155,
        284.5437191871468,
        347.8580772242418,
        305.5440971741393,
        281.2982120677084,
        305.5440971741393,
        305.5440971741393,
        266.87813413702446,
        267.62734984897827,
        294.5171228359284,
        357.21211135509475,
        377.7028893210342,
        408.58869176422564,
        381.66842355617393,
        346.36458429346396,
        380.1341105690139,
        399.07038349782556,
        403.2446441937207,
        358.40007283858955,
        190.8393010464873,
        142.20108249380363,
        95.02874125128439,
        95.02874125128439,
        330.281827506308,
        204.47274765576998,
        124.3107523569111,
        154.65124429168424,
        224.28788285354884,
        227.67044756393997,
        170.39475270851236,
        138.55508794966363,
        202.6161560162333,
        243.88612295699284,
        137.4824582155849,
        162.37083202914064,
        384.32151010100324,
        438.46132908086,
        384.32151010100324,
        481.98983370742695,
        129.50582913727274,
        46.095204807078964,
        22.962134098658403,
        30.766479381376925,
        131.7649221071767,
        84.37868432760803,
        90.90097665463917,
        95.21761287518771,
        134.29372391111357,
        60.89041918147303,
        60.89041918147303,
        71.22507076705203,
        224.28788285354884,
        249.2327569759395,
        142.77776988694282,
        118.02175640672195,
        112.1796288174288,
        158.2876241398588,
        169.9548036214611,
        155.509345579398,
        386.91693107910197,
        308.1482124705873,
        336.91984189602414,
        270.3858761840521,
        388.8005945670271,
        388.6038105933458,
        383.02097665428414,
        374.6525263393669,
        321.7232448595809,
        315.01673704806916,
        179.88277044690037,
        131.9770125424227,
        319.5340239860869,
        325.2803998518205,
        203.34116529465163,
        208.24307338917288,
        301.979526590398,
        308.20632718325857,
        179.88277044690037,
        131.9770125424227,
        136.8316983173692,
        133.56457631691714,
        49.13430481898652,
        56.538058015138226,
        173.90143857366118,
        152.54281871941174,
        170.97304403745258,
        222.60166032019404,
        187.9995458650681,
        157.40361781612316,
        255.43001886118572,
        252.95570148201406,
        256.24618208192675,
        226.39353352437644,
        174.66911234265172,
        179.68645084780772,
        298.13035835835393,
        297.4675321092421,
        297.0163718893482,
        318.82297451757483,
        560.9178727052952,
        469.23457391217806,
        467.2628593306817,
        361.89852099310235,
        508.21634231308224,
        451.06195729167666,
        425.15245743127565,
        396.5717846811591,
        524.8159813689828,
        433.7666766843756,
        439.2420377409971,
        408.2026294178723,
        522.0920603368173,
        462.7588089677056,
        425.7951763870567,
        413.6383149222801,
        346.36082651890996,
        181.6876377888402,
        91.17087673863693,
        89.96148133996776,
        312.41138252447905,
        372.6035645504188,
        245.14042508601378,
        203.74039635012056,
        170.3181938986371,
        189.97754149011962,
        115.57299720548905,
        30.02883027557628,
        55.130634291119144,
        47.37481784912996,
        88.60882905733784,
        57.90988346066808,
        62.12514416194276,
        21.80952710314472,
        97.32383268998402,
        49.46385507594803,
        58.228900085948084,
        72.47558774142432,
        128.30684940285275,
        16.36302500863938,
        46.202269927189725,
        31.628004713275125,
        336.1175540500842,
        177.55674015400976,
        170.92254099900165,
        156.98318541844213,
        202.1178239394265,
        141.8951525332314,
        167.46620500025716,
        149.77710159213942,
        436.4301156514436,
        387.96486760412586,
        386.7630629234937,
        283.5060868847491,
        307.7772053260509,
        298.2290962563045,
        287.5011429562873,
        259.3766648402435,
        261.7485283403441,
        225.723291646106,
        255.51974403090304
    ],