{
    "R2_score": 0.4886658834978538,
    "MAE_score": 76.3109241740677,
    "RMSE_score": 104.71981713281247,
    "y_predict": [
        434.1126257106514,
        158.382358354588,
        189.0500783697147,
        170.3694189569625,
        471.69445311759955,
        161.63135554789983,
        230.89726902697313,
        347.3807707030119,
        462.8141542922867,
        302.51062856825183,
        539.8380826495677,
        189.0500783697147,
        384.5907592864763,
        141.3981207707867,
        365.66153407322065,
        383.7889641391726,
        333.7340173726329,
        135.52108524318223,
        434.1126257106514,
        38.28092162703229,
        104.40119632128454,
        200.58349027705057,
        104.40119632128454,
        384.71080934499986,
        98.69860047053166,
        230.89726902697313,
        49.0421126141644,
        329.5564086722444,
        329.5564086722444,
        33.04637993760366,
        406.12504179976435,
        329.5564086722444,
        322.233433360849,
        46.71495647843755,
        445.4430591151637
    ],
    "y_true": [
        140.0,
        149.0,
        310.4,
        118.4,
        333.94,
        82.5,
        240.6,
        198.0,
        354.8,
        377.13,
        565.3,
        260.4,
        131.0,
        25.0,
        325.0,
        455.0,
        287.4,
        94.6,
        423.0,
        11.6,
        118.4,
        211.8,
        58.1,
        391.6,
        59.7,
        221.9,
        66.5,
        145.9,
        548.0,
        64.8,
        352.5,
        355.6,
        235.0,
        93.4,
        305.0
    ],
    "features": [
        "CC_Electrical_Conductivity",
        "CC_Thermal_Conductivity",
        "Current_Density",
        "E_Anion_Radius",
        "E_Ionic_Conductivity",
        "Is_Binder",
        "M_Density",
        "Morphology_Encoded",
        "Potential_Window",
        "Synthesis_Method"
    ]
}