{
    "R2_score": 0.44493801963379087,
    "MAE_score": 154.47975213880736,
    "RMSE_score": 251.63381199449904,
    "y_predict": [
        458.2149044556849,
        393.5813766057173,
        110.87810096780433,
        304.731861150337,
        422.67581252328876,
        338.3560115563894,
        458.2149044556849,
        114.87760696880058,
        146.5266783286044,
        210.9201759506213,
        325.59608982188075,
        45.352400437747505,
        140.80647305858915,
        424.1294205965325,
        169.15808690034976,
        458.2149044556849,
        231.8404491963936,
        349.7178418820034,
        192.7648075292876,
        195.01680421231393,
        27.329805938376754,
        583.8919253319999,
        576.8530677680933,
        580.5957513856033,
        431.3188591344812,
        432.4877837314345,
        415.98549864577325,
        458.2149044556849,
        195.01680421231393,
        232.28866579674755,
        132.43453040627458,
        164.58138283189436,
        136.40599366798662,
        428.49452161557133,
        70.51335898682709,
        587.1864027340048,
        424.1294205965325
    ],
    "y_true": [
        399.7,
        352.5,
        60.3,
        62.2,
        115.0,
        198.0,
        548.0,
        94.6,
        97.9,
        188.8,
        215.28,
        22.1,
        87.23,
        276.0,
        220.0,
        1074.5,
        6.0,
        193.6,
        67.6,
        232.0,
        11.6,
        419.13,
        201.8,
        1340.0,
        455.0,
        333.94,
        750.1,
        528.8,
        216.0,
        109.9,
        98.3,
        88.0,
        82.5,
        422.0,
        92.9,
        1440.0,
        308.0
    ],
    "features": [
        "CC_Thermal_Conductivity",
        "Current_Collector",
        "Current_Density",
        "E_Bare_Anion_Radius",
        "E_Cation_Radius",
        "Is_Binder",
        "M_Density",
        "Morphology_Encoded",
        "Potential_Window",
        "Synthesis_Method"
    ]
}