{
    "R2_score": [
        0.6731991808544122,
        -0.9751821393598596,
        0.004814180450289363,
        0.38132340944525867,
        0.492052262773665,
        0.7079405384896178,
        0.4685278574494717,
        -0.19858516846416308,
        0.5774355397102666,
        0.33792205742738046
    ],
    "MAE_score": [
        78.05306019302907,
        101.29469193673998,
        119.06021885284065,
        265.416117857142,
        104.18289126238544,
        114.96177840758408,
        59.2524720231321,
        108.11230699351101,
        90.2926250985798,
        89.61105586680003
    ],
    "RMSE_score": [
        115.51413190787076,
        116.43303220165774,
        131.53487189574693,
        393.35324768587134,
        141.5949519490595,
        138.40909692059384,
        72.45588666485209,
        146.4510958803216,
        113.89985350024108,
        118.88445868493787
    ],
    "y_predict": [
        216.09973849624072,
        201.31316105263167,
        198.80498210526326,
        161.25491092731812,
        179.22599027776224,
        134.5806388848262,
        107.06198781498286,
        99.93404800896845,
        353.3847742857151,
        319.8786790476193,
        285.63502832080206,
        256.7680927318295,
        252.19148404706428,
        232.9179406563606,
        223.97699210957032,
        218.7817121346597,
        739.5,
        504.10000000000366,
        384.60000000000304,
        243.10000000000142,
        672.787968378664,
        587.7861117842857,
        443.56269806504497,
        339.21844610327867,
        944.3302133333333,
        584.9406849523809,
        492.448588952381,
        386.6346220952387,
        597.0088095238092,
        577.4730952380969,
        526.3061904761935,
        489.5116666666691,
        618.4138510747192,
        617.1470377004443,
        549.9123993517622,
        429.8668039918141,
        399.38739366383896,
        371.14266186388113,
        302.7249941683698,
        274.34898839608275,
        336.8740175622842,
        336.019472044802,
        318.47855844747056,
        308.70372988317035,
        171.32374569696998,
        124.94327436075031,
        106.01298977777783,
        107.16502558730166,
        269.38557166248967,
        233.52274015037588,
        216.40577699248124,
        221.1937794486217,
        268.0481711466897,
        260.3664667872343,
        152.92453273083066,
        149.6411957644875,
        238.87202907268178,
        228.56182030075195,
        204.33268922305757,
        191.68253684210524,
        607.9968797009376,
        607.9968797009376,
        607.9968797009376,
        607.9968797009376,
        240.52688520538342,
        143.86527263511772,
        113.52682266696812,
        112.98272397213061,
        221.54902279599006,
        165.86978638756042,
        157.0038279117208,
        155.3348039706527,
        222.82110276967896,
        113.94446262102727,
        119.48693792067087,
        119.48693792067087,
        291.5075049904769,
        248.38041200635104,
        178.8932257841272,
        130.52880199999996,
        334.0477245780948,
        307.71009037458487,
        298.0852605253928,
        293.77691246569503,
        373.55485063228844,
        343.41443137333755,
        341.02245220667095,
        331.13505843068396,
        392.77121893333435,
        361.6111974787874,
        359.4379097864794,
        344.85384978648017,
        228.31844523384157,
        155.29641303053174,
        93.34017952974826,
        71.51623674999108,
        355.60000000000275,
        315.0,
        310.3999999999976,
        275.19999999999806,
        265.4109072918257,
        255.28204731995243,
        231.89444082343667,
        219.89307083037588,
        218.29298124875558,
        127.01178683447577,
        84.79789637774041,
        74.09451264904396,
        202.8089938347327,
        190.81805846684702,
        164.7602164713897,
        155.7548519583413,
        313.3951339159325,
        284.7011143678251,
        260.58025722862436,
        264.01671827002303,
        206.20404761904766,
        136.69142857142865,
        115.16864285714284,
        111.99161904761905,
        246.10506616850216,
        206.55558900980512,
        202.60251087680882,
        201.8962340255626,
        287.68561879443956,
        165.68327278535259,
        146.37723459653216,
        153.67893133390908,
        461.4255691704645,
        446.4593694075408,
        429.9161833123343,
        426.41000450399514,
        619.129423111686,
        524.5343378661508,
        484.3475466686165,
        484.76957693620676,
        619.0708790822076,
        545.6679573881917,
        510.07520008848047,
        496.4698944256751,
        275.7160916825396,
        156.69701434920637,
        118.28567923809537,
        100.86916990476183,
        206.01438611512273,
        366.7025948086936,
        343.0587619047617,
        309.8133333333336,
        273.64547619047573,
        237.6588095238093,
        119.38698817428607,
        95.10430286264587,
        84.94814343115937,
        85.34401431280943,
        232.56258736633737,
        220.85428500669155,
        206.98228286182209,
        202.4140508944319,
        142.37612472084305,
        94.38062170153526,
        77.38415632590753,
        75.25156375844182,
        207.59654881506427,
        135.34283009168425,
        112.2148665031681,
        112.25451874789684,
        272.7564346285505,
        216.11300178318774,
        211.7933194076652,
        210.0809359752972,
        214.6049054143287,
        186.6988393194426,
        184.89193909229408,
        179.6569247412843,
        399.0056991639388,
        396.04817517148314,
        396.04817517148314,
        469.8053070175434,
        465.2404318295735,
        428.5281577944861,
        414.2989307268174,
        314.93370105341734,
        294.07975337938524,
        281.4960639039522,
        281.40080552706013
    ],