{
    "R2_score": [
        0.656691769798663,
        0.5909254195813849,
        0.6851880132242952,
        0.7543880086048861,
        0.5062550877551343,
        0.8625590123896358,
        0.8816297569870205,
        0.7738526349843601,
        0.7876608908879674,
        0.8632441906055988
    ],
    "MAE_score": [
        60.595942372612626,
        49.65275485701876,
        66.23609260191695,
        57.92711401006922,
        71.42709973367089,
        47.781060294118106,
        34.67276199314677,
        51.74814953848385,
        60.86387611471911,
        55.700980864272275
    ],
    "RMSE_score": [
        81.19591409073936,
        94.9314030609684,
        90.05782933044462,
        74.19631899492914,
        100.86034044882629,
        72.59601051713436,
        42.9948028805605,
        87.75036440439224,
        88.47690130728638,
        76.27015122026336
    ],
    "y_predict": [
        192.9840755114554,
        267.36760155815284,
        132.1528751258811,
        142.30323220064724,
        311.8170153761668,
        304.8535436893205,
        283.41796814936873,
        267.7440291262135,
        427.5917925974586,
        406.29622017393626,
        342.9028974515874,
        354.0971424648937,
        255.6432220039299,
        216.55283362534675,
        218.11513623978206,
        208.08032363913108,
        497.20000000000454,
        437.6081252737613,
        497.20000000000454,
        497.20000000000454,
        466.55753405995097,
        368.62676126878483,
        505.8336079077483,
        470.93232065617167,
        448.73359528487265,
        380.3166335728851,
        377.3631621349445,
        345.5234843492587,
        360.77539721992764,
        292.0,
        319.56581532416504,
        336.43272686454463,
        202.88464262179397,
        197.08312499999985,
        174.43446601941747,
        170.33689320388353,
        152.24827626720366,
        173.05513355592655,
        90.04003554088395,
        38.91956249999999,
        234.86796598876964,
        230.6297350957166,
        173.3981069946547,
        140.72752427184378,
        240.85180490208367,
        235.2185854616896,
        200.24854368932077,
        193.7762499999998,
        500.2574290484087,
        564.9109223301003,
        463.6148580968232,
        419.3612286002035,
        149.70637375113571,
        118.9069235436899,
        66.30743739565929,
        87.4363064833013,
        125.52597781833803,
        91.01602671118444,
        50.168989983305856,
        76.66062198861134,
        163.12715071912706,
        101.6215125000007,
        100.9671375000007,
        99.96573177518084,
        234.86796598876964,
        240.60000000000215,
        171.39606003932283,
        92.51441280301249,
        170.1923548170546,
        287.60644700713823,
        143.5098171265865,
        116.70728201634935,
        450.25360490582324,
        410.40000000000146,
        576.9983651226177,
        409.9230642504079,
        286.6700034910172,
        292.1830582524262,
        242.02409002957376,
        232.27729465197933,
        277.7638106796123,
        246.34279872817737,
        220.00921833368358,
        211.32279128339826,
        355.60000000000196,
        310.0805857670356,
        310.399999999996,
        262.6154798884145,
        255.6318530884837,
        230.98547963206397,
        191.35693947872403,
        195.57455321944633,
        191.24761028934623,
        118.90000000000099,
        93.40000000000018,
        66.41517383311214,
        174.63821890258117,
        160.93446626384562,
        124.98871249999952,
        127.06397138964473,
        151.67822582689055,
        122.96811585863028,
        126.25233424159845,
        131.78552646944317,
        160.5257696006525,
        131.52020631067938,
        103.26289149769403,
        93.69489705063994,
        273.9235208098837,
        293.94917071197386,
        292.7252575975641,
        265.17082668724174,
        377.0752427184466,
        317.7270542483755,
        283.2047589876755,
        332.97628683693677,
        557.3085756130728,
        495.34999999999485,
        457.6084019769383,
        416.09693689157416,
        563.0030406971719,
        529.5548347281699,
        512.8926323628831,
        510.656383510938,
        627.9423594534854,
        552.375,
        504.633109504627,
        493.18446399676407,
        208.84172691854081,
        99.1938230383976,
        80.64589691189792,
        82.52498795444488,
        188.23180135786268,
        401.50028006589787,
        197.84531099430637,
        187.69787500000027,
        159.75817220543925,
        141.7616393385996,
        118.39999999999891,
        93.5,
        75.89468087468089,
        65.90000000000062,
        62.02976190476151,
        53.906483300589315,
        53.12145719055623,
        53.6862500000003,
        90.69528487229917,
        66.08928499496442,
        53.61451598773568,
        54.67959998486255,
        101.56512420275345,
        48.96441189827464,
        24.527125000000016,
        19.432220039292726,
        253.5863850687619,
        135.46404292597472,
        121.39363009198426,
        131.34794561933526,
        187.15670283806423,
        127.77775996495879,
        146.10356796116506,
        116.29253254898886,
        379.8428261239261,
        350.0323761825236,
        337.35754232004814,
        505.66124999999454,
        549.3686304128878,
        496.27445742904905,
        453.9059999999999,
        316.08274396969233,
        334.9516193656094,
        295.1247572815534,
        290.77306993642156
    ],