{
    "R2_score": 0.8074633318631742,
    "MAE_score": 62.13722763881973,
    "RMSE_score": 79.10495391574968,
    "y_predict": [
        554.6252947154481,
        165.41760162601616,
        146.9524390243902,
        284.1396504065041,
        448.75705792682936,
        138.955581010453,
        452.8221137727449,
        407.6332694541231,
        116.74785162601623,
        111.0837703252033,
        188.10591971544724,
        452.8221137727449,
        297.8902337398374,
        390.1370985772355,
        488.77379065040594,
        263.5091469221837,
        452.8221137727449,
        90.83104674796758,
        91.49970455865271,
        129.13859901277584,
        559.0341869918705,
        139.8302032520325,
        74.58675319396053,
        70.68248896631819,
        474.3644410569107,
        541.572736280488,
        94.90869773519168,
        37.56175014518002,
        182.25804369918708,
        100.8655386178862,
        327.12974157955847,
        441.8650087108013,
        224.76874390243907,
        57.072817944250836,
        160.7553077816492
    ],
    "y_true": [
        706.7,
        100.0,
        101.7,
        396.0,
        512.3,
        162.0,
        581.6,
        455.0,
        112.0,
        97.9,
        326.9,
        422.0,
        232.0,
        297.8,
        355.6,
        377.13,
        394.7,
        73.8,
        59.7,
        65.0,
        381.4,
        31.9,
        62.32,
        64.8,
        368.7,
        473.7,
        82.5,
        11.6,
        287.4,
        98.3,
        352.5,
        423.0,
        131.0,
        60.3,
        170.0
    ],
    "features": [
        "Binder_Type",
        "CC_Electrical_Conductivity",
        "Current_Density",
        "E_Anion_Radius",
        "E_Ionic_Conductivity",
        "Is_Binder",
        "M_Density",
        "Morphology_Encoded",
        "Potential_Window",
        "Synthesis_Method"
    ],
    "params": {
        "n_estimators": 164,
        "max_depth": 13,
        "min_samples_split": 3,
        "min_samples_leaf": 1,
        "max_features": null,
        "bootstrap": true
    }
}