{
    "R2_score": 0.8829721349021645,
    "MAE_score": 64.22274329670626,
    "RMSE_score": 96.30548894888166,
    "y_predict": [
        288.65733299765003,
        618.5196882942511,
        185.11051445835113,
        189.87670694864053,
        70.64764518294794,
        710.8233726562123,
        385.0121869754949,
        230.18182563659892,
        274.2705891238666,
        551.1261747909975,
        296.5800389632196,
        425.8402738215124,
        100.9661832829816,
        117.46110775427908,
        187.04882271135938,
        85.39124874118829,
        69.2388553205773,
        1379.0834038267874,
        362.4696899726653,
        80.01053205773839,
        391.3191388928847,
        293.10038267875143,
        50.138197381671716,
        119.01730110775343,
        292.28188092840304,
        236.28639979858968,
        79.73055435668753,
        197.20934877475813,
        97.89403826787496,
        118.30793554884103,
        261.47380223469094,
        187.03880161127893,
        319.9869189085503,
        191.83386874790338,
        458.1824152400109,
        122.2651946962078,
        234.5665980914018
    ],
    "y_true": [
        232.0,
        565.3,
        310.0,
        112.0,
        64.8,
        1074.5,
        455.0,
        326.9,
        227.0,
        473.7,
        340.3,
        405.0,
        100.63,
        98.5,
        163.9,
        6.0,
        45.4,
        1440.0,
        434.0,
        66.5,
        140.0,
        334.0,
        41.8,
        98.3,
        188.8,
        235.0,
        58.1,
        67.6,
        93.4,
        104.2,
        294.1,
        100.0,
        329.0,
        27.2,
        413.6,
        109.9,
        334.9
    ],
    "features": [
        "CC_Thermal_Conductivity",
        "Current_Collector",
        "Current_Density",
        "E_Bare_Anion_Radius",
        "E_Cation_Radius",
        "Is_Binder",
        "M_Density",
        "Morphology_Encoded",
        "Potential_Window",
        "Synthesis_Method"
    ],
    "params": {
        "n_estimators": 993,
        "max_depth": 20,
        "min_samples_split": 2,
        "min_samples_leaf": 1,
        "max_features": "log2",
        "bootstrap": true
    }
}