{
    "R2_score": [
        0.5097574868738475,
        0.47024015198078806,
        0.4316959018277171,
        0.760737778957324,
        0.18096116185726752,
        0.37179689038479247,
        0.2488738456386982,
        0.2560559273795856,
        0.62948651253798,
        -0.20253572435175893
    ],
    "MAE_score": [
        93.15000548062645,
        107.19036959943926,
        95.32729968176336,
        93.55793377765416,
        84.11740652304135,
        38.65710123617295,
        87.98164734362166,
        131.53761981636575,
        99.4785011649684,
        75.99675970375013
    ],
    "RMSE_score": [
        106.8565085152464,
        149.4757624428526,
        116.26380379397938,
        110.8723942897362,
        108.08308873834113,
        50.83909214173839,
        107.78423508207722,
        155.52462344909532,
        121.03063186411241,
        94.9951987986218
    ],
    "y_predict": [
        233.33556373672013,
        201.18384289486784,
        156.8706564028038,
        156.8706564028038,
        331.59304564958927,
        201.19403604662853,
        131.2300565202295,
        171.3576567050741,
        352.9031350480555,
        310.6681586265007,
        249.1947826265069,
        186.6816770172138,
        234.71141026952577,
        181.47464277396202,
        177.20638157042646,
        188.97922028633192,
        394.62928660425456,
        394.62928660425456,
        394.62928660425456,
        394.62928660425456,
        457.22437426541336,
        456.59615031128567,
        456.59615031128567,
        431.55948423046027,
        395.74172394513096,
        348.6123868122023,
        335.0323166531373,
        304.4905086058252,
        315.87930990078945,
        292.13547275599694,
        296.6187629843327,
        279.9732656673305,
        189.3197791331597,
        152.52962873654275,
        169.79242447301888,
        122.22906376986197,
        328.7803116065625,
        230.3672381591436,
        203.91619671681917,
        205.37062845774423,
        296.88132981880324,
        222.34564177326223,
        163.66970397902088,
        116.59771390931685,
        356.06784845834875,
        266.6539434708266,
        206.88743727541865,
        196.77366707833582,
        414.0765758622686,
        414.0765758622686,
        414.0765758622686,
        414.0765758622686,
        189.07586112504504,
        42.16698711054647,
        32.56884028060222,
        29.566014482492932,
        216.26073210343495,
        186.4151875003596,
        166.16263867313077,
        163.31908116401627,
        248.64163356400908,
        8.090326227897217,
        28.339330309592793,
        28.339330309592793,
        309.43793196592446,
        243.5489385155782,
        145.53559818320952,
        90.8332504238914,
        307.74715104176784,
        290.31021773475743,
        252.1402518319082,
        246.98444985276245,
        378.9488333961214,
        381.7374177543459,
        381.7374177543459,
        369.2072113748347,
        341.98515781805446,
        307.6358979548223,
        307.6358979548223,
        307.6358979548223,
        243.37071433944286,
        175.72779638682425,
        132.87787712562994,
        120.26819178716958,
        353.01596901277475,
        316.5589323862503,
        309.389396223976,
        276.4727372543447,
        319.8872989119507,
        258.420632003124,
        178.1404136102285,
        157.34499246522063,
        176.80363318663044,
        103.58337855373097,
        69.24027969580541,
        54.37056985498022,
        232.51821987371127,
        204.044786554779,
        178.41997661353398,
        158.17189027379513,
        154.94059635721362,
        174.8643540428706,
        156.05947044850086,
        127.83139110868308,
        253.93485745828264,
        98.55438556385103,
        85.9463674976183,
        66.45530506517494,
        279.5395241518019,
        227.50922188174613,
        211.12047533100272,
        184.70636621642566,
        354.2115912846938,
        286.84429194179364,
        320.1218316291974,
        295.3122591805171,
        526.0615604050306,
        452.91699588103523,
        433.0727265140901,
        417.92146401930637,
        526.0615604050306,
        452.91699588103523,
        433.0727265140901,
        417.92146401930637,
        615.9283818402581,
        542.2636612607049,
        515.4453783948259,
        507.6853188455204,
        399.8584801779507,
        202.21669979184753,
        159.60279773139013,
        159.60279773139013,
        31.87045206854692,
        348.6123868122023,
        361.2100248834838,
        328.06340157059145,
        309.72594053008993,
        305.49042206751915,
        81.13177672507864,
        53.59799068883956,
        61.982503323411,
        54.91760755773924,
        48.65823527998537,
        38.329515128114515,
        39.83953423443767,
        36.15217489380869,
        123.19336129399609,
        92.64482529822425,
        78.443048253613,
        82.3831390449713,
        307.7773938692186,
        218.3016370547053,
        169.2982049731719,
        173.34532669278573,
        272.45870142628263,
        65.76945824238958,
        52.258600464892545,
        43.15477351187847,
        137.3389022756407,
        71.558771585272,
        90.09558439761334,
        77.49694808050366,
        371.42333055742716,
        402.5685584374836,
        402.5685584374836,
        390.122037843597,
        396.92938004942255,
        425.90183819703134,
        404.5892669019494,
        311.95783908092193,
        238.12266599304573,
        210.6697333194603,
        165.74339214422264
    ],