{
    "R2_score": [
        0.6495966872885791,
        0.9415562411759364,
        0.9358876473005641,
        0.4287757639557812,
        0.9102983424055142,
        0.7632501689768892,
        0.3951807226188373,
        0.8504005629448603,
        0.6033810816500862,
        0.6900216992222352
    ],
    "MAE_score": [
        85.35599437541124,
        70.83676727081664,
        53.626750880792656,
        91.53539130238393,
        68.46985839451557,
        72.27064545010417,
        61.65770674404272,
        57.76899361603736,
        72.03732762588932,
        77.07190507507485
    ],
    "RMSE_score": [
        143.09429983748223,
        94.63086426226535,
        66.48706218094036,
        141.01488578855682,
        96.83309796956834,
        92.0891061410294,
        97.03939245644433,
        76.38287072421846,
        107.43346700204367,
        114.03744147582506
    ],
    "y_predict": [
        181.63030122739983,
        261.8997815098041,
        156.3297277218702,
        156.3367405884018,
        306.71160864758156,
        335.8172324702892,
        268.6361041426622,
        159.40938136187083,
        411.1779395558969,
        396.8662659081279,
        438.74989583035995,
        300.988888810644,
        266.4547828041058,
        238.92675393875487,
        261.73657444047643,
        207.87009320396118,
        557.4789243331662,
        607.467084290724,
        331.14176251002846,
        243.34898021573238,
        569.6726951556298,
        626.5386354281471,
        610.5322126804667,
        288.5212433344598,
        557.4789243331662,
        626.2822095020532,
        610.5322126804667,
        610.5322126804667,
        1233.3580554955304,
        1317.976095630808,
        1236.1068471679948,
        1317.5480423666115,
        506.42556145220544,
        532.1893797079645,
        487.2862571857608,
        408.2214529220185,
        477.594466036812,
        431.72992053039724,
        366.4481312529926,
        347.0693529895275,
        342.9053544995512,
        299.2138147785781,
        331.86265222868957,
        324.0565676483411,
        220.47924100236537,
        135.1424028276494,
        210.05459482635914,
        191.81719795434626,
        124.92690928277644,
        92.27691996965673,
        12.702069461271943,
        73.19567415618799,
        309.9778010695883,
        222.0360597746607,
        162.81018325122767,
        115.81368803201012,
        346.5049945632932,
        194.7684196953562,
        164.17834162675132,
        112.39119132271743,
        511.32954008413435,
        668.8527561037912,
        405.1942934767461,
        461.6224691505515,
        100.62049241480226,
        68.96787918321513,
        63.516582503700405,
        64.7087957976366,
        139.33050905549018,
        84.04935285648399,
        79.84054452274741,
        66.80395984690134,
        236.03182900666835,
        84.3301719334761,
        39.108682355662545,
        98.6881283934291,
        313.62525072631865,
        233.3753365680003,
        132.35337410243693,
        103.81589046765319,
        203.67469181520363,
        245.84067604007936,
        89.43669372227166,
        45.76630538225365,
        542.9156598997087,
        513.6962763104201,
        497.8841106414605,
        533.5297480718764,
        309.67911171823494,
        291.84817293699854,
        197.12552548775713,
        160.2305365755426,
        257.71719664293636,
        262.1617243777383,
        193.5031117012154,
        199.14528826960873,
        341.91355907743565,
        317.086008933306,
        304.5470171694245,
        221.98305855221543,
        249.96872970567335,
        229.2966977892349,
        223.89104789865576,
        221.98305855221543,
        303.30646808107804,
        117.11032063483567,
        59.249689427238835,
        74.08771177519381,
        170.43445299587398,
        165.84224132257725,
        116.77395375702177,
        113.64608683226376,
        168.06385816401692,
        164.88509407324653,
        126.1135975219281,
        105.17459797815759,
        197.8959070212228,
        57.738607764044765,
        68.77504285405715,
        61.413285462022124,
        278.9050347996533,
        253.2653630167226,
        268.7295085155457,
        158.95456177708581,
        439.9515654741951,
        316.9974131784938,
        324.9397283919245,
        270.9462265547923,
        578.2919944026324,
        499.4016456223546,
        479.4929450678674,
        409.2712412239314,
        631.6004263852718,
        530.2530242482528,
        485.2493280590537,
        487.70027100792765,
        631.8614247931873,
        559.0059953391669,
        507.3814710217336,
        501.22447488764556,
        212.28359983494406,
        32.76058140867844,
        54.68456250543534,
        31.42597965699395,
        -73.44949471195041,
        410.87961417239603,
        319.4633121121711,
        231.07802968559847,
        155.7513461731652,
        185.76420489191005,
        94.59336791032239,
        59.249689427238835,
        93.36094674377524,
        65.97961988426331,
        135.82150606428343,
        71.47597871343585,
        78.16496810630387,
        61.620410486007515,
        43.94592843955996,
        76.05754350335819,
        34.71061151139782,
        36.50448812816184,
        161.32066446114683,
        52.10069557929362,
        12.544633804080975,
        31.157304096318715,
        313.38218676458007,
        82.90557641140843,
        137.17395554967845,
        106.05467281222842,
        151.9378119412433,
        202.6944652029397,
        138.9703429862299,
        165.0102584107018,
        458.49001064608046,
        350.20534317172707,
        334.32001917612337,
        557.9885735945844,
        578.3575310156166,
        414.96301009218337,
        459.352942941813,
        301.1223204211032,
        349.02255079539606,
        252.8161501984971,
        220.30798276731585
    ],