{
    "R2_score": 0.8056637258512124,
    "MAE_score": 63.54538979248477,
    "RMSE_score": 79.4737840441834,
    "y_predict": [
        560.3251476025923,
        186.7052762609493,
        121.71445985559284,
        304.8783144056312,
        519.2082913386524,
        154.00271876137228,
        473.6457183373391,
        397.18202217490017,
        120.10288574894032,
        148.32795643910896,
        217.922942059225,
        473.6457183373391,
        307.8744907912339,
        519.2082913386524,
        393.445272409932,
        292.6652885222785,
        473.6457183373391,
        117.65032589784117,
        34.86992887641902,
        187.82907575363882,
        406.23933710965724,
        129.51814869542923,
        65.20978816695583,
        35.07850226401158,
        433.91447504065775,
        528.7576451496794,
        42.08742151388833,
        18.0747481854571,
        192.42590449137782,
        21.888835229669443,
        335.24649915627555,
        487.91202929929136,
        272.43719655762544,
        54.984852909422905,
        102.53839167260422
    ],
    "y_true": [
        706.7,
        100.0,
        101.7,
        396.0,
        512.3,
        162.0,
        581.6,
        455.0,
        112.0,
        97.9,
        326.9,
        422.0,
        232.0,
        297.8,
        355.6,
        377.13,
        394.7,
        73.8,
        59.7,
        65.0,
        381.4,
        31.9,
        62.32,
        64.8,
        368.7,
        473.7,
        82.5,
        11.6,
        287.4,
        98.3,
        352.5,
        423.0,
        131.0,
        60.3,
        170.0
    ],
    "features": [
        "Binder_Type",
        "CC_Electrical_Conductivity",
        "Current_Density",
        "E_Anion_Radius",
        "E_Ionic_Conductivity",
        "Is_Binder",
        "M_Density",
        "Morphology_Encoded",
        "Potential_Window",
        "Synthesis_Method"
    ],
    "params": {
        "num_leaves": 22,
        "max_depth": 2,
        "learning_rate": 0.16517457165670302,
        "n_estimators": 148,
        "min_child_samples": 6,
        "subsample": 0.9461876183133037,
        "colsample_bytree": 0.9768642477132377
    }
}