{
    "R2_score": 0.8323719375982553,
    "MAE_score": 77.50548349586138,
    "RMSE_score": 115.26030430580634,
    "y_predict": [
        360.59007819455513,
        635.827252604765,
        167.70456880314427,
        194.88588995012083,
        65.97162675024268,
        630.5390857564388,
        370.42302646464,
        242.5360828234105,
        189.84830795521015,
        552.6245711140906,
        357.50169533654554,
        453.0358914695654,
        104.29802293996494,
        -9.973873521544073,
        275.34195049301576,
        35.35851097636796,
        45.38010588896383,
        1396.8610269223755,
        396.5308336209781,
        59.73102988176447,
        453.9740372919922,
        302.6916815110053,
        45.650720559443066,
        -9.973873521544073,
        309.8685530601462,
        327.2097039376319,
        55.40227473172265,
        166.71734606292384,
        93.55037344284263,
        4.291805616471092,
        222.1163939891192,
        156.91256858753198,
        282.67445855542036,
        176.05070410307127,
        357.50169533654554,
        162.92729334975957,
        332.9792700635837
    ],
    "y_true": [
        232.0,
        565.3,
        310.0,
        112.0,
        64.8,
        1074.5,
        455.0,
        326.9,
        227.0,
        473.7,
        340.3,
        405.0,
        100.63,
        98.5,
        163.9,
        6.0,
        45.4,
        1440.0,
        434.0,
        66.5,
        140.0,
        334.0,
        41.8,
        98.3,
        188.8,
        235.0,
        58.1,
        67.6,
        93.4,
        104.2,
        294.1,
        100.0,
        329.0,
        27.2,
        413.6,
        109.9,
        334.9
    ],
    "features": [
        "CC_Thermal_Conductivity",
        "Current_Collector",
        "Current_Density",
        "E_Bare_Anion_Radius",
        "E_Cation_Radius",
        "Is_Binder",
        "M_Density",
        "Morphology_Encoded",
        "Potential_Window",
        "Synthesis_Method"
    ],
    "params": {
        "num_leaves": 41,
        "max_depth": 8,
        "learning_rate": 0.291165762128481,
        "n_estimators": 939,
        "min_child_samples": 5,
        "subsample": 0.7592173368880707,
        "colsample_bytree": 0.6060576948411027
    }
}