{
    "importance_mean": [
        0.21161785870543454,
        0.1934736279337698,
        0.1825470297469964,
        0.1771581324417651,
        0.15501581177164975,
        0.11039250141347463,
        0.032714725947123435,
        0.002122950079133018,
        -0.007598253415649505,
        -0.02320698438018606
    ],
    "importance_std": [
        0.5654847609888214,
        0.13770123530736997,
        0.4552757711168668,
        0.15877526611855683,
        0.1638184649368936,
        0.24018035777757318,
        0.05153873863016237,
        0.2053554876837753,
        0.03551528829123751,
        0.07934087905866885
    ],
    "features": [
        "Is_Binder",
        "M_Density",
        "Synthesis_Method",
        "Potential_Window",
        "Current_Density",
        "E_Anion_Radius",
        "CC_Electrical_Conductivity",
        "Morphology_Encoded",
        "E_Ionic_Conductivity",
        "Binder_Type"
    ]
}