{
    "importance_mean": [
        0.6128997587256402,
        0.28654661079723476,
        0.2262436168147502,
        0.12429201300189219,
        0.1232046405470526,
        0.037721226828162244,
        -0.0005503361879303975,
        -0.004952675614928795,
        -0.006474621579229861,
        -0.04970643174918341,
        -0.06553838580703045
    ],
    "importance_std": [
        1.7760918889904806,
        0.6100109219939212,
        0.5404672146191696,
        0.30442891257957605,
        0.22740882911788304,
        0.155532040729293,
        0.1263238709949414,
        0.040113271726291075,
        0.20932908350656662,
        0.21311401475591696,
        0.25231986311518956
    ],
    "features": [
        "M_Density",
        "Morphology_Encoded",
        "Current_Collector",
        "Is_Binder",
        "Current_Density",
        "E_Bare_Anion_Radius",
        "Binder_Type",
        "Potential_Window",
        "CC_Thermal_Conductivity",
        "E_Cation_Radius",
        "Synthesis_Method"
    ]
}