{
    "importance_mean": [
        0.5677408389447025,
        0.17479202686217857,
        0.15689586931964283,
        0.15419875536741054,
        0.11526232870829212,
        0.09684138673105089,
        0.09652972318005526,
        0.07853985889610346,
        0.003991970967723869,
        -9.198616649187287e-06
    ],
    "importance_std": [
        0.397438757547824,
        0.12300231341148767,
        0.09299955952260391,
        0.08642770114659841,
        0.07357177895912531,
        0.08283719402709935,
        0.07422154109074537,
        0.08780038850979499,
        0.011045412766001175,
        0.025478325328743494
    ],
    "features": [
        "Is_Binder",
        "M_Density",
        "E_Anion_Radius",
        "Current_Density",
        "Morphology_Encoded",
        "Potential_Window",
        "Synthesis_Method",
        "Binder_Type",
        "E_Ionic_Conductivity",
        "CC_Electrical_Conductivity"
    ]
}