{
    "importance_mean": [
        0.7920079443920772,
        0.4230490104461205,
        0.36991962455348887,
        0.17330412491857458,
        0.14085479609611926,
        0.10776649412778647,
        0.0261461237989583,
        0.01711992439644658,
        0.016923709544568327,
        -0.004041032195699284
    ],
    "importance_std": [
        0.638018561191792,
        0.2642609199713932,
        0.20601018251896544,
        0.16469546705186877,
        0.17871400930107834,
        0.11386958771853146,
        0.03957452205089853,
        0.04047805291512513,
        0.06428770215777972,
        0.019363625872812356
    ],
    "features": [
        "Is_Binder",
        "M_Density",
        "Morphology_Encoded",
        "Current_Density",
        "Current_Collector",
        "CC_Thermal_Conductivity",
        "Synthesis_Method",
        "E_Cation_Radius",
        "E_Bare_Anion_Radius",
        "Potential_Window"
    ]
}