{
    "importance_mean": [
        0.27013690257309725,
        0.1550206178953693,
        0.13225561852772585,
        0.12366144852430529,
        0.11687859052081181,
        0.07989370566349226,
        0.07668295055137025,
        0.0041792077016137,
        0.0,
        -0.005001862023792695
    ],
    "importance_std": [
        0.10612152198364355,
        0.07548750659256401,
        0.07924720246673368,
        0.09896310947025791,
        0.06035465288503873,
        0.03468059148996196,
        0.08730928289256651,
        0.004914420986303726,
        0.0,
        0.0036388457318423622
    ],
    "features": [
        "M_Density",
        "Current_Density",
        "Synthesis_Method",
        "E_Anion_Radius",
        "Morphology_Encoded",
        "CC_Thermal_Conductivity",
        "Potential_Window",
        "E_Ionic_Conductivity",
        "Is_Binder",
        "CC_Electrical_Conductivity"
    ],
    "R2_score": 0.3829061989853033,
    "MAE_score": 88.9981955527904,
    "RMSE_score": 115.04085002248227
}