{
    "importance_mean": [
        0.37914428884910856,
        0.16666331470401238,
        0.16398267486579662,
        0.10860027332532435,
        0.10454662707452587,
        0.09741957300371601,
        0.039368168272615064,
        0.003971636842161767,
        -0.006770446739355081,
        -0.018216877824370478
    ],
    "importance_std": [
        0.086897121919319,
        0.04575965138870247,
        0.05419574910259988,
        0.04699866909074262,
        0.046106741655540136,
        0.03276944798276906,
        0.011400070561734976,
        0.018086693496980055,
        0.017171133755174522,
        0.008018211860256972
    ],
    "features": [
        "Is_Binder",
        "M_Density",
        "Current_Collector",
        "Current_Density",
        "Morphology_Encoded",
        "CC_Thermal_Conductivity",
        "E_Bare_Anion_Radius",
        "Synthesis_Method",
        "E_Cation_Radius",
        "Potential_Window"
    ],
    "R2_score": 0.6892368917583293,
    "MAE_score": 133.4807538599961,
    "RMSE_score": 188.2838129505072
}