{
    "R2_score": [
        0.6211238963792827,
        0.6568013473846238,
        0.43284874821905506,
        0.4752647368502797,
        0.2186436283430344,
        -1.6735195673274266,
        -0.3493733277712381,
        0.07344925055351825,
        0.8182582337258864,
        -1.3109641828132679
    ],
    "MAE_score": [
        77.29252985758379,
        91.45434078552078,
        80.94995992443425,
        147.59754358910084,
        83.15292799664928,
        91.92499815135896,
        123.93870248981864,
        150.0281947995897,
        67.662824721645,
        90.39672593870606
    ],
    "RMSE_score": [
        93.93860400286034,
        120.31064220294928,
        116.14581911754645,
        164.19369887043212,
        105.56746140766958,
        104.87921525435408,
        144.46573866205196,
        173.56558659443766,
        84.76579937361227,
        131.68893021585708
    ],
    "y_predict": [
        218.5391091494679,
        209.7189699138292,
        200.8988306781905,
        192.07869144255176,
        135.139719152478,
        117.98660231454147,
        100.83348547660495,
        -53.544566064823755,
        349.51697074195874,
        341.74889682399987,
        326.2127489880821,
        279.6043054803288,
        294.14477626594686,
        285.052031985612,
        275.95928770527723,
        257.7737991446076,
        239.17815695643188,
        239.16084384002187,
        239.14353072361186,
        239.05696514156182,
        541.8504449273303,
        524.951955569258,
        508.0534662111857,
        423.5610194208244,
        250.3494815628476,
        241.964943914257,
        225.1958686170758,
        174.88864272553224,
        385.294655898223,
        376.63809769321875,
        359.32498128321015,
        307.38563205318434,
        266.1821463045859,
        249.02902946664946,
        197.56967895283984,
        111.80409476315725,
        299.4506091295375,
        282.2162925313801,
        264.9819759332227,
        230.51334273690793,
        206.73583929312127,
        197.6430950127865,
        170.36486217178208,
        124.90114077010804,
        311.54395023737555,
        299.8055975293487,
        283.0365222321675,
        266.2674469349863,
        507.09228804110865,
        471.8117310985538,
        436.531174155999,
        401.2506172134442,
        148.64120618013214,
        131.48808934219562,
        114.3349725042591,
        97.18185566632258,
        13.573291937579711,
        -1.9628558983380913,
        -17.499003734255837,
        -33.03515157017364,
        234.2184225417903,
        151.52475858279269,
        48.15767863404574,
        -158.5764812634484,
        180.0966589548936,
        169.7599509600189,
        138.7498269753948,
        87.06628700102124,
        76.42270793765476,
        59.653632640473575,
        42.884557343292386,
        26.115482046111197,
        550.2507889426046,
        541.8015442635684,
        533.3522995845323,
        516.45381022646,
        365.7899242871083,
        356.9697850514696,
        348.1496458158309,
        339.3295065801922,
        152.2851327899732,
        143.6679744908945,
        126.43365789273719,
        91.96502469642235,
        195.0255788218427,
        186.36902061683838,
        169.05590420682984,
        134.42967138681263,
        212.546307009989,
        204.1617693613984,
        187.3926940642172,
        153.85454346985483,
        134.15840301691532,
        125.70915833787922,
        108.8106689798069,
        75.0136902636624,
        129.8205777883091,
        119.4838697934344,
        98.810453803685,
        36.79020583443679,
        144.39920941649865,
        125.68060813081183,
        88.24340555943832,
        69.52480427375156,
        235.48802297362113,
        217.3025344129515,
        162.74606873094268,
        71.81862592759461,
        290.069602293696,
        261.9917003651659,
        215.19519715094896,
        121.60219072251516,
        448.7323792491198,
        428.0589632593704,
        407.38554726962093,
        366.0387152901221,
        403.5907323491258,
        386.35641575096844,
        369.1220991528111,
        334.6534659564963,
        403.5907323491258,
        386.35641575096844,
        369.1220991528111,
        334.6534659564963,
        466.22027550705366,
        447.5016742213669,
        428.78307293568014,
        391.3458703643066,
        246.93208256591996,
        228.2134812802332,
        209.49487999454647,
        190.7762787088597,
        141.46779321158368,
        241.96494391425705,
        447.0302117790126,
        429.3899333077352,
        376.4690978939029,
        288.2677055375158,
        106.18391656240556,
        90.64776872648781,
        75.11162089057007,
        59.57547305465232,
        149.85863820252666,
        132.54552179251812,
        115.23240538250946,
        97.91928897250091,
        150.16074639695444,
        132.92642979879702,
        115.69211320063971,
        98.45779660248229,
        210.44232454011427,
        189.76890855036487,
        169.09549256061547,
        148.42207657086607,
        348.9201995089186,
        330.73471094824896,
        312.5492223875794,
        294.36373382690977,
        284.47751594804845,
        266.2920273873788,
        248.1065388267092,
        229.92105026603957,
        290.18261013757046,
        380.8579417770504,
        380.8579417770504,
        455.80053824341064,
        440.2643904074929,
        409.19209473565735,
        378.1197990638218,
        284.60204402459715,
        265.8834427389104,
        209.72763888185005,
        116.13463245341626
    ],