{
    "R2_score": [
        -0.00025727026121669105,
        -4.958766075905701,
        -0.3120866716875963,
        -0.03677666983138428,
        0.5239424279241709,
        -0.020624473214391648,
        0.15163488817233206,
        -0.5092418240813887,
        0.14418113088141804,
        0.4014321951104961
    ],
    "MAE_score": [
        145.05497032908966,
        194.91728821981914,
        123.41761942668585,
        306.38257614545194,
        87.97877812308151,
        240.07553502484225,
        76.16600869391661,
        127.8786693634626,
        138.62537172734181,
        79.14522230240402
    ],
    "RMSE_score": [
        202.09213352210907,
        202.23243035917147,
        151.03238431637743,
        509.20599306709835,
        137.07807410309005,
        258.73905277982084,
        91.5429329572197,
        164.33784666498073,
        162.0942503626727,
        113.03871238169393
    ],
    "y_predict": [
        285.8823123548752,
        266.461944808808,
        247.92040576556988,
        230.51030656011076,
        241.70477298736887,
        238.55136427664002,
        235.92606883635835,
        238.43565993664106,
        341.69322639430953,
        329.8231067205924,
        309.00027497096465,
        274.64657447651086,
        261.64512508928516,
        258.7765008067064,
        256.6111408267062,
        254.1713564185249,
        459.3109331409481,
        459.25673068009746,
        459.2025108219643,
        458.9311507963524,
        285.3474474687314,
        285.3474474175992,
        285.34744736646354,
        285.34744711076144,
        978.0913751232582,
        578.0199024827399,
        465.0443515235777,
        367.367070386737,
        336.60760966755595,
        312.0193136326126,
        283.79551898469003,
        255.41866340153197,
        273.78606304631285,
        272.8475840124597,
        273.39009032788954,
        282.034680684847,
        300.4106978560762,
        410.59411227613845,
        288.19815823408317,
        277.81874628822044,
        332.5429469120616,
        297.22798221470725,
        332.62939476359026,
        320.8263043762142,
        294.36169696969694,
        294.36169696969694,
        294.36169696969694,
        294.36169696969694,
        393.10038988851505,
        350.1847386522227,
        311.7778593987248,
        254.78578257435237,
        277.5561608545195,
        222.47397720109893,
        175.367014395948,
        136.63480526667354,
        278.3691908315883,
        257.27255397088715,
        231.34484687585413,
        211.60254083583817,
        289.04755736452216,
        289.04725502705077,
        289.0469452359927,
        289.04662799136077,
        289.04435937665494,
        289.0442203200447,
        289.0440794000434,
        289.04393661665154,
        293.4690082340432,
        292.71795272609154,
        292.0539300466645,
        291.48116530129244,
        293.70720238095237,
        293.70720238095237,
        293.70720238095237,
        293.70720238095237,
        311.27970811063375,
        244.2169294702533,
        158.7795091161664,
        101.88341040875042,
        285.34907279358754,
        285.34901918667566,
        285.3489639270042,
        285.3489070145898,
        308.90277391520266,
        309.2964809075817,
        309.8556511392024,
        311.49499214645806,
        294.36169696969694,
        294.36169696969694,
        294.36169696969694,
        294.36169696969694,
        293.70720238095237,
        293.70720238095237,
        293.70720238095237,
        293.70720238095237,
        339.0702205405212,
        328.8433860421235,
        307.27893329881806,
        266.07260288712354,
        285.3464320075757,
        285.3464058238601,
        285.34635221687483,
        285.34624004470265,
        157.57740729573428,
        126.54535494252417,
        103.64261909210565,
        83.13609301019382,
        332.02067097448196,
        330.8034987833116,
        328.68073689727584,
        325.3302748797704,
        183.16536090274107,
        174.25739070209326,
        174.47727461948318,
        182.87874838470924,
        223.9609957499429,
        176.57729162175087,
        127.16143647737056,
        160.62143440809788,
        256.63967386801204,
        253.5979886604088,
        255.1004146187718,
        248.18147216513174,
        293.70720238095237,
        293.70720238095237,
        293.70720238095237,
        293.70720238095237,
        289.04753082163717,
        289.0473917650488,
        289.0472508450412,
        289.04696341481315,
        597.943376537653,
        509.54338185311053,
        469.55128019082076,
        465.8923564743927,
        600.7863208581421,
        530.4300134241931,
        489.83644494321226,
        480.05075279573657,
        294.36169696969694,
        294.36169696969694,
        294.36169696969694,
        294.36169696969694,
        300.49162943129204,
        388.9992792701503,
        204.079981504787,
        192.70034537950272,
        168.63474299990128,
        159.24028153214755,
        285.3450551223352,
        285.3450015153474,
        285.34494625563224,
        285.34488934318546,
        293.70720238095237,
        293.70720238095237,
        293.70720238095237,
        293.70720238095237,
        289.0452081879664,
        289.04506913137845,
        289.04492821139445,
        289.0447854280136,
        289.04561952082315,
        289.04548046423474,
        289.0453395442448,
        289.04519676086164,
        302.3872953169989,
        294.48441959140376,
        290.8649511427336,
        291.7080892705074,
        219.48796206002123,
        210.72081438762768,
        204.52573920492765,
        239.6529573417867,
        369.22406049546134,
        389.53443603979827,
        389.53443603981964,
        313.8382665368608,
        310.75216889356966,
        302.11145383138614,
        289.5757414365655,
        285.34764980608486,
        285.3475961991255,
        285.34742546179103,
        285.3471078447762
    ],