{
    "R2_score": [
        0.6489311455146961,
        0.45111293170333633,
        -0.050508140121768186,
        0.7248731936812944,
        0.6798761101905269,
        -0.9127893824502236,
        -0.4542794078993735,
        0.11032099527979355,
        0.5808794515488418,
        -0.5030981943328048
    ],
    "MAE_score": [
        79.93422278749013,
        114.92803210669024,
        145.88943329759942,
        91.90326338665233,
        44.992157622476306,
        79.50952791071242,
        136.8389668773045,
        126.52123927165071,
        99.90529762533373,
        80.90552208672104
    ],
    "RMSE_score": [
        90.42565137218342,
        152.15028052616208,
        158.07159834766594,
        118.89204979461074,
        67.5716527909809,
        88.71178580065714,
        149.97633246246568,
        170.07703870391992,
        128.72496030460496,
        106.20533641916047
    ],
    "y_predict": [
        242.61054880456652,
        218.76418515124993,
        196.48093815037345,
        176.51686496984195,
        166.8581811190565,
        151.71450402402934,
        139.36306383835506,
        100.73718439465321,
        334.51001681734175,
        323.7305382440708,
        304.0719450161948,
        264.88448203857115,
        299.97636466252425,
        290.5186119424797,
        282.40033690440544,
        270.4302171725106,
        245.71006410256408,
        245.71006410256408,
        245.71006410256408,
        245.71006410256408,
        299.9612684612921,
        288.90431889486064,
        284.28213354596016,
        268.28671841830356,
        205.14739738030585,
        188.46872783054278,
        171.87243774801027,
        194.15246158101036,
        245.71006661613444,
        289.4942213966326,
        245.7100641025641,
        245.71006410256408,
        198.50259842441585,
        166.56105746762222,
        156.62849985134062,
        180.08154117453174,
        330.46760374525593,
        295.50651964432143,
        265.12687403520795,
        224.27358956278522,
        261.88512531088867,
        235.49462390647815,
        176.65200993299516,
        125.81377605173259,
        316.9975290551538,
        290.2736908172974,
        258.19058816737015,
        237.7504474008474,
        258.7606481231016,
        221.8026036022849,
        196.92236674258598,
        179.3621326063914,
        149.9834207088037,
        133.37689377847192,
        118.35057271073018,
        105.17696440986026,
        158.2034175020561,
        145.2046770917287,
        132.95431243461124,
        121.64138944777785,
        251.8807957341386,
        153.56265008337084,
        120.27130652445874,
        131.4137145199349,
        274.53294615809307,
        244.25632228898937,
        163.4487935880931,
        98.83780690155533,
        241.36550220732352,
        223.66142348064204,
        206.86627838957065,
        191.47701332878023,
        444.2407719149437,
        441.58988320132056,
        439.8206717459576,
        438.8437445582111,
        294.34819145750964,
        268.4972260418919,
        245.48482355607882,
        225.98242040414422,
        224.69993454603326,
        211.59453943041302,
        186.4333575012448,
        143.46591388449784,
        344.3137694787163,
        307.8835871595541,
        303.7560289511763,
        272.17124015326164,
        249.69690873186664,
        230.9830924584021,
        201.57144062701082,
        161.12783733047036,
        121.10418617276326,
        108.6931079523851,
        88.24413018131128,
        63.96856570130956,
        154.2520257316438,
        142.60642678571247,
        121.03346838577272,
        74.78037812294755,
        143.085019116125,
        117.36684224248349,
        87.90531594960521,
        80.75303405368359,
        292.0781524865854,
        262.1363569591653,
        223.46071176915868,
        192.4169557471784,
        239.35259377208237,
        199.17129456839325,
        175.52803457587208,
        162.24901085710832,
        421.52160093020655,
        377.0109128803358,
        340.38079977205615,
        307.7756085930864,
        521.7210777255605,
        477.8159233996124,
        440.42801606121066,
        388.033166574892,
        521.7210777255605,
        477.8159233996124,
        440.42801606121066,
        388.033166574892,
        605.0859745571115,
        555.2747140832172,
        513.5062631743247,
        479.1588777420373,
        223.97813444213884,
        185.17505295071555,
        149.7863201812209,
        119.25883441911478,
        386.2674834644485,
        188.46872783054278,
        231.41644341844722,
        217.26263180754285,
        187.73551635196696,
        171.40526983131411,
        126.27038335321387,
        97.81269747400019,
        79.28128637304708,
        66.35309773172035,
        245.7100555945881,
        245.7100550186526,
        245.71005516830513,
        245.7100548553953,
        97.3767049824894,
        74.64714718131967,
        61.74338963823388,
        52.863551828172575,
        181.8837123535048,
        154.90900817756773,
        135.11628623894927,
        122.1817334378795,
        286.93531908700277,
        233.45721860849594,
        199.4492136929968,
        189.1580540352531,
        272.0490433194725,
        233.46573076282903,
        222.01135637464347,
        224.56087792218594,
        245.71006410256408,
        406.9148403986688,
        406.9148403986688,
        305.24960214252206,
        299.9200756505577,
        289.633358805467,
        279.17648068809035,
        285.71891326518653,
        254.9713489413491,
        191.72502630337107,
        154.45307297940235
    ],