{
    "R2_score": [
        0.5925306700708002,
        0.6637134178249566,
        0.703405577994354,
        0.6745115875658169,
        0.7582172249783159,
        0.9151530087083016,
        0.8880666125857735,
        0.7404672139381856,
        0.7558558148324181,
        0.8904071805779322
    ],
    "MAE_score": [
        58.07925417007201,
        46.29025115442442,
        57.90561090562187,
        64.72946453576448,
        54.8004068363801,
        42.921948489615154,
        33.369502707688845,
        64.18883547856655,
        52.91550805666522,
        44.89954064210745
    ],
    "RMSE_score": [
        88.45849179952052,
        86.07230283764312,
        87.41326346250672,
        85.41326875699367,
        70.58002241042009,
        57.03912368016845,
        41.80945592426273,
        94.00463709264737,
        94.8720098569669,
        68.27673819805166
    ],
    "y_predict": [
        195.948143694005,
        220.44887830679818,
        179.8940400985593,
        154.93873603525572,
        343.3372435541569,
        317.1609929907954,
        283.25000280974564,
        133.38371302377527,
        427.7442384736146,
        420.06068387244363,
        380.8204021280939,
        314.37665928113347,
        244.7674633630401,
        228.21747468023477,
        217.19913196666403,
        205.41906410141698,
        467.6103904840063,
        341.33329958296326,
        467.504949894632,
        467.15423041067305,
        448.82041782549186,
        441.21013908219174,
        465.0879180992688,
        318.09525981710664,
        375.2985976904499,
        383.13300029820596,
        349.1346095947153,
        276.99416826503693,
        369.64468680498874,
        329.64004760896205,
        338.30431949449843,
        376.64320695631864,
        218.0068441280755,
        190.95926159152987,
        185.35003706075167,
        202.9608895761021,
        175.03152281769115,
        183.56499723647812,
        100.35977512986503,
        34.504850645098486,
        232.14961047414081,
        250.55240531870268,
        179.42980870765243,
        114.69373617850397,
        272.2701097034042,
        248.8655360639017,
        222.37181100848284,
        201.8685608263322,
        418.0967117211985,
        549.0729243100013,
        388.7881177722529,
        295.23658783903073,
        150.94893605116476,
        117.80852397568015,
        91.75081900133773,
        66.95809472254274,
        96.30421873042957,
        77.90181709283115,
        62.57599882458044,
        58.03239126444237,
        233.00171829346135,
        20.02602407092172,
        36.11686086628811,
        94.41088561175047,
        232.14961047414081,
        250.3246814345406,
        168.8467684105443,
        95.7908871066029,
        144.06041044434716,
        217.68358818225624,
        126.48093703224754,
        91.876914378734,
        501.48897325267836,
        531.4437475612781,
        532.9982049538703,
        519.5639191983919,
        236.38026801512297,
        233.97125467574006,
        238.3325693840858,
        214.04188543631545,
        295.1297450155125,
        269.49988565341596,
        239.12320260562697,
        153.51783461975106,
        316.80236479263795,
        292.35198807162493,
        274.0931509870543,
        249.39238696340317,
        277.45026615040024,
        271.0901545812992,
        240.36693858733747,
        168.9051937052027,
        123.85019744873307,
        124.12539211858828,
        97.90983053915897,
        67.49122495753636,
        143.01478140909595,
        144.84575928467865,
        121.8062038544515,
        70.04916558617515,
        141.96741849679256,
        108.92495565403061,
        97.06710289031753,
        95.54527852754018,
        170.66837720849787,
        131.722039262615,
        96.53048907427637,
        129.51287558599688,
        299.28036156347014,
        283.971503365814,
        247.07769020274463,
        220.99924283651282,
        422.6937690815812,
        374.46397479050063,
        336.38226845950163,
        288.49795349161036,
        549.4408370153878,
        530.6555552546224,
        501.55032451181523,
        407.7158599023344,
        594.5344234415016,
        521.8657785118485,
        490.31177025689635,
        464.30051825124144,
        585.3535592694227,
        542.8065531481316,
        494.31240517855724,
        469.6676380946874,
        135.9436582641332,
        95.3971909349375,
        71.64664168709714,
        37.51047817146389,
        385.8708112521754,
        344.1014002536667,
        191.8981240724395,
        184.3442896832912,
        131.1260003446945,
        121.13896234412198,
        125.03314168303814,
        92.47227553562445,
        73.99896522454802,
        64.4116110403215,
        77.30991611926493,
        53.239710100610665,
        40.33866569149632,
        55.872008117092264,
        91.07610349723853,
        66.52391620902165,
        53.61517763909819,
        51.918109528711284,
        80.5684740771365,
        42.765823800354156,
        29.33966281839912,
        33.153057830155944,
        256.9699168904103,
        184.69371779459516,
        141.03665639290648,
        114.71064075542535,
        231.30085720840907,
        170.33902374208856,
        140.43171073735175,
        137.1781568317101,
        435.685473041208,
        384.21273710683,
        372.46334980575085,
        468.8864377521502,
        539.5842499033519,
        453.9638909969344,
        409.1369474736939,
        335.4426495860021,
        329.7473973412971,
        262.3659381458019,
        203.04283155988787
    ],