{
    "R2_score": [
        -0.07609290155480908,
        0.949319306644329,
        0.94996412330033,
        0.4083433626329138,
        0.9497029148231055,
        0.7636852308328514,
        0.494942332540134,
        0.7905133278013708,
        0.7458737739697632,
        -0.004340237953567749
    ],
    "MAE_score": [
        193.7462795674775,
        45.018837848368186,
        45.96370463519541,
        93.91440016482528,
        52.17151060321902,
        62.6941656768748,
        63.17752590374526,
        70.60412842477415,
        55.52372500642352,
        143.54588525621907
    ],
    "RMSE_score": [
        250.76280294974526,
        88.12213497300912,
        58.73636191929357,
        143.5147430248217,
        72.50951511673507,
        92.00445374605188,
        88.6759277145802,
        90.38767093747127,
        85.99587538282537,
        205.2684721002168
    ],
    "y_predict": [
        222.30092793173526,
        241.0448229029294,
        206.79557024822398,
        207.49055237629557,
        328.70712758014287,
        306.31973502635014,
        305.9902641878772,
        83.32738732653269,
        419.3256889631471,
        412.2336452616888,
        376.2537809184244,
        331.45580846371035,
        240.29274927844253,
        224.01056190202974,
        286.3358151751471,
        291.9261076965789,
        291.93071860873874,
        511.4851107860546,
        521.5923920563929,
        291.9307156679662,
        286.34465583766115,
        523.4948652130153,
        596.5927704321207,
        541.5360264412147,
        291.93071860873874,
        541.9025146411988,
        596.5927704321207,
        596.2539049748073,
        1345.7392040273787,
        1341.1277294206052,
        1259.4138874233872,
        1136.5897079436577,
        443.4032851905024,
        445.82336768008156,
        457.58847992019696,
        291.9236539725616,
        322.15882947083264,
        396.8530742789938,
        320.7052526638304,
        258.0756274243105,
        383.6137205158109,
        385.5567795168925,
        291.93816501055153,
        379.68517213456454,
        207.38205886253638,
        291.9256242218739,
        163.46756874998675,
        172.73983549299427,
        266.8665705843416,
        223.70921087941483,
        157.82473736811957,
        291.93271097223965,
        286.32514786447985,
        237.0044830451956,
        169.52327652365355,
        92.3603617288297,
        284.86682595710255,
        235.51175392292072,
        197.93172105944583,
        162.83623416463132,
        410.90947280526126,
        492.13307450994205,
        414.38499715724083,
        397.4898924100133,
        136.92562020907084,
        104.41782158623258,
        74.20800092395791,
        60.44891671707052,
        291.8874305712678,
        291.8869850077452,
        70.32070358511476,
        286.2979417463272,
        229.6728444238184,
        94.83550343654684,
        286.32725710656706,
        99.71791511193803,
        246.45953800918147,
        241.8705990240354,
        177.02296463844226,
        93.12813029430342,
        171.59407703610304,
        233.18496225573958,
        291.9419012976232,
        170.18851834781867,
        504.8772874880857,
        522.4527143550184,
        467.8170196000416,
        286.34900482273105,
        276.6336922215413,
        287.1591683977359,
        255.32736895073086,
        243.72364383417286,
        286.3330345860984,
        275.00439132753485,
        237.97036555415767,
        158.17549690319382,
        324.2648850996902,
        291.92207315058977,
        291.92163225292575,
        286.33285978077265,
        300.12949157181555,
        283.818761092103,
        286.33384991224386,
        286.33285978077265,
        123.2973316694528,
        120.64861141769143,
        286.3178285235938,
        55.35981776189331,
        157.2116902349412,
        168.930806376437,
        153.38894856737895,
        291.9288783734756,
        143.51716938471014,
        108.48026145851694,
        88.77497915369757,
        86.7501043543011,
        286.334594661462,
        291.92441909535125,
        103.95750854683229,
        100.20386678231884,
        280.1824612220061,
        286.33370854212455,
        245.30009615272928,
        156.34635595599423,
        421.6825168240995,
        354.6471104750619,
        332.33496930963815,
        277.45374803062714,
        547.1607098830283,
        520.7183319503393,
        286.3536960280185,
        406.2486233318107,
        565.9550706637779,
        534.8401222584047,
        479.9420635870814,
        447.88653653629615,
        582.1569663441397,
        538.4514296058469,
        499.46358744230736,
        452.171031350277,
        148.33656635889847,
        91.23997321609929,
        82.13619451166849,
        5.372003990152109,
        339.37161148452674,
        315.41900422439653,
        227.55475590440298,
        190.67595394162814,
        291.9274771798279,
        286.33699398804407,
        120.93586049080898,
        286.3178285235938,
        72.9847818837504,
        57.55897305755323,
        101.39153388301716,
        58.84222079231719,
        291.91599431078305,
        41.88390448935053,
        61.36149068435992,
        67.26523060498712,
        26.103737257639125,
        19.676127909407683,
        86.72384470320105,
        291.91615112767727,
        39.421263763026786,
        28.674910478344515,
        270.2159324563038,
        208.21311973861108,
        171.1406747756767,
        165.418682386358,
        220.5974875981733,
        204.0769648235036,
        164.26793789455297,
        191.98267881628294,
        421.12740242013086,
        291.93859044754697,
        402.1209224431711,
        465.428429416934,
        520.7683222536886,
        286.33079842692507,
        419.32065399542,
        343.375855681661,
        328.6267932184737,
        267.87232163937256,
        286.33585134594546
    ],