{
    "R2_score": 0.8531708762128346,
    "MAE_score": 52.11724238811679,
    "RMSE_score": 69.08011619652629,
    "y_predict": [
        558.5699349088102,
        181.90903486930029,
        121.15568470890821,
        293.58529499402425,
        552.6378600845615,
        173.82591865824168,
        379.98418762656,
        429.2187067297408,
        140.86395956767547,
        129.60447490055515,
        231.9256141555104,
        379.98418762656,
        284.02103637405696,
        295.21551912581833,
        389.53824659269605,
        297.5465546913031,
        379.98418762656,
        81.50736086230177,
        74.90909054280303,
        176.9910200046371,
        381.2665120981544,
        94.5998736578473,
        66.31490675407542,
        67.1084526158304,
        457.51405687109684,
        529.1150446047968,
        146.9790192787318,
        37.29753308753652,
        175.14586150272487,
        162.85580701837023,
        338.1523719813895,
        372.88275231084117,
        223.34315723688826,
        41.30164028662341,
        148.83472904220264
    ],
    "y_true": [
        706.7,
        100.0,
        101.7,
        396.0,
        512.3,
        162.0,
        581.6,
        455.0,
        112.0,
        97.9,
        326.9,
        422.0,
        232.0,
        297.8,
        355.6,
        377.13,
        394.7,
        73.8,
        59.7,
        65.0,
        381.4,
        31.9,
        62.32,
        64.8,
        368.7,
        473.7,
        82.5,
        11.6,
        287.4,
        98.3,
        352.5,
        423.0,
        131.0,
        60.3,
        170.0
    ],
    "features": [
        "Binder_Type",
        "CC_Electrical_Conductivity",
        "Current_Density",
        "E_Anion_Radius",
        "E_Ionic_Conductivity",
        "Is_Binder",
        "M_Density",
        "Morphology_Encoded",
        "Potential_Window",
        "Synthesis_Method"
    ],
    "params": {
        "alpha": 1.442363522641834e-09,
        "normalize_y": false,
        "n_restarts_optimizer": 18,
        "kernel": "0.546**2 * RationalQuadratic(alpha=0.0496, length_scale=0.00042) + WhiteKernel(noise_level=0.0258)"
    }
}