{
    "R2_score": 0.7809491347466273,
    "MAE_score": 78.42799528733974,
    "RMSE_score": 131.7585739751897,
    "y_predict": [
        273.2945851478282,
        601.7018023674308,
        235.34712219002188,
        193.21102109152886,
        58.17596183041388,
        500.4877666284551,
        411.2969302844148,
        213.9860246125873,
        336.2386996861739,
        544.9818712511639,
        498.24032901450835,
        415.9541804269657,
        78.30390853707306,
        82.86020418765801,
        127.89024511398668,
        138.8155523077882,
        37.34829541596574,
        1356.6135452109877,
        374.419320487958,
        70.89608999364913,
        434.40968834000915,
        309.1308294728398,
        20.254511999487306,
        127.73653438508745,
        282.07585891843314,
        264.2167731639527,
        58.80505529134061,
        249.63002024507986,
        90.22503408049377,
        88.1272166165466,
        270.4456585727519,
        193.31704611889722,
        331.8405281271993,
        263.5206929689548,
        499.8419986716205,
        107.88748451112414,
        254.62244213327602
    ],
    "y_true": [
        232.0,
        565.3,
        310.0,
        112.0,
        64.8,
        1074.5,
        455.0,
        326.9,
        227.0,
        473.7,
        340.3,
        405.0,
        100.63,
        98.5,
        163.9,
        6.0,
        45.4,
        1440.0,
        434.0,
        66.5,
        140.0,
        334.0,
        41.8,
        98.3,
        188.8,
        235.0,
        58.1,
        67.6,
        93.4,
        104.2,
        294.1,
        100.0,
        329.0,
        27.2,
        413.6,
        109.9,
        334.9
    ],
    "features": [
        "CC_Thermal_Conductivity",
        "Current_Collector",
        "Current_Density",
        "E_Bare_Anion_Radius",
        "E_Cation_Radius",
        "Is_Binder",
        "M_Density",
        "Morphology_Encoded",
        "Potential_Window",
        "Synthesis_Method"
    ],
    "params": {
        "alpha": 2.9152036385288233e-10,
        "normalize_y": true,
        "n_restarts_optimizer": 16,
        "kernel": "0.0352**2 * Matern(length_scale=0.0616, nu=0.551) + WhiteKernel(noise_level=6.03e-06)"
    }
}