{
    "R2_score": 0.6940013173787303,
    "MAE_score": 132.0531909838776,
    "RMSE_score": 186.83491326191185,
    "y_predict": [
        376.19824257338064,
        436.9619936363289,
        149.2054740934219,
        143.06690816239612,
        342.46071025261426,
        170.18054683617495,
        376.366555053242,
        92.37106465721547,
        180.47492608941442,
        230.2959762867667,
        254.34061626696018,
        154.03169991688125,
        68.32642467702198,
        461.0066336165224,
        274.5411522749197,
        376.366555053242,
        283.7160105261231,
        504.5515184820572,
        310.5401158831213,
        322.2921706047257,
        105.94241995649429,
        420.0435602250146,
        438.63927017338824,
        1113.6797980606518,
        447.25637288956835,
        371.9542802646276,
        536.9264093398372,
        376.31846577328156,
        305.4609226185902,
        123.1733351794187,
        -189.8524159838979,
        35.503023091675345,
        -11.88219375213356,
        417.9312264897459,
        155.54089105720692,
        1161.7690780210387,
        461.0066336165224
    ],
    "y_true": [
        399.7,
        352.5,
        60.3,
        62.2,
        115.0,
        198.0,
        548.0,
        94.6,
        97.9,
        188.8,
        215.28,
        22.1,
        87.23,
        276.0,
        220.0,
        1074.5,
        6.0,
        193.6,
        67.6,
        232.0,
        11.6,
        419.13,
        201.8,
        1340.0,
        455.0,
        333.94,
        750.1,
        528.8,
        216.0,
        109.9,
        98.3,
        88.0,
        82.5,
        422.0,
        92.9,
        1440.0,
        308.0
    ],
    "features": [
        "CC_Thermal_Conductivity",
        "Current_Collector",
        "Current_Density",
        "E_Bare_Anion_Radius",
        "E_Cation_Radius",
        "Is_Binder",
        "M_Density",
        "Morphology_Encoded",
        "Potential_Window",
        "Synthesis_Method"
    ]
}