{
    "R2_score": 0.39482477087783474,
    "MAE_score": 88.87006589008108,
    "RMSE_score": 113.92448178660683,
    "y_predict": [
        324.7238418776046,
        107.02135124870762,
        203.46858083557052,
        251.26046996074402,
        390.08230664277943,
        188.0438157529444,
        131.4462894312765,
        190.9170292948744,
        406.365598764492,
        267.5884192352349,
        467.34932406041804,
        158.7681476613571,
        380.7689390211711,
        306.153911466122,
        348.9915397391811,
        375.91716136424657,
        121.03879013982151,
        78.24581529848791,
        313.7617145075685,
        136.6417675945833,
        122.00272159899083,
        249.08027328162058,
        122.59834907626902,
        414.1247082260315,
        146.49755283633232,
        131.4462894312765,
        106.57088383823981,
        278.42586118647273,
        278.53984423132465,
        73.15284523385304,
        397.8414161043189,
        278.50727764708125,
        223.4836135382996,
        105.71942947727825,
        357.5157223993542
    ],
    "y_true": [
        140.0,
        149.0,
        310.4,
        118.4,
        333.94,
        82.5,
        240.6,
        198.0,
        354.8,
        377.13,
        565.3,
        260.4,
        131.0,
        25.0,
        325.0,
        455.0,
        287.4,
        94.6,
        423.0,
        11.6,
        118.4,
        211.8,
        58.1,
        391.6,
        59.7,
        221.9,
        66.5,
        145.9,
        548.0,
        64.8,
        352.5,
        355.6,
        235.0,
        93.4,
        305.0
    ],
    "features": [
        "CC_Electrical_Conductivity",
        "CC_Thermal_Conductivity",
        "Current_Density",
        "E_Anion_Radius",
        "E_Ionic_Conductivity",
        "Is_Binder",
        "M_Density",
        "Morphology_Encoded",
        "Potential_Window",
        "Synthesis_Method"
    ]
}