{
    "R2_score": [
        0.6575285872396435,
        -0.8017242690307746,
        0.514204709101969,
        0.2522530533822862,
        0.7627756405530087,
        0.7456485509328443,
        0.10806630746161228,
        0.04528685432893198,
        0.4523661617713367,
        0.06861571297093239
    ],
    "MAE_score": [
        82.05355962788829,
        92.07590990097302,
        82.6635645340279,
        290.57269158181344,
        77.95098598768524,
        96.29930855907142,
        76.06373138579004,
        95.75880246519827,
        112.63801724479586,
        106.86336030828546
    ],
    "RMSE_score": [
        118.25124262773681,
        111.20307511770085,
        91.89999059047521,
        432.4423538527386,
        96.7649099429444,
        129.1653731807384,
        93.86414042492423,
        130.70573011815176,
        129.66471778390883,
        141.00515113442947
    ],
    "y_predict": [
        275.4672342363452,
        245.03316508137175,
        230.18427998393523,
        205.27091462655878,
        169.12676328111422,
        122.49856803616517,
        94.01119937360176,
        20.96166386451941,
        363.865310687376,
        325.0393666177358,
        296.7399429164282,
        255.23618177172966,
        248.55090332455202,
        229.10042252355936,
        214.47586267692554,
        200.98832669139492,
        596.6577691985789,
        442.1800877535657,
        360.131205328127,
        271.20814357839873,
        660.2478152189592,
        508.0228379588319,
        415.5571047429543,
        308.74721233147847,
        800.3235500752286,
        524.275660656364,
        448.17743700465553,
        382.4410739132368,
        539.7936368606626,
        501.4792778460826,
        453.5453368655978,
        426.3384043979422,
        613.5007156793357,
        580.9810698070412,
        577.80880351437,
        463.0427279150478,
        396.18375067184223,
        365.4056753699562,
        304.0589641777167,
        255.36445019965413,
        369.80542336022427,
        339.01652171818716,
        332.87869828845015,
        312.77320004782376,
        202.9832901019504,
        152.18268812364116,
        134.98562596846696,
        92.3224879194346,
        308.10382718048004,
        258.452310778325,
        232.7713399712121,
        225.79954039276723,
        241.42046510030033,
        191.20507902658414,
        138.66516535678178,
        96.08190167584455,
        297.19365865597695,
        280.23365953415345,
        253.60108234632617,
        226.5731922112957,
        378.2229623522359,
        327.10821320223255,
        306.0734042217246,
        291.83174399679746,
        188.88425813109941,
        121.30394777678362,
        89.94811031202534,
        73.4880477389744,
        123.8819148469458,
        106.11681883091144,
        90.6842235133816,
        50.612634739831016,
        183.87682092060035,
        99.1933913629174,
        61.86606066616548,
        -22.353245957692234,
        251.87608320981153,
        203.27421553025127,
        130.9858576826387,
        76.9466448566735,
        360.33779919949916,
        315.5041948986,
        288.8253454317758,
        268.2001383808088,
        529.8930450573922,
        502.1329865898351,
        483.7631364854058,
        489.493987229179,
        420.4045015192981,
        405.90705981634966,
        391.08619310982294,
        392.696917142626,
        201.52785306881643,
        162.4576565073749,
        120.1672109597741,
        87.23480556294145,
        320.67010884881796,
        298.6107324910819,
        283.0363966252496,
        248.5497266440951,
        244.2764948330141,
        218.56110399442582,
        190.90831569012616,
        157.47578421811994,
        237.69705104838667,
        121.82084234367869,
        93.41392888850486,
        66.22377729528988,
        278.9035572099096,
        260.3757225058907,
        226.8644011061742,
        179.9276172355682,
        232.96809342177662,
        207.34852711989092,
        177.79247098771165,
        179.0008332977725,
        185.76140811425924,
        139.19362646772672,
        96.55917724645803,
        64.99939218738366,
        257.41412257243087,
        193.1371728730954,
        175.59453591563295,
        124.29779147813235,
        384.4433631397405,
        310.5111656984095,
        291.74097521507093,
        264.32675593986784,
        532.0390530844301,
        479.32947743574977,
        449.3947080556712,
        405.15842108827263,
        595.1681694742988,
        523.2964986832726,
        490.2985410980552,
        475.1488587740583,
        592.2180598538512,
        533.4846225432387,
        499.2812635784846,
        475.63985550394017,
        230.5826634809041,
        120.05247824304733,
        79.81253146264761,
        73.57287627265312,
        27.161257341404013,
        342.9969912424408,
        401.7891231600773,
        369.95390910835334,
        322.7540073049914,
        256.41886964149825,
        103.86503282920292,
        78.22243364838255,
        60.49028583917092,
        53.99499187866103,
        184.4369363682922,
        179.34565296475367,
        159.71601215351203,
        145.948158077143,
        124.44466273696419,
        103.86550890969177,
        83.1562739986979,
        72.47495303781238,
        181.19150410723833,
        151.60710859076457,
        127.63804761298557,
        122.29584784312293,
        334.15496067762723,
        266.86699244674134,
        261.1194376031852,
        248.67048369839986,
        244.82487939263035,
        225.26096088402036,
        213.55118535061683,
        203.59767870012448,
        365.50457959994355,
        410.36176966107354,
        410.36176966107354,
        396.10864524533434,
        391.49222985330493,
        326.28846067956624,
        380.51159949770425,
        334.43639888031277,
        304.2256841800068,
        258.07597350351807,
        209.92742669266332
    ],