{
    "R2_score": [
        0.5340660704757676,
        0.6214016743900963,
        0.5734407539068944,
        0.7264791926769189,
        0.573659358874196,
        0.3395740363621613,
        -0.12168818701998796,
        0.18452209040422185,
        0.8313603938705607,
        0.014610808047424872
    ],
    "MAE_score": [
        86.78481773060324,
        94.16356958668374,
        72.80377324140963,
        104.1750203466867,
        56.436914927448115,
        45.24522368620005,
        120.40188429967506,
        137.42129491019475,
        61.15498639664801,
        64.97748463381231
    ],
    "RMSE_score": [
        104.17359776166576,
        126.36319622309713,
        100.72651629163819,
        118.5445373587103,
        77.98011406703392,
        52.12664996257596,
        131.7148904012665,
        162.83025952255733,
        81.65317552770668,
        85.99170493224777
    ],
    "y_predict": [
        230.86516003939178,
        209.60841499583194,
        188.2645776810174,
        170.43968448148516,
        269.87289228836124,
        169.66793921065644,
        139.18086477467105,
        84.7639100763081,
        371.4640274384246,
        317.98716602085966,
        295.20011941463906,
        254.08402749804546,
        267.9499126210836,
        244.53858969349244,
        233.36416248730538,
        227.39081611787216,
        322.9668829519319,
        322.96147812147854,
        322.9560732910252,
        322.92904913875844,
        404.3329024055177,
        375.3377695591393,
        375.9664291153578,
        301.3928042088957,
        272.13282199631664,
        212.3203965156927,
        227.87343414283632,
        213.62641039248308,
        357.0201256796077,
        325.0840595203593,
        327.30505875397625,
        312.0300816872671,
        208.03184101404716,
        188.2389527703374,
        163.91081846451587,
        132.98987549721963,
        263.5954411781633,
        224.8742432806665,
        199.81119449979454,
        190.32805740317136,
        262.74107462510716,
        214.92141866888787,
        165.93969172114245,
        122.95980608384748,
        298.0900152586784,
        281.536292267704,
        258.64784892043104,
        234.32438180109133,
        374.2229635530178,
        350.0788721160482,
        287.3663343771506,
        276.191380659651,
        176.90590427993675,
        111.56189021756525,
        96.96363133197279,
        83.71216745884996,
        152.67999407474932,
        113.42957927399073,
        99.66841788232603,
        73.90277253829788,
        225.3113474210638,
        106.62112739134484,
        63.10222379403936,
        -8.990390659118788,
        264.69410958077555,
        215.41210125931616,
        144.33674204267564,
        93.89923037538591,
        200.9525132664835,
        176.93248831052506,
        160.90551746776885,
        140.98615710755857,
        465.48767983962534,
        433.724461036573,
        432.4639312078619,
        437.05726037512636,
        359.27513587203606,
        335.932018864615,
        312.27642129437294,
        302.38893086193605,
        225.34990981646544,
        183.28610413550783,
        143.27327069836102,
        119.56890612030332,
        300.26269567376045,
        275.4311847800673,
        261.26361303182904,
        229.31872040154153,
        241.91381815717423,
        213.9866737541697,
        187.5775449803214,
        155.7866583181112,
        224.0901528087719,
        118.21071890181156,
        94.41802841136423,
        70.38796387987921,
        221.0460499928837,
        187.9190003077517,
        150.63526259928162,
        112.95357540303034,
        170.38096617387134,
        145.39291925730552,
        106.33778986516948,
        97.88828214175753,
        207.84389306559567,
        147.3434719235113,
        133.3545458182925,
        113.79316223543576,
        256.99911469001523,
        201.43334020937615,
        175.01929635050297,
        129.59836836348472,
        411.30661523197756,
        351.15674351115945,
        325.5631046340346,
        302.6042498543186,
        498.915833975158,
        440.57425609779403,
        411.4328898495556,
        374.73145595726675,
        498.915833975158,
        440.57425609779403,
        411.4328898495556,
        374.73145595726675,
        570.2267976379733,
        512.3805381915626,
        480.10188529799075,
        460.97962413228805,
        308.2796757796631,
        253.49450919045387,
        213.62489217028178,
        193.36495807515595,
        143.7554185175173,
        212.3203965156927,
        396.52397070971136,
        349.00541432730705,
        298.6664094416069,
        235.03472252252755,
        113.23117577699725,
        88.08014875573895,
        73.5234236721323,
        65.55924449020455,
        82.56870377610778,
        69.16720059602204,
        66.76994798236699,
        59.019357691458964,
        120.83439950233354,
        99.9352928245133,
        82.20079850831672,
        73.64892462328694,
        211.11641489367221,
        162.24070681553374,
        150.6847229394689,
        137.62482040949536,
        311.2787034295204,
        225.41822015791658,
        213.05807313654876,
        208.1256720878649,
        216.3798307624827,
        184.0272217568522,
        177.25219160636763,
        171.94900231286388,
        319.7674320376969,
        387.2034679744911,
        387.2034679744911,
        532.5826554136655,
        528.9731818940946,
        464.7923574356312,
        523.4869787475768,
        310.8309632454729,
        281.601966016472,
        222.75279443888644,
        174.59063998719782
    ],