{
    "R2_score": [
        0.6403912281944881,
        0.7089139983307857,
        0.6805895468718934,
        0.6743519077174328,
        0.6720479124201979,
        0.8538883863803755,
        0.885532670240933,
        0.8379437973296949,
        0.7812762135198906,
        0.8791458027905299
    ],
    "MAE_score": [
        62.12222537526025,
        50.99295099902239,
        71.22636950232847,
        71.7138747982935,
        62.981106871795554,
        56.63612775880364,
        35.80886841221837,
        53.87275302288566,
        59.98117515404456,
        53.77251980310795
    ],
    "RMSE_score": [
        83.1011829987121,
        80.0791239184339,
        90.7131832662094,
        85.43421743742003,
        82.2004723017802,
        74.8508936516902,
        42.28004769176001,
        74.28241109298781,
        89.79722512149299,
        71.69891509947384
    ],
    "y_predict": [
        205.34645017036715,
        192.90184356060374,
        164.65423707000048,
        151.83728078516185,
        280.8616490643356,
        267.919578798753,
        201.64628771799423,
        176.66272095659392,
        447.4206617591855,
        396.0433117759308,
        370.8448901992645,
        295.4080076298744,
        263.81369030748755,
        238.81257224595257,
        214.39880521204773,
        200.31826562792784,
        417.6082143281167,
        442.85478526446576,
        417.5971286474192,
        417.56941444567565,
        438.6780259625116,
        438.153573940131,
        495.49334870371354,
        361.6521879715055,
        403.0541085747091,
        386.3393582502945,
        344.8274542217135,
        259.13333378200565,
        362.5489157973038,
        323.4163840905817,
        330.70860560330794,
        339.95482314329024,
        239.05320666074508,
        204.54735074410576,
        178.64873356221221,
        141.87986950318214,
        212.15917343526962,
        194.84468961778657,
        131.37515448253976,
        112.04179744865161,
        219.26204902083148,
        202.94113161632416,
        153.35366708292344,
        116.31341505839085,
        238.99620011248624,
        267.62468508369534,
        239.8603667637905,
        211.77813788937613,
        470.5597564339908,
        527.619982921989,
        311.66068424561325,
        388.25445416308594,
        183.01533169110053,
        110.35627552448614,
        94.92748515292062,
        89.21157909174961,
        120.96181177931236,
        68.54900158511313,
        43.29981813214233,
        46.74853488178593,
        210.88237891697233,
        117.33373992842019,
        87.5369154355531,
        5.333082412488362,
        219.26204902083148,
        225.40536867969524,
        147.24785382532156,
        107.89146426741608,
        153.03954751688497,
        178.81279048719898,
        82.7684234651822,
        76.74978248720076,
        545.9041510218101,
        494.71799349209965,
        494.0801915082204,
        480.56424393293673,
        292.2112699826112,
        266.5667910099465,
        262.8760474693495,
        221.11163270969064,
        243.80523919197586,
        231.21726697125646,
        189.19104666395273,
        153.55416210642852,
        310.37960878612785,
        284.70491250531705,
        268.5153341051167,
        236.07345567197214,
        252.6765581700789,
        221.7770196426651,
        195.401845271986,
        157.78022486152324,
        217.66741099807805,
        125.68163488646182,
        92.31247647641362,
        75.0900550813376,
        141.40020263957678,
        121.27112152427041,
        106.06238232447522,
        90.60038644985468,
        167.04317539478052,
        135.44566846355923,
        115.40007163201557,
        115.6628465882175,
        178.21561602887678,
        134.39337834267872,
        104.6796647012801,
        64.00255797745709,
        291.55949548073744,
        299.0252500275492,
        252.07439701445034,
        235.70630143545327,
        425.16880218623356,
        364.3842865264766,
        340.63751186197777,
        319.1196196699038,
        524.6703884736202,
        485.1498421278208,
        448.6778879412841,
        413.011192480229,
        571.0602968771636,
        495.33691492603765,
        470.7632737553113,
        456.92570657386085,
        579.9554714432605,
        508.24852194339775,
        482.9889386400917,
        469.67218537707595,
        217.4914749026825,
        127.61521312732357,
        100.67962711973344,
        82.67184751865561,
        177.2311647837981,
        348.6498210532047,
        256.564070793515,
        246.8894865679935,
        169.67586842590845,
        152.6882673645796,
        112.62470726883252,
        102.72259206444737,
        76.58984253070439,
        77.93927755954607,
        97.26791209449641,
        81.9163379889241,
        63.16072942894798,
        74.27127598820971,
        106.02302624792883,
        78.75237104684692,
        62.51792090559551,
        57.50782067748465,
        133.76218718179146,
        79.91105790093908,
        69.25101921518707,
        58.9629519132053,
        306.67312399297873,
        196.99980560213575,
        178.28864419105,
        187.2542243114561,
        200.0978490631879,
        156.42845176048968,
        155.84980837971963,
        145.0487520325994,
        358.265503300459,
        369.1262331894709,
        350.2913320170169,
        491.7977852765454,
        515.3376278853726,
        403.1448730719175,
        541.5284604674748,
        288.1108276648454,
        315.26846142617563,
        255.50358025252203,
        210.01828662314026
    ],