{
    "R2_score": [
        0.7999128392860895,
        -1.0431773537898783,
        0.10269832353623531,
        0.29197452446024896,
        0.48186395305198326,
        0.7207713912000113,
        0.1697840685176566,
        -0.41836278347890965,
        0.48508298598219257,
        0.46622880662614263
    ],
    "MAE_score": [
        69.94110226190477,
        104.78433571428563,
        111.42050043417366,
        280.4352438095238,
        103.36511571428575,
        97.21402183333332,
        72.58024833333333,
        119.68216071428567,
        103.03795321428568,
        83.4362352240896
    ],
    "RMSE_score": [
        90.38641499262448,
        118.42016611074416,
        124.89873972200408,
        420.7996216426905,
        143.00794275770417,
        135.33463351468143,
        90.55844449566763,
        159.3132288791315,
        125.73184907592075,
        106.74513503918772
    ],
    "y_predict": [
        197.77949999999993,
        181.36343333333332,
        178.33976666666666,
        136.0176666666666,
        204.81999999999988,
        144.8658,
        98.5941,
        96.6203,
        297.81373333333335,
        276.45116666666667,
        218.81079999999994,
        191.94350000000003,
        225.02653333333322,
        208.0043833333332,
        180.05166666666662,
        166.12484999999998,
        690.9827285714287,
        536.8544666666666,
        406.2152619047614,
        270.4323999999999,
        761.2716452380952,
        565.7004166666663,
        464.78489761904746,
        307.4428000000001,
        930.4339166666665,
        578.1844499999999,
        492.49863571428557,
        384.8814000000002,
        556.2613000000008,
        488.1590000000002,
        457.67009999999965,
        476.7700999999997,
        457.60789999999986,
        456.5747999999998,
        456.62539999999984,
        367.2781,
        420.38699999999994,
        379.09933333333333,
        313.43399999999997,
        282.73808333333335,
        317.32599999999996,
        288.06800000000004,
        307.39400000000006,
        297.6836333333334,
        160.55800000000008,
        89.83599999999993,
        88.725,
        85.598,
        246.99800952380957,
        181.4241166666666,
        159.94342857142854,
        153.63172857142857,
        279.9735000000004,
        239.78070000000025,
        178.06100000000018,
        153.48000000000013,
        255.31800000000004,
        244.5925,
        219.14700000000002,
        209.47833333333335,
        345.9948000000002,
        280.6447999999999,
        280.6447999999999,
        280.6447999999999,
        200.51956666666666,
        127.77679999999998,
        89.6481,
        73.33879999999998,
        234.5160333333335,
        166.5812666666668,
        140.88750000000005,
        117.77100000000002,
        201.76250000000005,
        110.84009999999998,
        112.0971,
        112.0971,
        300.77589999999987,
        240.3407999999998,
        162.7764,
        128.60739999999998,
        296.67996666666653,
        245.66443333333333,
        220.2590166666667,
        201.23556666666676,
        378.7919999999998,
        348.13700000000017,
        346.6220000000002,
        334.53700000000003,
        436.00916666666666,
        407.13732500000015,
        404.0789250000001,
        395.9519952380952,
        213.567280952381,
        153.72140333333328,
        92.0961666666667,
        67.4247166666667,
        352.5969999999996,
        329.0239999999999,
        310.25400000000053,
        282.2710000000004,
        255.29006666666635,
        226.29786666666655,
        197.4862999999998,
        166.5551000000001,
        228.18800000000002,
        117.57199999999985,
        90.78399999999989,
        68.7850000000001,
        230.90414285714283,
        214.54100000000003,
        179.06329999999994,
        157.92944999999997,
        321.0091000000002,
        307.9967000000001,
        273.1036666666667,
        269.3296666666667,
        187.794,
        112.96099999999998,
        98.33239999999999,
        97.6364,
        226.70449999999994,
        161.96638333333337,
        146.87661666666673,
        132.68091666666672,
        312.8395166666668,
        164.09897500000002,
        156.58163333333331,
        163.69814999999997,
        545.3520166666672,
        490.959583333333,
        456.05649666666636,
        408.58968333333314,
        615.6077416666665,
        538.8822999999996,
        493.7214988095238,
        498.80972499999984,
        626.9338500000001,
        545.7481476190475,
        511.91334166666695,
        490.98325833333337,
        314.06159999999994,
        143.83699999999996,
        107.43199999999993,
        94.50609999999999,
        224.81266666666653,
        390.42699999999996,
        402.61623333333324,
        351.13793333333325,
        314.6396333333334,
        273.2966333333334,
        115.0129999999999,
        89.53999999999996,
        70.16989999999993,
        69.13849999999994,
        219.55966666666657,
        212.65543333333335,
        199.41460000000015,
        186.1068499999999,
        113.79074999999993,
        84.21724999999996,
        73.6277833333334,
        63.960066666666656,
        205.85098333333323,
        127.40488333333329,
        114.68541666666661,
        106.49321666666657,
        296.8799499999999,
        190.48243333333323,
        181.59903333333335,
        176.2126333333334,
        218.8639999999997,
        201.95499999999996,
        189.38226666666665,
        183.10713333333334,
        403.9899999999997,
        398.6019999999995,
        398.6019999999995,
        410.6710000000002,
        404.18460000000016,
        361.04330000000004,
        369.30129999999997,
        316.5005571428571,
        310.35058333333336,
        284.52908333333335,
        275.96608333333336
    ],