{
    "R2_score": [
        0.7737401888871315,
        0.9405509305879888,
        0.948364792344783,
        0.653022285822952,
        0.9286680301258953,
        0.7704128735693481,
        0.8210168625971617,
        0.8338406086029642,
        0.8090347207743641,
        0.8787463897295398
    ],
    "MAE_score": [
        83.94311205513787,
        64.31520751879698,
        44.21858966165409,
        87.7626696992481,
        67.08726633629534,
        60.13108611111108,
        38.58442377645502,
        64.06973533950621,
        51.82862658730164,
        53.921310608465646
    ],
    "RMSE_score": [
        114.98519933367558,
        95.44128258167845,
        59.667693518413294,
        109.90373150713654,
        86.3506678719565,
        90.68536072287077,
        52.78874225810872,
        80.49954828096587,
        74.54698516075001,
        71.32292696914887
    ],
    "y_predict": [
        181.42610000000002,
        218.00326666666672,
        140.1735,
        160.1866333333333,
        282.94679999999994,
        287.7389999999999,
        229.96719999999996,
        267.9662,
        413.7846,
        392.13186666666667,
        360.64789999999994,
        288.71989999999994,
        231.5455000000001,
        231.92006666666668,
        204.93474999999998,
        226.99423333333343,
        793.1431166666667,
        574.7306888888887,
        406.6242285714281,
        268.7905999999998,
        789.5078500000002,
        570.5782619047616,
        537.5760071428577,
        297.2213000000002,
        793.1431166666667,
        619.8318666666667,
        537.5760071428577,
        395.6755500000001,
        1352.4219999999998,
        1340.378,
        1199.1499999999999,
        1349.746,
        450.54049999999967,
        500.296966666667,
        489.781,
        388.7570000000002,
        408.6469999999999,
        429.1572,
        389.70933333333335,
        332.22100000000006,
        347.7466190476189,
        303.40785714285715,
        346.75066666666663,
        323.5710095238095,
        178.60789999999997,
        145.53691666666666,
        147.8451,
        195.61700000000005,
        209.06923333333333,
        108.71445000000001,
        64.41860000000001,
        75.43733333333333,
        293.914666666667,
        229.34953333333354,
        157.80173333333357,
        138.11581666666683,
        314.6233999999999,
        219.66263333333333,
        165.74066666666667,
        123.92824999999999,
        436.5820000000003,
        499.94099999999946,
        404.24600000000004,
        409.54399999999987,
        170.36489999999998,
        121.0383999999999,
        78.96609999999995,
        96.94349999999997,
        191.90853333333325,
        122.04578333333343,
        72.17093333333338,
        74.35524761904752,
        212.1817999999999,
        111.53839999999998,
        107.48600000000005,
        99.96620000000003,
        304.20975000000004,
        247.76699999999974,
        157.40753333333333,
        109.18621666666668,
        241.57866666666655,
        193.2098166666667,
        106.30233333333341,
        122.66440000000011,
        466.83900000000045,
        438.6430000000006,
        405.9910000000003,
        484.1180000000007,
        283.58829999999983,
        346.4931500000004,
        235.67679999999982,
        224.01999999999992,
        280.1678666666665,
        248.79607333333337,
        198.60711666666663,
        209.54551666666674,
        328.04799999999943,
        315.62499999999994,
        308.04179333333377,
        224.29666666666645,
        251.99466666666638,
        231.9043333333332,
        228.33210666666645,
        224.29666666666645,
        212.3365833333334,
        106.10143333333322,
        84.14021666666667,
        70.71203333333342,
        193.23200000000008,
        142.0615,
        111.39799999999997,
        88.48616666666662,
        182.49856666666662,
        116.87346666666663,
        128.86104999999995,
        127.45211666666661,
        211.21900000000002,
        105.50425000000001,
        124.13899999999994,
        99.51699999999997,
        287.3955333333335,
        247.00893333333343,
        261.50903333333355,
        264.6987500000003,
        344.4019,
        296.04555,
        296.1185999999999,
        271.27793333333335,
        557.4209666666674,
        511.936483333333,
        468.4515833333329,
        422.54844999999995,
        619.262,
        521.6837273809521,
        491.71242500000017,
        490.2445166666663,
        615.1302000000003,
        552.9812333333334,
        508.3966875000003,
        501.1402961038961,
        229.02940000000012,
        112.12599999999996,
        94.71496666666661,
        80.52410000000002,
        207.84360000000004,
        379.70200000000006,
        240.7767999999999,
        171.27289999999994,
        148.23920000000007,
        139.1294,
        119.2413666666665,
        84.14021666666667,
        68.66446666666667,
        71.73169999999993,
        114.3923333333334,
        71.75133333333338,
        62.65099999999993,
        70.79430000000009,
        91.55133333333326,
        70.20583333333332,
        51.68500000000005,
        51.53599999999994,
        156.13963333333348,
        44.213433333333306,
        31.71539999999996,
        24.545999999999985,
        267.93300000000016,
        159.11254999999997,
        141.29763333333332,
        141.6717,
        174.702,
        195.83989999999997,
        125.79160000000002,
        146.56823333333332,
        366.0321142857141,
        357.7012523809522,
        342.54883809523795,
        497.76699999999965,
        515.4083000000005,
        453.6639999999999,
        518.6649999999996,
        326.1691809523808,
        317.033,
        305.73240000000004,
        297.75013333333334
    ],