{
    "R2_score": [
        0.6939804713060964,
        0.6883816277447901,
        0.7293563713356908,
        0.6885264288760915,
        0.6092914426004431,
        0.8651194615365565,
        0.8813345530509467,
        0.8254634543387303,
        0.7932172834246487,
        0.8667935588252313
    ],
    "MAE_score": [
        59.598423359788335,
        47.076395370370335,
        62.35104556878312,
        68.7042595938376,
        64.39348620448176,
        52.63125656862744,
        32.111481372549044,
        52.132585854341706,
        47.260070588235294,
        56.08458907563028
    ],
    "RMSE_score": [
        76.65961589420498,
        82.8552782674856,
        83.50159066241996,
        83.55417927892749,
        89.72130353390031,
        71.9166198269011,
        43.04838193585653,
        77.08969916910713,
        87.31161610021819,
        75.27388446478615
    ],
    "y_predict": [
        200.36923333333337,
        185.17431666666664,
        144.16989999999998,
        121.95101666666663,
        303.4743000000001,
        312.568,
        225.11059999999998,
        261.8332000000001,
        436.8542666666666,
        410.0428333333334,
        358.6013999999999,
        303.0729666666667,
        242.4391,
        216.72466666666662,
        199.70350000000005,
        184.36430000000004,
        442.721333333333,
        467.48899999999986,
        442.721333333333,
        442.721333333333,
        479.74629999999956,
        417.77955000000003,
        461.1789999999999,
        429.8339999999997,
        442.9796,
        416.30933333333337,
        361.09,
        297.44155,
        369.3836,
        300.4373333333333,
        318.7603333333333,
        321.75286666666665,
        193.62729999999988,
        180.59399999999994,
        168.75640000000007,
        166.923,
        140.34669999999997,
        120.8090833333333,
        53.339399999999976,
        66.90979999999999,
        243.61242380952402,
        230.92902857142886,
        162.66753333333355,
        135.73956666666678,
        238.62429999999986,
        231.94790000000003,
        210.80329999999992,
        189.12699999999998,
        436.2950000000004,
        465.1729999999996,
        365.7159999999998,
        389.19799999999964,
        189.26559999999998,
        113.98139999999991,
        83.96793333333336,
        84.83624999999992,
        180.49889999999994,
        97.76773333333347,
        68.97210000000011,
        64.91699999999992,
        190.40399999999997,
        94.271,
        91.70000000000002,
        103.86800000000005,
        243.61242380952402,
        253.4215999999998,
        160.91075,
        119.20746190476191,
        206.5079999999999,
        235.43130000000002,
        147.75700000000015,
        115.26040000000012,
        508.03780000000074,
        461.8190000000006,
        588.7800000000008,
        491.4450000000007,
        266.9534999999999,
        262.84000000000015,
        229.1702999999999,
        192.48279999999994,
        268.7360333333333,
        262.28069999999997,
        192.16793333333325,
        164.62780000000004,
        324.14742499999966,
        304.18666666666655,
        287.1849200000003,
        258.7619333333336,
        264.3960999999997,
        240.0726666666665,
        214.805603333333,
        182.72006666666672,
        215.25375,
        124.96399999999987,
        87.94283333333327,
        70.04503333333341,
        179.17666666666665,
        161.88093333333327,
        135.18876666666662,
        109.07675000000006,
        167.4465428571427,
        130.3551666666666,
        114.39094999999993,
        112.64364999999992,
        162.82766666666666,
        113.836,
        93.33499999999992,
        94.58153333333331,
        290.8197000000002,
        299.79163333333327,
        269.61483333333354,
        272.7069333333336,
        339.65019999999976,
        304.6273,
        276.06570000000005,
        301.27429999999987,
        561.1700083333341,
        492.73004999999966,
        467.4496833333329,
        422.3305416666668,
        632.2609583333333,
        534.4222059523806,
        488.682419047619,
        487.13695,
        626.4992285714286,
        550.4144416666667,
        506.77576666666704,
        504.5124666666665,
        226.77823333333345,
        121.20171666666664,
        93.45048333333331,
        87.88068333333335,
        192.59566666666663,
        371.959,
        223.01004285714288,
        203.12939999999992,
        135.1057000000001,
        136.43300000000008,
        118.18299999999986,
        86.21999999999998,
        80.035719047619,
        70.81339999999997,
        75.31033333333339,
        61.35700000000001,
        56.61033333333328,
        58.181333333333406,
        119.19199999999988,
        66.34418333333335,
        47.78800000000002,
        51.65209999999996,
        113.07466666666679,
        47.090999999999994,
        31.293999999999947,
        21.70300000000002,
        264.20590000000004,
        127.271,
        114.97399999999999,
        121.35340000000002,
        170.98899999999995,
        117.43099999999998,
        119.1558,
        112.8822,
        355.17145714285704,
        355.029933333333,
        341.9537619047617,
        502.51599999999956,
        543.9450000000006,
        432.65030000000013,
        535.7285999999996,
        331.45833333333314,
        311.12899999999996,
        291.7535,
        286.264
    ],