{
    "R2_score": 0.8145065507299605,
    "MAE_score": 61.17350263605436,
    "RMSE_score": 77.64459775017795,
    "y_predict": [
        557.6531500000008,
        172.59999999999997,
        153.8251,
        280.6256000000001,
        488.7379999999994,
        146.39839999999995,
        464.63628571428563,
        409.7254333333333,
        121.92689999999997,
        114.3043,
        197.11600000000007,
        464.63628571428563,
        297.72860000000003,
        412.87399999999974,
        481.2879999999996,
        267.82601666666676,
        464.63628571428563,
        90.60825000000008,
        91.1818999999999,
        137.6445,
        550.2889999999995,
        142.9457666666668,
        74.83856666666662,
        70.39199999999998,
        470.8219999999996,
        543.0901708333333,
        93.0107,
        31.948999999999955,
        192.33550000000005,
        101.08200000000001,
        331.34824761904764,
        450.04299999999995,
        220.99239999999986,
        58.39099999999995,
        163.25250000000005
    ],
    "y_true": [
        706.7,
        100.0,
        101.7,
        396.0,
        512.3,
        162.0,
        581.6,
        455.0,
        112.0,
        97.9,
        326.9,
        422.0,
        232.0,
        297.8,
        355.6,
        377.13,
        394.7,
        73.8,
        59.7,
        65.0,
        381.4,
        31.9,
        62.32,
        64.8,
        368.7,
        473.7,
        82.5,
        11.6,
        287.4,
        98.3,
        352.5,
        423.0,
        131.0,
        60.3,
        170.0
    ],
    "features": [
        "Binder_Type",
        "CC_Electrical_Conductivity",
        "Current_Density",
        "E_Anion_Radius",
        "E_Ionic_Conductivity",
        "Is_Binder",
        "M_Density",
        "Morphology_Encoded",
        "Potential_Window",
        "Synthesis_Method"
    ]
}