{
    "R2_score": 0.8715943491229388,
    "MAE_score": 70.16410218146717,
    "RMSE_score": 100.87846554971176,
    "y_predict": [
        318.1073,
        623.9776999999999,
        171.03673333333327,
        188.77075000000002,
        69.75529999999996,
        696.6058333333334,
        394.5341999999999,
        187.57313333333346,
        268.2229499999998,
        561.9439583333334,
        289.95057857142854,
        426.2476666666667,
        121.75773333333332,
        100.07509999999996,
        220.88233333333338,
        59.32950000000001,
        86.65333333333332,
        1402.1789999999999,
        356.7441666666666,
        82.99866666666671,
        383.8729333333333,
        267.7467999999999,
        56.42199999999993,
        100.07509999999996,
        293.88175333333356,
        255.52083333333343,
        100.5396666666666,
        189.1255666666667,
        97.41516666666662,
        100.08009999999996,
        232.6588,
        173.67475,
        313.4660666666667,
        181.94856666666675,
        449.6402166666664,
        160.78100000000003,
        205.44265238095238
    ],
    "y_true": [
        232.0,
        565.3,
        310.0,
        112.0,
        64.8,
        1074.5,
        455.0,
        326.9,
        227.0,
        473.7,
        340.3,
        405.0,
        100.63,
        98.5,
        163.9,
        6.0,
        45.4,
        1440.0,
        434.0,
        66.5,
        140.0,
        334.0,
        41.8,
        98.3,
        188.8,
        235.0,
        58.1,
        67.6,
        93.4,
        104.2,
        294.1,
        100.0,
        329.0,
        27.2,
        413.6,
        109.9,
        334.9
    ],
    "features": [
        "CC_Thermal_Conductivity",
        "Current_Collector",
        "Current_Density",
        "E_Bare_Anion_Radius",
        "E_Cation_Radius",
        "Is_Binder",
        "M_Density",
        "Morphology_Encoded",
        "Potential_Window",
        "Synthesis_Method"
    ]
}