{
    "R2_score": [
        0.8533637671107452,
        -1.6807977338858642,
        0.2788278421543017,
        0.16810666077657943,
        0.6148317135370649,
        0.5914580531644582,
        -0.049181285192614776,
        -0.7782690721185959,
        0.5714902227887149,
        0.4376143051220046
    ],
    "MAE_score": [
        63.51886611938477,
        122.62140397505327,
        97.35103608972885,
        293.17968955230714,
        97.85092272949218,
        119.71901206970217,
        82.51095892333984,
        128.28865806579591,
        100.57206321716308,
        83.74457817077638
    ],
    "RMSE_score": [
        77.37741164002402,
        135.6452707155067,
        111.97170529633517,
        456.1258881136415,
        123.30012480573059,
        163.6994883479526,
        101.80255789051898,
        178.38441717362576,
        114.69831801636266,
        109.568989797324
    ],
    "y_predict": [
        257.23101806640625,
        220.8145751953125,
        197.94284057617188,
        156.28836059570312,
        230.0116729736328,
        150.67208862304688,
        103.72496032714844,
        85.15725708007812,
        320.57037353515625,
        266.47833251953125,
        232.16859436035156,
        199.8318634033203,
        242.09410095214844,
        219.70135498046875,
        207.06520080566406,
        198.55584716796875,
        739.5032958984375,
        504.1118469238281,
        384.6095275878906,
        243.14559936523438,
        811.273681640625,
        581.3787231445312,
        442.2512512207031,
        272.86285400390625,
        1002.6369018554688,
        588.3011474609375,
        471.2832336425781,
        370.26763916015625,
        539.4483642578125,
        446.6481628417969,
        315.8561096191406,
        291.1222229003906,
        556.2386474609375,
        483.7023010253906,
        486.1963195800781,
        341.290283203125,
        484.89166259765625,
        452.87591552734375,
        382.4272766113281,
        343.31231689453125,
        324.0831604003906,
        291.8677673339844,
        277.9120178222656,
        288.5814208984375,
        160.39468383789062,
        80.61326599121094,
        98.11170196533203,
        80.3582992553711,
        239.15469360351562,
        153.70037841796875,
        125.7481460571289,
        136.40426635742188,
        296.9270324707031,
        222.05230712890625,
        164.43093872070312,
        116.37559509277344,
        271.9969177246094,
        267.410400390625,
        240.2083282470703,
        201.5899658203125,
        267.0078125,
        179.97262573242188,
        164.74533081054688,
        165.17404174804688,
        203.22027587890625,
        92.2071533203125,
        42.166603088378906,
        23.36194610595703,
        227.35682678222656,
        234.0789031982422,
        220.88804626464844,
        148.54132080078125,
        120.3794174194336,
        88.79732513427734,
        81.8797378540039,
        80.16143035888672,
        311.63079833984375,
        240.96888732910156,
        148.5376739501953,
        89.25032806396484,
        232.8774871826172,
        155.46778869628906,
        110.38960266113281,
        82.04605102539062,
        576.9183959960938,
        527.8344116210938,
        495.38836669921875,
        510.174072265625,
        459.6091613769531,
        457.6983337402344,
        451.3936462402344,
        468.43585205078125,
        191.86534118652344,
        139.77584838867188,
        92.18437194824219,
        74.77220153808594,
        355.61810302734375,
        315.00604248046875,
        310.3812255859375,
        275.2217712402344,
        255.22720336914062,
        215.9877166748047,
        188.53585815429688,
        153.8101043701172,
        327.110107421875,
        119.47692108154297,
        91.3167953491211,
        64.98370361328125,
        250.0714111328125,
        237.44772338867188,
        180.6569366455078,
        134.07887268066406,
        321.01910400390625,
        301.9081115722656,
        273.4338684082031,
        275.86529541015625,
        165.9196319580078,
        93.42955780029297,
        58.56669235229492,
        55.80121612548828,
        225.32791137695312,
        132.10836791992188,
        169.73944091796875,
        158.47268676757812,
        333.13262939453125,
        230.9962921142578,
        230.72544860839844,
        216.64340209960938,
        565.0479736328125,
        495.41900634765625,
        457.67578125,
        408.35943603515625,
        635.3780517578125,
        530.8679809570312,
        486.9101867675781,
        487.7940979003906,
        635.4016723632812,
        552.5367431640625,
        507.6437683105469,
        501.5457458496094,
        274.3117370605469,
        117.03244018554688,
        63.049468994140625,
        74.11880493164062,
        16.699357986450195,
        404.8568420410156,
        389.5721130371094,
        319.1958923339844,
        268.901123046875,
        215.73048400878906,
        117.90264892578125,
        92.19241333007812,
        64.9259262084961,
        66.23184967041016,
        210.0767059326172,
        226.84886169433594,
        207.82154846191406,
        199.56195068359375,
        112.53374481201172,
        87.81343841552734,
        61.36996841430664,
        57.04973220825195,
        178.05667114257812,
        135.49063110351562,
        106.37603759765625,
        116.85745239257812,
        314.6323547363281,
        244.3611602783203,
        267.906982421875,
        256.5169982910156,
        211.18109130859375,
        202.83834838867188,
        195.117431640625,
        197.2063751220703,
        423.203857421875,
        391.6357727050781,
        391.6357727050781,
        464.5435485839844,
        457.4907531738281,
        344.0946350097656,
        467.2008972167969,
        320.245849609375,
        274.0968933105469,
        221.40841674804688,
        199.2408905029297
    ],