{
    "R2_score": [
        0.6944516787841923,
        0.5710109958078166,
        0.671206959476585,
        0.6490130438801072,
        0.6845090692927437,
        0.72172431156006,
        0.6675062361492758,
        0.8714044487590837,
        0.7752148479609031,
        0.8498175839626199
    ],
    "MAE_score": [
        57.43000265333389,
        53.15021639929878,
        63.83624438815647,
        68.20141664392808,
        65.07632428337546,
        66.8637217128978,
        45.788512178308835,
        46.64585372924804,
        56.0037769990809,
        54.16725318908692
    ],
    "RMSE_score": [
        76.6005730930882,
        97.21465362817736,
        92.03587657533271,
        88.69580199632958,
        80.6236680019617,
        103.29808115040636,
        72.0587036262497,
        66.17076185951811,
        91.03297148119252,
        79.9265852378825
    ],
    "y_predict": [
        190.01258850097656,
        173.19317626953125,
        129.04454040527344,
        121.19525146484375,
        312.70489501953125,
        314.74249267578125,
        216.95260620117188,
        246.98541259765625,
        511.33807373046875,
        424.14599609375,
        402.9571228027344,
        313.9390563964844,
        259.7399597167969,
        230.29019165039062,
        191.3270721435547,
        184.19668579101562,
        497.1979064941406,
        548.0620727539062,
        497.1979064941406,
        497.1979064941406,
        383.4898986816406,
        390.642333984375,
        483.3829345703125,
        292.8624267578125,
        470.0790100097656,
        452.7830505371094,
        372.2466735839844,
        321.50115966796875,
        342.4109802246094,
        292.39739990234375,
        301.1204528808594,
        343.7466735839844,
        231.71617126464844,
        172.5292510986328,
        173.33917236328125,
        153.2467803955078,
        150.3126983642578,
        130.4152374267578,
        29.524951934814453,
        26.030057907104492,
        226.12625122070312,
        221.28518676757812,
        164.6436309814453,
        116.0019760131836,
        167.5601348876953,
        240.39988708496094,
        240.71401977539062,
        182.77194213867188,
        468.0557556152344,
        749.7427978515625,
        228.38861083984375,
        372.6792297363281,
        184.31272888183594,
        97.69343566894531,
        86.61475372314453,
        50.81288528442383,
        157.16351318359375,
        82.65716552734375,
        58.346717834472656,
        53.93900680541992,
        212.79771423339844,
        73.9793472290039,
        70.98536682128906,
        95.63832092285156,
        226.12625122070312,
        241.17202758789062,
        149.08876037597656,
        88.32769012451172,
        154.57763671875,
        253.52178955078125,
        77.59967803955078,
        58.18934631347656,
        601.6844482421875,
        418.6639404296875,
        487.41278076171875,
        520.2667236328125,
        251.31204223632812,
        164.46026611328125,
        193.7830352783203,
        135.95518493652344,
        272.5629577636719,
        257.9630432128906,
        223.09461975097656,
        197.03419494628906,
        355.2921142578125,
        315.2863464355469,
        309.2457580566406,
        275.1289367675781,
        255.40689086914062,
        216.20281982421875,
        188.65284729003906,
        153.90383911132812,
        287.72174072265625,
        118.90222930908203,
        89.47013092041016,
        66.48719787597656,
        154.08868408203125,
        136.43214416503906,
        122.85740661621094,
        101.58290100097656,
        144.7417449951172,
        134.37831115722656,
        117.12495422363281,
        127.16877746582031,
        185.0222625732422,
        115.70148468017578,
        89.36072540283203,
        90.81397247314453,
        270.31622314453125,
        342.0887756347656,
        283.4598693847656,
        327.08404541015625,
        416.84228515625,
        323.5489196777344,
        294.5600280761719,
        308.30963134765625,
        565.19580078125,
        496.33270263671875,
        457.5624084472656,
        408.3221435546875,
        635.6033325195312,
        530.468017578125,
        486.7146301269531,
        487.9845886230469,
        636.1299438476562,
        553.497802734375,
        507.37274169921875,
        501.4453430175781,
        262.0950012207031,
        121.98684692382812,
        65.97591400146484,
        63.534908294677734,
        122.7245101928711,
        402.9466247558594,
        196.5901641845703,
        211.14093017578125,
        102.78543853759766,
        127.65017700195312,
        115.15985107421875,
        92.71820831298828,
        71.27790832519531,
        66.23399353027344,
        67.8890151977539,
        50.03546142578125,
        56.39836883544922,
        60.16746139526367,
        77.56924438476562,
        54.84319305419922,
        46.909366607666016,
        38.94152069091797,
        112.83423614501953,
        18.580961227416992,
        17.382240295410156,
        21.543092727661133,
        317.04132080078125,
        98.65664672851562,
        100.58334350585938,
        119.56072998046875,
        187.33856201171875,
        113.45539855957031,
        122.55133056640625,
        109.67755889892578,
        358.9468688964844,
        349.68084716796875,
        333.8712158203125,
        510.0810241699219,
        501.954833984375,
        378.0676574707031,
        692.6908569335938,
        272.9178161621094,
        321.3343811035156,
        251.46429443359375,
        232.20498657226562
    ],