{
    "R2_score": 0.5876394713003206,
    "MAE_score": 60.72437904139928,
    "RMSE_score": 94.04052262116072,
    "y_predict": [
        332.0517578125,
        164.7772216796875,
        188.88565063476562,
        200.21437072753906,
        182.0335693359375,
        123.29306030273438,
        245.80410766601562,
        200.02447509765625,
        195.27200317382812,
        318.8880310058594,
        636.0458984375,
        201.79849243164062,
        159.94876098632812,
        48.0857048034668,
        317.410400390625,
        429.5225524902344,
        321.731689453125,
        153.50308227539062,
        458.57574462890625,
        17.3680419921875,
        119.35631561279297,
        215.37049865722656,
        107.67910766601562,
        292.12554931640625,
        54.27230453491211,
        245.80410766601562,
        60.3195686340332,
        497.1771240234375,
        497.1771240234375,
        65.86068725585938,
        316.6292724609375,
        497.1771240234375,
        273.5002136230469,
        92.1830062866211,
        166.94830322265625
    ],
    "y_true": [
        140.0,
        149.0,
        310.4,
        118.4,
        333.94,
        82.5,
        240.6,
        198.0,
        354.8,
        377.13,
        565.3,
        260.4,
        131.0,
        25.0,
        325.0,
        455.0,
        287.4,
        94.6,
        423.0,
        11.6,
        118.4,
        211.8,
        58.1,
        391.6,
        59.7,
        221.9,
        66.5,
        145.9,
        548.0,
        64.8,
        352.5,
        355.6,
        235.0,
        93.4,
        305.0
    ],
    "features": [
        "CC_Electrical_Conductivity",
        "CC_Thermal_Conductivity",
        "Current_Density",
        "E_Anion_Radius",
        "E_Ionic_Conductivity",
        "Is_Binder",
        "M_Density",
        "Morphology_Encoded",
        "Potential_Window",
        "Synthesis_Method"
    ]
}