{
    "R2_score": 0.881484201859513,
    "MAE_score": 70.04778780499022,
    "RMSE_score": 96.91578596077865,
    "y_predict": [
        317.80218505859375,
        635.90234375,
        221.0211181640625,
        194.51803588867188,
        65.93811798095703,
        739.4609985351562,
        379.04473876953125,
        254.4684295654297,
        266.4909973144531,
        552.559326171875,
        272.82733154296875,
        452.5830383300781,
        73.86614227294922,
        -2.150759220123291,
        271.3260498046875,
        36.916751861572266,
        63.94832992553711,
        1376.7264404296875,
        350.0811462402344,
        72.05825805664062,
        426.65618896484375,
        304.3909912109375,
        47.969512939453125,
        -2.979037284851074,
        310.39508056640625,
        291.6759948730469,
        71.50391387939453,
        104.35887145996094,
        93.29598236083984,
        6.195962905883789,
        218.13970947265625,
        199.40869140625,
        310.18377685546875,
        109.22056579589844,
        442.1252136230469,
        123.51875305175781,
        294.66510009765625
    ],
    "y_true": [
        232.0,
        565.3,
        310.0,
        112.0,
        64.8,
        1074.5,
        455.0,
        326.9,
        227.0,
        473.7,
        340.3,
        405.0,
        100.63,
        98.5,
        163.9,
        6.0,
        45.4,
        1440.0,
        434.0,
        66.5,
        140.0,
        334.0,
        41.8,
        98.3,
        188.8,
        235.0,
        58.1,
        67.6,
        93.4,
        104.2,
        294.1,
        100.0,
        329.0,
        27.2,
        413.6,
        109.9,
        334.9
    ],
    "features": [
        "CC_Thermal_Conductivity",
        "Current_Collector",
        "Current_Density",
        "E_Bare_Anion_Radius",
        "E_Cation_Radius",
        "Is_Binder",
        "M_Density",
        "Morphology_Encoded",
        "Potential_Window",
        "Synthesis_Method"
    ]
}