{
    "R2_score": 0.8793818737305715,
    "MAE_score": 80.14898658958641,
    "RMSE_score": 117.30176455483391,
    "y_predict": [
        243.4549560546875,
        352.954345703125,
        66.23974609375,
        74.21583557128906,
        124.50321960449219,
        226.89801025390625,
        930.763427734375,
        198.9917755126953,
        65.09999084472656,
        310.1314392089844,
        315.20751953125,
        40.20956802368164,
        136.12063598632812,
        390.9345703125,
        106.18052673339844,
        930.763427734375,
        93.23226928710938,
        345.0709533691406,
        52.53181076049805,
        307.1924133300781,
        23.365230560302734,
        420.1628112792969,
        290.9935302734375,
        1190.9619140625,
        459.9790954589844,
        292.53106689453125,
        432.4833679199219,
        384.5932922363281,
        213.36557006835938,
        151.9854736328125,
        95.39031219482422,
        116.84617614746094,
        97.0820083618164,
        488.1634826660156,
        63.391082763671875,
        1226.1182861328125,
        390.9345703125
    ],
    "y_true": [
        399.7,
        352.5,
        60.3,
        62.2,
        115.0,
        198.0,
        548.0,
        94.6,
        97.9,
        188.8,
        215.28,
        22.1,
        87.23,
        276.0,
        220.0,
        1074.5,
        6.0,
        193.6,
        67.6,
        232.0,
        11.6,
        419.13,
        201.8,
        1340.0,
        455.0,
        333.94,
        750.1,
        528.8,
        216.0,
        109.9,
        98.3,
        88.0,
        82.5,
        422.0,
        92.9,
        1440.0,
        308.0
    ],
    "features": [
        "CC_Thermal_Conductivity",
        "Current_Collector",
        "Current_Density",
        "E_Bare_Anion_Radius",
        "E_Cation_Radius",
        "Is_Binder",
        "M_Density",
        "Morphology_Encoded",
        "Potential_Window",
        "Synthesis_Method"
    ]
}