{
    "R2_score": [
        -1.5670037099030574,
        -2.2633136927300246,
        -1.4673325563491058,
        -1.0507484002538003,
        -0.782867025107929,
        -3.203272359343215,
        -3.3099248676875277,
        -1.5830952585624538,
        -1.4250473300752926,
        -4.5928649304219995
    ],
    "MAE_score": [
        196.8726366058956,
        306.8423776084169,
        195.12734238118261,
        253.3418330427649,
        127.29198054386286,
        116.99075448819545,
        229.5684921245748,
        223.87881807703633,
        237.95336766980512,
        182.48579496412646
    ],
    "RMSE_score": [
        244.51682217208128,
        370.9886897287564,
        242.25233866023768,
        324.5955427886374,
        159.46485248085438,
        131.50477167634418,
        258.18657208135704,
        289.800563569011,
        309.637390907716,
        204.86597170915468
    ],
    "y_predict": [
        36.34328807447412,
        35.38540105444355,
        34.42547007130288,
        33.46422507481241,
        12.134518296555358,
        11.015729378929956,
        10.057695585798138,
        4.83674970332702,
        45.50286259678207,
        44.728408041925334,
        43.17934598854165,
        38.575764352735156,
        47.54997802958996,
        46.78435336435284,
        46.01874248692113,
        44.48729345863902,
        67.91168234346013,
        67.91019183426818,
        67.90870132507621,
        67.90124877911643,
        27.833349410575583,
        26.315381389901358,
        24.799246672515675,
        18.140766009763023,
        55.28856900308521,
        54.527098605106495,
        53.004157809149085,
        48.4353615166872,
        68.45173851564273,
        67.70513180094139,
        66.21191837153872,
        61.73227808333069,
        40.09506678569366,
        38.63068643440617,
        34.23754538054369,
        27.058942919975557,
        70.25566173846119,
        68.77882279053792,
        67.30198384261469,
        64.34830594676819,
        59.07049293730814,
        58.304804993586096,
        56.00796190752032,
        52.188692989551825,
        54.52347349914011,
        53.457234703179225,
        51.9340364232351,
        50.41083814329098,
        22.07134642668139,
        18.428668917550652,
        15.183486387471035,
        12.791343120314451,
        32.85729709500878,
        31.37634382758216,
        29.905414721326416,
        28.432059648289805,
        40.368652806620574,
        38.916198294780294,
        37.469224624988705,
        36.02835067734579,
        30.934464609577017,
        25.31279171898634,
        20.814134203560496,
        20.160959076155816,
        58.67843744557831,
        57.95976343631597,
        55.80374140852889,
        52.21037136221712,
        41.70729126191165,
        40.195673389146656,
        38.70012426527785,
        37.27261652859145,
        27.859280837060656,
        27.102256662495083,
        26.34523248792951,
        24.83118413879836,
        48.80097450125763,
        47.838392386112076,
        46.875810270966525,
        45.91322815582097,
        46.71049718048366,
        45.96829431191526,
        44.49974163232238,
        41.58057546864504,
        52.3029128732855,
        51.540957825526775,
        50.0302682781223,
        47.06192775917036,
        54.5457954528537,
        53.78461112392002,
        52.25902721439251,
        49.20785939533747,
        35.11553388376845,
        34.332563896428596,
        32.76636204495705,
        29.633211595246397,
        14.811624694518295,
        14.161192046365136,
        12.860185539916854,
        10.100210839190721,
        35.860735439045,
        34.159253329908566,
        30.787266698278327,
        29.11471697835416,
        40.16784125955357,
        38.63661950469016,
        34.04747870758901,
        26.44935871337024,
        51.37267175784865,
        48.867058793543634,
        44.694533201008625,
        36.36022944192214,
        71.82855911051587,
        70.39130380203441,
        68.95404849355296,
        66.07953787659004,
        78.22392390858043,
        76.74606825945594,
        75.26821261033146,
        72.31250131208247,
        78.22392390858043,
        76.74606825945594,
        75.26821261033146,
        72.31250131208247,
        80.41812865753793,
        78.74727249313732,
        77.07550568580811,
        73.73197207114971,
        76.79724344218698,
        75.12575744986101,
        73.45458138679945,
        71.78696074746324,
        30.14661568891974,
        54.527098605106495,
        31.934122366510575,
        30.06493614198404,
        24.733736474929053,
        17.684481342787777,
        30.677222325958237,
        29.144694117005667,
        27.6121659080531,
        26.079637699100534,
        38.504823416378926,
        36.97480494420539,
        35.44430024962707,
        33.9216431863169,
        38.694310656451734,
        37.18541091552832,
        35.67651117460491,
        34.17003646531001,
        43.76588661210164,
        42.32782046788469,
        40.88849374551621,
        39.44873571535898,
        58.04311775249823,
        56.511433632494466,
        54.97974951249072,
        53.44806539248696,
        48.0690640306572,
        46.53784227579378,
        45.00662052093037,
        43.47539876606697,
        52.8306499338881,
        69.16617222636198,
        69.16617222636198,
        29.714783599151556,
        28.6880835806171,
        26.793116332720142,
        24.927606336791964,
        81.91085811923865,
        80.24079585156139,
        75.23060904852962,
        66.88420155743053
    ],