{
    "R2_score": [
        -1.1453798105376483,
        -1.053075930341424,
        -1.4979711660552901,
        -0.8440102795485247,
        -1.94211444290332,
        -0.6759426999575882,
        -3.9145727033595374,
        -1.4176413315693415,
        -2.0184068269267224,
        -4.455908859853844
    ],
    "MAE_score": [
        227.33765768330167,
        96.235852844491,
        167.374222116888,
        461.5980672016593,
        280.42479166755896,
        219.05400486886683,
        197.5281488244882,
        161.5001087463143,
        251.4673676207981,
        310.144557995312
    ],
    "RMSE_score": [
        295.9686047462748,
        118.70667446944694,
        208.3927122723502,
        679.098181228953,
        340.7752432230729,
        331.55728752397516,
        220.33135468381718,
        207.99558281437407,
        304.4146637618223,
        341.27468808457786
    ],
    "y_predict": [
        36.80785381253697,
        36.15571925868382,
        35.50344326915651,
        34.8511672796292,
        29.35905500685153,
        28.016024665431246,
        26.681159065172135,
        16.42651888618621,
        53.15503692941986,
        52.502852870538476,
        51.19827666771554,
        47.29160624841161,
        41.431928037102324,
        40.6083814346664,
        39.784834832230466,
        38.13774162735861,
        57.36527407590341,
        57.36378727376554,
        57.36230047162768,
        57.35486646093834,
        70.95866837804968,
        70.95721286664312,
        70.95575735523659,
        70.94847979820386,
        73.05768672682636,
        73.05611625890464,
        73.05454579098287,
        73.04669345137414,
        34.485853983618014,
        32.28715851367836,
        29.396817797220613,
        25.14636550245792,
        23.15180844924874,
        21.84430288788927,
        20.5367973265298,
        15.134683845184536,
        42.002924044931284,
        41.42988298429854,
        40.28380086303305,
        36.8455544992366,
        63.767309911435234,
        62.9451981852758,
        61.30051275945847,
        56.36141302066133,
        49.43374743202682,
        47.86557792931835,
        43.15830734241615,
        35.30596773367988,
        57.839348788311476,
        56.53226924433469,
        55.22517474989401,
        52.61971973592738,
        45.32940622342113,
        44.67097299278822,
        42.704704590999555,
        39.42759058801843,
        46.498631984618434,
        45.5863187244645,
        44.283014067101725,
        42.97970940973895,
        22.28967614427924,
        19.27581297562726,
        16.8565897407991,
        15.075483535982768,
        53.18397890270538,
        51.636051707087475,
        50.08812451146959,
        48.540197315851685,
        24.971685661778658,
        24.188177985505824,
        23.412527719384002,
        22.681833952886265,
        42.12075877821849,
        36.008313542330356,
        29.002395345772584,
        22.08343739088271,
        50.547897860701866,
        49.763813109347616,
        47.40940415062507,
        43.48323434625694,
        76.99268774671047,
        75.53680565795855,
        74.08084057523693,
        72.62440167079461,
        27.451132083621662,
        26.851305611235762,
        26.251479138849863,
        25.046844459794116,
        56.50009821476939,
        55.71617803878741,
        54.93225786280542,
        54.14833768682345,
        46.95407955544259,
        46.18745854859524,
        44.65259733696524,
        41.58667007182322,
        45.71347571170192,
        44.97027066481239,
        43.483659316919045,
        40.54082896477996,
        52.95347258550753,
        52.226659555058006,
        50.77303349415898,
        47.862010796957705,
        31.253604303873516,
        30.674481041028876,
        29.51618373675053,
        27.23093766275613,
        42.18019407986168,
        41.377158097710385,
        39.76393106520703,
        34.920730513961445,
        31.550001845390838,
        30.409778390558817,
        28.12941266171106,
        26.98922979728718,
        30.278350305783864,
        28.784912352148897,
        24.317251954178243,
        17.37741737526402,
        43.76834386867266,
        41.30041017687826,
        37.18267716469861,
        29.031338033426763,
        62.228669987975465,
        60.69380315446557,
        59.15893632095566,
        56.08920265393586,
        61.35878282287838,
        59.81034924293905,
        58.261915662999726,
        55.1649586635838,
        59.76389585626607,
        58.45938768851025,
        57.15487952075443,
        54.54586318524279,
        63.567547093330305,
        62.42146497206481,
        61.27538285079933,
        58.983218608268366,
        68.99174964775895,
        67.41691007226432,
        65.84207049676967,
        64.26723092127503,
        28.13546330120056,
        48.04618822794812,
        29.299535579850225,
        27.840450367267874,
        23.754940357333723,
        18.42513893756298,
        32.81449287651087,
        31.36659696028802,
        29.918683886890722,
        28.46990864079304,
        43.23125527980696,
        41.68211827819812,
        40.155198679696426,
        38.62714085989147,
        35.97362490473873,
        34.41693400441515,
        32.86226116649631,
        31.322968709681742,
        38.24570071250801,
        36.68413516287375,
        35.12780629283948,
        33.5901652206513,
        56.36324523583548,
        54.71615203096362,
        53.06905882609176,
        51.4219656212199,
        49.28626250120993,
        47.64153801174168,
        45.99681352227343,
        44.35189870903519,
        49.75424445546723,
        64.45756758941825,
        64.45756758941825,
        14.941672631096335,
        14.511562140839704,
        13.791373791217325,
        13.167684952044025,
        77.45437434524288,
        75.99763768028006,
        71.62742768539158,
        64.33817827011606
    ],