{
    "R2_score": [
        -0.4598799395358,
        -0.6987773615155688,
        -0.7135593959742692,
        -2.2579276500025443,
        -0.7305925550755505,
        -1.581316914516424,
        -3.1814815333136526,
        -0.7812331010890894,
        -1.3604991577643002,
        -1.1759913588400703
    ],
    "MAE_score": [
        182.22849397858326,
        338.58532550465424,
        232.56849885893664,
        281.8676229946776,
        285.2734743962903,
        234.12203594487696,
        223.23945789101126,
        191.26580114393795,
        207.0374730464691,
        228.83059741286252
    ],
    "RMSE_score": [
        292.07662576900333,
        510.1900317283779,
        343.72875711932716,
        336.7691998154362,
        425.3250950419191,
        304.07735734747115,
        255.1528055044418,
        263.56720766710595,
        262.09262656857277,
        302.14151433218973
    ],
    "y_predict": [
        45.712874823361396,
        44.350734178214445,
        43.28669922878766,
        42.812326798820806,
        31.085216074065965,
        31.440726556484524,
        28.87820882062446,
        17.088397204137628,
        64.89941686814834,
        55.96938506345165,
        59.95117386846584,
        49.359957509177804,
        38.53622801375137,
        40.66349765286224,
        38.94871330681437,
        38.53785065482232,
        70.29001498064837,
        72.76842618702996,
        57.39806126858366,
        70.28002494923193,
        71.8876326076205,
        73.40349900702016,
        56.75293755645893,
        55.11138368046192,
        70.29001498064837,
        55.11926643711367,
        56.75293755645893,
        56.74640282909216,
        89.41145430746894,
        66.95545809116689,
        63.928202830666855,
        79.16727824952603,
        33.876948542453796,
        31.01288098409177,
        29.644583188424892,
        23.578633241110094,
        44.91639089875942,
        48.543239613501655,
        46.794725877670686,
        38.757301448135586,
        61.2078807865847,
        62.961511609985315,
        62.685862054963835,
        55.59514455089762,
        48.764137603695346,
        47.36932931403647,
        39.68110824036702,
        33.42136147752969,
        70.36156382308228,
        68.89042951973867,
        67.1151976294961,
        63.3034212982404,
        48.88344601058643,
        49.127167003678736,
        46.645366557209016,
        40.49144429812218,
        46.10986794820563,
        49.28151939733454,
        47.660641306687246,
        46.01410534672026,
        23.567938254479813,
        21.740114788125613,
        23.7017893207655,
        22.64797780381752,
        62.46815160290095,
        51.037365790085005,
        49.52438995119639,
        58.83624692797508,
        39.55241404805766,
        38.105919315114924,
        40.523971101920075,
        36.029484885915245,
        42.702795135884806,
        36.367508150897116,
        30.06332164024405,
        14.138733286594663,
        49.67814571166063,
        46.17788343152697,
        45.235324531583686,
        40.97745705733797,
        76.26503461862909,
        65.00309650096023,
        73.82675992349483,
        71.86598559561845,
        25.341861061414644,
        25.48044237748539,
        24.050997155451046,
        30.198562810654845,
        55.35777225586967,
        54.28621796152255,
        55.03619248996177,
        52.66381380607057,
        46.138793227532126,
        38.464373197367614,
        36.95298847175072,
        43.75641343825782,
        57.16121153323439,
        52.178990962755066,
        50.75535119021079,
        48.5714806047461,
        56.29376750706756,
        55.5710036853097,
        51.46148685370184,
        48.5714806047461,
        34.83962665498581,
        34.65629820896295,
        31.039552438732237,
        29.32807267319278,
        47.67785657231417,
        42.57863580912732,
        44.285809960545535,
        40.06185672432585,
        30.37264659163461,
        29.10758428639445,
        25.93906062098031,
        24.68444671086876,
        40.96942842147585,
        39.891813898545564,
        35.51242217309524,
        21.065849209901558,
        43.39505269611351,
        40.57803056438659,
        35.84560543751592,
        27.683607071746742,
        56.80161616053324,
        61.53243070772781,
        53.77222983598747,
        56.15335216103909,
        62.62185077037975,
        69.04847892882246,
        66.85081707891374,
        63.87421973015806,
        70.99025631946708,
        70.2168834660312,
        67.11913814102788,
        56.01337418027357,
        71.9722278625138,
        59.73649514068124,
        67.21756618286751,
        65.1987934448559,
        60.549987406445354,
        67.8225189739915,
        57.94443735492217,
        64.91635930141271,
        23.741612417755565,
        44.27401501471587,
        50.326525293502044,
        58.15250014748998,
        54.18236705420292,
        46.09195323739299,
        28.836777162679095,
        31.039552438732237,
        31.838423793263722,
        28.891725142214973,
        40.3126343211176,
        35.78571449685744,
        40.63049660155198,
        39.29476491612332,
        34.46393565024384,
        34.696675796587,
        36.22284544066894,
        34.429747133384794,
        42.02969542220572,
        39.802936564939074,
        38.79945179776539,
        36.211778079559195,
        56.300515472364935,
        54.07881876657394,
        53.62221912284599,
        51.20084537525633,
        40.227013049620574,
        47.510321721322235,
        38.22742248470639,
        41.05185686757826,
        48.18692840861868,
        64.11079222336635,
        56.525554692362505,
        26.545960065825657,
        22.2185986316111,
        20.888820844737406,
        23.998679818593846,
        76.03783447602196,
        73.86190555348385,
        61.00601818289859,
        61.976688991541955
    ],