{
    "R2_score": [
        -2.094539945607203,
        -1.0942701591835355,
        -1.579064269535409,
        -2.3774144378911375,
        -2.7074082177445042,
        -0.8649710078885586,
        -2.6906392408343485,
        -1.17122099399753,
        -1.1676419436701524,
        -0.6079664479515572
    ],
    "MAE_score": [
        208.34116365352793,
        167.0230712857782,
        208.22708657335994,
        235.2916882324881,
        242.18125783730042,
        193.46800940250895,
        205.97626078469435,
        200.63552021718144,
        205.6443791577375,
        173.59008140332728
    ],
    "RMSE_score": [
        243.77553288247015,
        214.79541423334206,
        257.76676860817224,
        275.1374794426149,
        276.37853926329655,
        267.41801679147056,
        240.0741998692234,
        271.8974768999753,
        282.68885165162305,
        261.5292127886149
    ],
    "y_predict": [
        44.969487172608986,
        34.58675628205658,
        43.211437653423104,
        33.13105762640167,
        28.72041886170861,
        14.609475548124527,
        25.724477258489337,
        6.001457200996409,
        69.70623393012598,
        52.798945575784906,
        66.7307914905187,
        58.80743020154388,
        47.543179491554866,
        46.22746432974924,
        43.93276514672731,
        34.01407297609736,
        70.27960435972183,
        65.35230523064934,
        70.2765575643347,
        70.26894057586688,
        27.450900270274865,
        21.111092609554593,
        26.213910941439927,
        18.04451267707408,
        51.70485212149417,
        53.918767329828086,
        53.19926086481832,
        44.394009111697216,
        69.96120781109119,
        66.37228751384427,
        64.84630567322421,
        48.872084831206614,
        54.0454758708914,
        50.37890730362646,
        34.755110630128414,
        26.922535745048616,
        71.81399521210581,
        55.75483503441511,
        54.46560652715808,
        64.35852045525215,
        57.73004773071385,
        47.60257018118244,
        45.45754004572489,
        41.638205034580864,
        54.293724547514365,
        54.38596444528631,
        40.3237173333016,
        50.63875952255837,
        22.584463287433994,
        20.658040273563284,
        16.64144228372291,
        20.354776044278893,
        58.52422941105004,
        36.539271370952854,
        36.07294148381289,
        54.647301593394964,
        17.66837535127912,
        19.03755236285991,
        17.54800118564256,
        24.26478869277358,
        20.6811271366787,
        25.25991297140642,
        20.057717728764647,
        5.808139696436392,
        57.73004773071385,
        58.25294101908158,
        54.96687619139662,
        51.77924619981882,
        41.85050282691417,
        36.607854568873506,
        39.1027024684259,
        36.71332872293867,
        27.47907658094834,
        26.285047376684428,
        27.302315672525996,
        25.8553851920315,
        58.66901444063822,
        47.59119927598475,
        46.8845358721539,
        57.22944274376577,
        39.86894057947517,
        47.8402726904456,
        36.89610596746935,
        37.67648952395071,
        49.00341228126617,
        53.40732175226224,
        46.92818315261236,
        49.46257985136605,
        44.5175060718911,
        49.54808968205757,
        42.36971506569106,
        45.17693757413738,
        34.78889665761608,
        36.11861046643469,
        32.09312162110821,
        31.722439743797146,
        15.490695401586457,
        14.53366495741164,
        14.107058951018653,
        9.63747364932208,
        37.28807945367018,
        34.40869558509866,
        30.229007143634423,
        28.736512438568493,
        38.974772705253876,
        28.95051166636724,
        32.18044247013033,
        14.915369870030375,
        40.9811368855891,
        38.97570499190627,
        46.409854341930966,
        28.234560173897837,
        58.194364765206736,
        56.615798129074854,
        55.20863100448624,
        66.05356500074322,
        79.4497236447498,
        79.24502395535505,
        76.27598714846769,
        73.74282845925399,
        80.3682338380571,
        77.95764775074952,
        77.20170391868807,
        74.03287711079518,
        63.50090836492867,
        77.8642263766989,
        77.23700323160995,
        57.362282621348854,
        76.24608921692685,
        61.07943868149303,
        72.29606596659019,
        68.83372383981485,
        35.26454215068624,
        50.74456039317478,
        56.26638315859228,
        49.85324664370594,
        49.082118788006845,
        21.46368609537965,
        33.511709879585794,
        34.55810871240032,
        31.955942650311265,
        31.429185288781913,
        39.71054574210204,
        37.6647697389536,
        27.329762656024144,
        32.79294256504489,
        38.29399736978845,
        35.10799515551652,
        32.56868143830492,
        31.658811254038657,
        49.8961440978438,
        47.954556332720095,
        39.2224252908194,
        42.27854166690984,
        57.76708758799616,
        56.397579279324674,
        54.94238882601073,
        53.47368238298245,
        36.62990148451389,
        44.95636294006276,
        33.61151868487646,
        43.31823854265906,
        43.54486710703073,
        54.284788267960906,
        70.58701025377181,
        30.417502142360195,
        25.274553735927498,
        24.55678214587852,
        25.902239808321397,
        83.53686268258657,
        64.63678091473597,
        60.20017331193283,
        68.2191298717517
    ],