{
    "R2_score": -1.2180071153174516,
    "MAE_score": 209.46864437176384,
    "RMSE_score": 268.4901906981639,
    "y_predict": [
        80.77197187295285,
        43.74473995812016,
        13.535651095989355,
        59.6372028587366,
        21.210442904806694,
        45.161133110048624,
        71.47375530297454,
        68.92443424650995,
        42.83932526310528,
        37.37859836225924,
        42.675471849156764,
        71.47375530297454,
        55.51285190478939,
        16.425139504770783,
        73.77267804949116,
        51.96129567940985,
        71.47375530297454,
        39.36324510264446,
        53.338584656576344,
        70.43745124148037,
        18.307807308877045,
        51.457398789411634,
        23.27742959787959,
        29.21280312911704,
        22.620760644046964,
        78.44767427244716,
        19.609725856327174,
        44.504768571371095,
        31.124351480727515,
        16.36222542082289,
        67.24927351882864,
        55.49023935329592,
        57.452596835206535,
        34.66260949351822,
        32.755536351142766
    ],
    "y_true": [
        706.7,
        100.0,
        101.7,
        396.0,
        512.3,
        162.0,
        581.6,
        455.0,
        112.0,
        97.9,
        326.9,
        422.0,
        232.0,
        297.8,
        355.6,
        377.13,
        394.7,
        73.8,
        59.7,
        65.0,
        381.4,
        31.9,
        62.32,
        64.8,
        368.7,
        473.7,
        82.5,
        11.6,
        287.4,
        98.3,
        352.5,
        423.0,
        131.0,
        60.3,
        170.0
    ],
    "features": [
        "Binder_Type",
        "CC_Electrical_Conductivity",
        "Current_Density",
        "E_Anion_Radius",
        "E_Ionic_Conductivity",
        "Is_Binder",
        "M_Density",
        "Morphology_Encoded",
        "Potential_Window",
        "Synthesis_Method"
    ]
}