{
    "R2_score": -0.5376853152279961,
    "MAE_score": 224.72200259042103,
    "RMSE_score": 349.0921900178533,
    "y_predict": [
        48.53595281457512,
        68.4106390080054,
        67.68219165573664,
        45.49129963143219,
        28.46437519425921,
        69.38068417476316,
        62.41717270028877,
        37.67406446880012,
        24.361537961350727,
        67.28115875140963,
        69.372777812967,
        47.480998061735,
        28.186097095346557,
        30.892749637082932,
        32.393424542775755,
        63.16387588729499,
        36.12012872247256,
        88.27104915228577,
        61.28992750013775,
        41.00621503578192,
        47.33864997929242,
        30.982501952739103,
        33.876540882531856,
        25.482713993500713,
        49.9942325807685,
        53.754197953894696,
        37.26906879074582,
        72.61089375459534,
        30.711231288829236,
        36.00005528534847,
        43.716583455758574,
        44.36181937483643,
        73.7584147607833,
        71.48071547371623,
        69.37842521424999,
        30.436744725253778,
        40.49776511028951
    ],
    "y_true": [
        232.0,
        565.3,
        310.0,
        112.0,
        64.8,
        1074.5,
        455.0,
        326.9,
        227.0,
        473.7,
        340.3,
        405.0,
        100.63,
        98.5,
        163.9,
        6.0,
        45.4,
        1440.0,
        434.0,
        66.5,
        140.0,
        334.0,
        41.8,
        98.3,
        188.8,
        235.0,
        58.1,
        67.6,
        93.4,
        104.2,
        294.1,
        100.0,
        329.0,
        27.2,
        413.6,
        109.9,
        334.9
    ],
    "features": [
        "CC_Thermal_Conductivity",
        "Current_Collector",
        "Current_Density",
        "E_Bare_Anion_Radius",
        "E_Cation_Radius",
        "Is_Binder",
        "M_Density",
        "Morphology_Encoded",
        "Potential_Window",
        "Synthesis_Method"
    ]
}