{
    "R2_score": -0.5131574850637728,
    "MAE_score": 261.3314626563339,
    "RMSE_score": 415.4706233740422,
    "y_predict": [
        72.43346587100672,
        60.63604574913564,
        39.814517964650435,
        39.93621914946854,
        50.48053243353849,
        38.13655711599607,
        72.44488109635148,
        42.50370567944309,
        40.1156607154559,
        52.66282876279074,
        54.29002702005511,
        40.19743397240272,
        40.836390641217974,
        62.264136780276445,
        47.56927090694686,
        72.44488109635148,
        63.59932670339556,
        23.24492556043741,
        72.33455279802479,
        50.164226288844006,
        36.94703954613821,
        63.338764112498964,
        57.005431541468134,
        84.79119276833717,
        62.60973552236089,
        60.07727115685248,
        31.256023647756862,
        72.44161960339585,
        49.02456256704544,
        33.07000515909954,
        21.400397270172512,
        43.531880131620184,
        27.190672593329356,
        64.26988076617648,
        58.19170255926821,
        88.05268572398364,
        62.264136780276445
    ],
    "y_true": [
        399.7,
        352.5,
        60.3,
        62.2,
        115.0,
        198.0,
        548.0,
        94.6,
        97.9,
        188.8,
        215.28,
        22.1,
        87.23,
        276.0,
        220.0,
        1074.5,
        6.0,
        193.6,
        67.6,
        232.0,
        11.6,
        419.13,
        201.8,
        1340.0,
        455.0,
        333.94,
        750.1,
        528.8,
        216.0,
        109.9,
        98.3,
        88.0,
        82.5,
        422.0,
        92.9,
        1440.0,
        308.0
    ],
    "features": [
        "CC_Thermal_Conductivity",
        "Current_Collector",
        "Current_Density",
        "E_Bare_Anion_Radius",
        "E_Cation_Radius",
        "Is_Binder",
        "M_Density",
        "Morphology_Encoded",
        "Potential_Window",
        "Synthesis_Method"
    ]
}