{
    "R2_score": -1.5029874329018096,
    "MAE_score": 190.04075180713954,
    "RMSE_score": 231.68921850282607,
    "y_predict": [
        49.37181827717746,
        43.13109715902781,
        47.30694796365282,
        26.467921373064144,
        57.82968027214205,
        26.15947860179001,
        45.31734003665098,
        31.686276268688612,
        59.28873769062028,
        39.78421557600153,
        68.26657839764215,
        39.93717790260781,
        52.349227810489545,
        63.197215949827715,
        58.5741860148545,
        63.2508380374389,
        26.86090665313592,
        17.838880795553656,
        49.52155816075233,
        40.43729001467824,
        29.78858659057402,
        41.53676718445859,
        31.97198648424408,
        64.4104156887674,
        41.11998349364746,
        45.31734003665098,
        31.431194169736052,
        65.23989683454239,
        65.25010055563183,
        25.287409608214556,
        62.95135827028916,
        65.24718520674912,
        34.60186080827155,
        28.27039551277535,
        54.91084527877919
    ],
    "y_true": [
        140.0,
        149.0,
        310.4,
        118.4,
        333.94,
        82.5,
        240.6,
        198.0,
        354.8,
        377.13,
        565.3,
        260.4,
        131.0,
        25.0,
        325.0,
        455.0,
        287.4,
        94.6,
        423.0,
        11.6,
        118.4,
        211.8,
        58.1,
        391.6,
        59.7,
        221.9,
        66.5,
        145.9,
        548.0,
        64.8,
        352.5,
        355.6,
        235.0,
        93.4,
        305.0
    ],
    "features": [
        "CC_Electrical_Conductivity",
        "CC_Thermal_Conductivity",
        "Current_Density",
        "E_Anion_Radius",
        "E_Ionic_Conductivity",
        "Is_Binder",
        "M_Density",
        "Morphology_Encoded",
        "Potential_Window",
        "Synthesis_Method"
    ]
}