{
    "importance_mean": [
        0.31464299452357664,
        0.17826409109478258,
        0.11181895209057206,
        0.09185251335785113,
        0.0700178919013982,
        0.05456907029900776,
        0.047021001814254046,
        0.01992933277444452,
        0.011561147359741106,
        -0.009969375348804535,
        -0.013947645289956043
    ],
    "importance_std": [
        0.34000254582122086,
        0.3425844674981581,
        0.16486137137712467,
        0.15289521242160536,
        0.19247367866493809,
        0.07115589573291747,
        0.14284690609994924,
        0.10801688244164312,
        0.03545765334431627,
        0.0952870417910868,
        0.12117392738543711
    ],
    "features": [
        "Current_Density",
        "M_Density",
        "Morphology_Encoded",
        "Potential_Window",
        "Binder_Type",
        "Is_Binder",
        "Current_Collector",
        "E_Cation_Radius",
        "Synthesis_Method",
        "CC_Thermal_Conductivity",
        "E_Bare_Anion_Radius"
    ]
}