{
    "importance_mean": [
        0.24316911437268734,
        0.15981202701293817,
        0.13064068348130936,
        0.11426790596539049,
        0.10115459801958504,
        0.09354136904086273,
        0.05661553965268873,
        0.05590029683576232,
        0.0510937738657675,
        0.04454759853875641
    ],
    "importance_std": [
        0.23709058993149257,
        0.19830941843299812,
        0.20265580152255033,
        0.2609045006038861,
        0.0958804840247988,
        0.07212770781142262,
        0.06562298843852697,
        0.16329165820268118,
        0.10907560576025516,
        0.06287767090464318
    ],
    "features": [
        "Current_Density",
        "Potential_Window",
        "Synthesis_Method",
        "Is_Binder",
        "Binder_Type",
        "M_Density",
        "CC_Electrical_Conductivity",
        "Morphology_Encoded",
        "E_Ionic_Conductivity",
        "E_Anion_Radius"
    ]
}