{
    "importance_mean": [
        0.2455870736825411,
        0.17434571839696328,
        0.16109355929963085,
        0.11171891356531498,
        0.10653002698305256,
        0.10233606805576483,
        0.07867196126876884,
        0.07209626914212969,
        0.0637553460600765,
        0.02081047153990874
    ],
    "importance_std": [
        0.1397691996374607,
        0.11350525979312809,
        0.1659029084927702,
        0.04682643108853442,
        0.06783837800381134,
        0.05297203684668384,
        0.058492280422578834,
        0.018576041970819558,
        0.04846181580903275,
        0.01447107709805833
    ],
    "features": [
        "Current_Density",
        "Morphology_Encoded",
        "Is_Binder",
        "Potential_Window",
        "E_Ionic_Conductivity",
        "Binder_Type",
        "M_Density",
        "E_Anion_Radius",
        "Synthesis_Method",
        "CC_Electrical_Conductivity"
    ]
}