{
    "importance_mean": [
        0.4680509006734809,
        0.3744945274743247,
        0.1746360141179661,
        0.14148208459403622,
        0.10933705430886127,
        0.09271274267282878,
        0.04301806015145338,
        0.0368048977289437,
        0.036392806373450826,
        0.02993758949242939
    ],
    "importance_std": [
        0.3689950152509369,
        0.3252475092397947,
        0.10680096423163558,
        0.06831575899582512,
        0.07933632727739298,
        0.09258145823513232,
        0.030451072125496928,
        0.05225371754998231,
        0.016299979616957984,
        0.02603333782817006
    ],
    "features": [
        "Is_Binder",
        "Current_Density",
        "M_Density",
        "Morphology_Encoded",
        "Potential_Window",
        "CC_Thermal_Conductivity",
        "E_Bare_Anion_Radius",
        "Current_Collector",
        "Synthesis_Method",
        "E_Cation_Radius"
    ]
}