{
    "importance_mean": [
        0.28161380125291585,
        0.27465252668212553,
        0.20284834427298162,
        0.08034991035123444,
        0.07166770911086483,
        0.04058584947743335,
        0.03766144378851375,
        0.020930327429818936,
        0.017480506585149175,
        0.01425199180546289
    ],
    "importance_std": [
        0.05152467603699497,
        0.05822907370286208,
        0.038680961841854336,
        0.017525032431565724,
        0.017870940437011366,
        0.012724118659284094,
        0.01580963216971685,
        0.016726731986969844,
        0.009707778354418068,
        0.005675507282976519
    ],
    "features": [
        "Is_Binder",
        "Current_Density",
        "CC_Thermal_Conductivity",
        "Current_Collector",
        "M_Density",
        "Potential_Window",
        "Morphology_Encoded",
        "Synthesis_Method",
        "E_Cation_Radius",
        "E_Bare_Anion_Radius"
    ],
    "R2_score": 0.876758506035466,
    "MAE_score": 83.62387234727575,
    "RMSE_score": 118.57052245928986
}