{
    "importance_mean": [
        0.19996781980518646,
        0.1793404181220169,
        0.11838538438588503,
        0.1166575876763783,
        0.10224962213353202,
        0.05903946282380678,
        0.044554157177493295,
        0.025649122569259906,
        0.019356772126601463,
        0.0
    ],
    "importance_std": [
        0.11555976860476366,
        0.061929133617877205,
        0.037857848518025206,
        0.06690436299005029,
        0.045526689894239025,
        0.042453958863405,
        0.0226214343841353,
        0.011842027903142429,
        0.01338320962621713,
        0.0
    ],
    "features": [
        "Current_Density",
        "Potential_Window",
        "Morphology_Encoded",
        "M_Density",
        "Synthesis_Method",
        "E_Anion_Radius",
        "E_Ionic_Conductivity",
        "CC_Electrical_Conductivity",
        "CC_Thermal_Conductivity",
        "Is_Binder"
    ],
    "R2_score": 0.6993816236675039,
    "MAE_score": 51.99559210472169,
    "RMSE_score": 80.29421425401125
}