{
    "R2_score": [
        0.5378794255898482,
        0.48959149063328156,
        0.4466191443136919,
        0.8248506469468238,
        0.3675521552802996,
        0.669796853527693,
        -0.27295669806436185,
        -0.05698281261803717,
        0.7223271250634709,
        0.5172179641817778
    ],
    "MAE_score": [
        94.8385573909396,
        109.63485266548274,
        89.90995042538916,
        78.85672465181317,
        69.89892762600591,
        32.95607163746557,
        126.03773421933222,
        149.0824000632354,
        87.87673557703256,
        47.31718088365486
    ],
    "RMSE_score": [
        103.74642660331506,
        146.72030158602152,
        114.72714836659652,
        94.86164030673783,
        94.97687097711004,
        36.858558743352525,
        140.31548994724494,
        185.38004245099492,
        104.77556661328974,
        60.19053635143056
    ],
    "y_predict": [
        211.67589827388366,
        171.99055396568784,
        156.56587498239983,
        133.20101906761494,
        298.2396421851057,
        218.1582273875715,
        187.62462118365255,
        193.3164653828087,
        367.3377713474013,
        300.68658810624413,
        262.99966779112617,
        226.92841456564884,
        277.0526982767615,
        257.5548536223531,
        236.06606649348527,
        224.8689165110568,
        335.86862623649586,
        335.86862623649586,
        335.86862623649586,
        335.86862623649586,
        440.3327236754709,
        441.5127755978357,
        465.208644425257,
        369.9607587077073,
        266.5459508150961,
        191.45725726376148,
        249.8106520151342,
        264.8276430487047,
        351.79594818109484,
        302.14605129157604,
        327.21665558684873,
        339.0493281055333,
        202.57807240399885,
        167.87036431548094,
        148.71970840104603,
        148.62950328838633,
        242.7370993408473,
        190.09045530530886,
        159.5292510512855,
        167.8418274542258,
        291.05958321297953,
        230.01421444827287,
        167.8640301356402,
        128.94643978843325,
        362.6257962817833,
        272.4517461388154,
        233.44464144838363,
        215.56508262925166,
        290.181542616726,
        250.86806743559586,
        250.86806743559586,
        250.4620054128756,
        161.30907282547338,
        105.61763449776711,
        82.30725289912846,
        79.865915395516,
        211.00220936909977,
        164.38084242935227,
        153.93881408602698,
        131.0690577625645,
        238.5683755489866,
        95.20849788727912,
        86.1321726308951,
        59.359877258989314,
        309.7504482165788,
        242.9572984604169,
        150.59732019002706,
        106.77539566527469,
        296.8716661705861,
        249.7527603796839,
        238.86986812467742,
        236.15029193644938,
        391.39466122719307,
        353.01610681880567,
        359.8849686986764,
        384.890724655134,
        338.8655142865499,
        318.0966980076689,
        273.8294659192312,
        255.5557947461621,
        252.92515707672263,
        194.61672658107585,
        170.02546614875519,
        142.12889654538026,
        353.4638196668369,
        327.55306464820256,
        306.00849310728455,
        277.7026514521404,
        262.5629166497716,
        226.25888102856092,
        190.4636610984423,
        159.8628198565782,
        241.6737381484853,
        109.00352237612773,
        80.67125720124687,
        64.13557445410854,
        269.33802015662184,
        215.0634572469422,
        197.62011856140208,
        190.81036089528607,
        208.88146428801574,
        176.96112054831016,
        141.64934812040116,
        126.31196815156338,
        201.01917230937903,
        142.08464719112595,
        127.87828735171584,
        136.6284064512514,
        261.2589540732667,
        197.07132639047768,
        157.85944844723616,
        119.50128796387467,
        426.74927168161923,
        338.0440482930194,
        304.08381738081175,
        286.248572600115,
        539.800888891602,
        471.27134588325873,
        437.02978517440147,
        401.77771166886055,
        539.800888891602,
        471.27134588325873,
        437.02978517440147,
        401.77771166886055,
        621.0912420809591,
        548.6364524021094,
        513.78090572162,
        497.21192132262047,
        295.0567482994412,
        195.06764686016473,
        167.61453128620278,
        157.11947754890298,
        157.89014478852994,
        191.45725726376148,
        393.4394862431437,
        373.5348914655076,
        332.2861939112785,
        285.12062609567454,
        111.02158769267211,
        75.80330352501917,
        64.73141241397352,
        61.483469432769255,
        61.07707078491245,
        49.139325401332826,
        40.8913680024456,
        36.018887226340524,
        90.08784023447981,
        73.43423377398659,
        62.58617094133308,
        57.50752320467021,
        229.59035354740416,
        198.96760796428464,
        175.41473750203448,
        171.38820464495274,
        288.2817916404065,
        165.40899450127074,
        154.90353912065572,
        156.1257491483268,
        194.99336325474923,
        160.99405005855323,
        154.00632016851748,
        150.8927310134868,
        362.2243591991605,
        384.15283071481974,
        384.15283071481974,
        447.4809483313807,
        458.07741866293077,
        360.11922413837783,
        463.36665159302123,
        299.4415278011834,
        262.3044061222193,
        230.8781963598678,
        200.36653165339362
    ],