{
    "R2_score": [
        0.6829788479954841,
        0.5855755197207317,
        0.736972004596135,
        0.7337232278215695,
        0.6668551574635979,
        0.8943535082197822,
        0.8350829903202215,
        0.8687876785732174,
        0.8317483236309193,
        0.9091590332321289
    ],
    "MAE_score": [
        56.31822617956243,
        51.80141559001788,
        61.40363526303098,
        63.85141291371371,
        60.17847989726543,
        44.03268115810075,
        36.2054201908578,
        42.320232096439184,
        47.0559548595015,
        45.694519222548905
    ],
    "RMSE_score": [
        78.02543306272896,
        95.55014569978341,
        82.31838328459405,
        77.25457691364285,
        82.84869274479576,
        63.647618930312404,
        50.74899173998635,
        66.84062040445377,
        78.75798723630251,
        62.16165792497845
    ],
    "y_predict": [
        206.97012767996313,
        181.37141980444974,
        150.9250357113857,
        118.72823985414493,
        343.2066187121798,
        315.51960138315354,
        235.69085649353931,
        282.7858051698056,
        477.7298132114581,
        403.41773081330166,
        384.1129675693075,
        305.4098488800226,
        261.9060686148015,
        225.2995058352428,
        202.7228087530498,
        195.62969477886858,
        497.2031358278193,
        540.6100876578282,
        497.2031358278193,
        497.2031358278193,
        481.0988159518426,
        477.22725456636704,
        508.6663691571358,
        419.6626412160049,
        450.7024034353227,
        413.9853419905246,
        383.89636615312713,
        260.78327241875644,
        364.91130559186826,
        298.6294816919835,
        328.4116142977864,
        343.05169100854806,
        207.01253013032215,
        186.5195878352093,
        167.91070386756746,
        164.33635227575286,
        171.0429112833855,
        142.2535466084576,
        67.45015872380614,
        54.086600992573665,
        260.89725691994374,
        229.60822841549336,
        161.84302002092306,
        129.29642621405526,
        272.99144569087395,
        267.5248047886317,
        214.99165309042343,
        198.9187812905677,
        473.8003741017093,
        375.7530418212532,
        316.75342199171575,
        378.8220243875789,
        170.4604493398457,
        92.84576980999927,
        55.80043559468075,
        77.22860325369146,
        140.08115169431437,
        84.98792585055392,
        53.5466031044497,
        60.64104652116464,
        177.92127702079023,
        92.73007045906311,
        81.58259845819532,
        78.34885953890083,
        260.89725691994374,
        241.96251297672765,
        153.20480973143333,
        108.76189454329912,
        197.34165685041398,
        200.2478072906358,
        70.61823748028559,
        72.36269160377009,
        558.2911618341518,
        579.3493887322784,
        487.30648621931573,
        441.2906848872583,
        285.7043269695549,
        261.3966528410043,
        212.02529540935615,
        175.25841738959957,
        277.3900611353476,
        254.58243988476872,
        181.471730525947,
        145.29521547549564,
        344.28283608816116,
        312.70817456988897,
        287.3110745673053,
        260.7728606611546,
        274.8081418835668,
        253.403936954056,
        199.887865558119,
        170.08533304990462,
        229.37534200575192,
        109.09378101485649,
        79.46570653516548,
        63.55362587612416,
        175.4718799585009,
        131.07789381556344,
        105.8721313005542,
        117.42473732089584,
        183.08308849355427,
        124.64349897388792,
        118.75556548832247,
        125.58788867200812,
        169.84112000771063,
        115.29081213649224,
        96.09602176429868,
        95.4629874303246,
        315.9381631755544,
        280.86132224920294,
        235.86207058701126,
        237.74453529107174,
        418.85948084949376,
        341.25413138546884,
        315.2397852732009,
        304.00059363453425,
        560.878544094554,
        507.1187193879337,
        473.9963577314812,
        419.8918545503017,
        618.3084050995444,
        523.6937282121988,
        495.19821541915496,
        481.3077326712994,
        624.4915424333672,
        539.5838489497008,
        500.47473124947476,
        495.39695446516964,
        208.04238574414842,
        83.32335958026687,
        58.20047853494202,
        49.32474630889095,
        171.34856305804695,
        379.1312031404142,
        211.2373084053545,
        169.06151788751674,
        116.56731751429433,
        133.0345425834231,
        99.66287454460979,
        83.02919459104675,
        68.66207236805437,
        68.42050795133738,
        71.47386316509613,
        55.46278697983453,
        44.63078083191465,
        64.47706303499342,
        85.97325735633981,
        65.86949614290643,
        53.67407702975146,
        52.487200633659484,
        98.26903408926555,
        39.62902813068584,
        27.293306599360847,
        21.591432195799257,
        285.54020642989303,
        168.71523274665773,
        126.11265164485131,
        142.40862512461388,
        169.21566724344524,
        139.61336120265463,
        131.26153529609184,
        122.82661881563807,
        387.1512575546209,
        356.9480883136819,
        338.7183115557795,
        504.3568212190786,
        570.7999529164392,
        402.18461347928144,
        546.1880350982135,
        310.8980074229866,
        319.35409093906986,
        278.1162967488254,
        256.74547406581246
    ],