{
    "R2_score": 0.8867912865150713,
    "MAE_score": 78.12804517578448,
    "RMSE_score": 113.64182090362965,
    "y_predict": [
        263.33705999178284,
        372.5220268042589,
        66.50981387836023,
        96.22648876986034,
        145.0410458636692,
        212.53806568167604,
        918.2166333406195,
        168.19462044766755,
        107.254922018723,
        294.75172350694515,
        324.2468773476825,
        62.97661782818784,
        101.2052667755425,
        383.23199611004264,
        135.97934861035958,
        918.2166333406195,
        91.27625373700221,
        435.4751326875529,
        67.99500328535098,
        316.2696388331057,
        35.760218468465126,
        402.09741832340933,
        265.32263027504587,
        1231.0644519110556,
        438.74362885971834,
        275.2116847309839,
        422.52574874066454,
        382.35694609377805,
        225.87631300882265,
        130.96818105192725,
        59.8509476946021,
        129.1026624580139,
        115.20578605697315,
        493.46064652302425,
        65.35314328423902,
        1352.8458777833239,
        383.23199611004264
    ],
    "y_true": [
        399.7,
        352.5,
        60.3,
        62.2,
        115.0,
        198.0,
        548.0,
        94.6,
        97.9,
        188.8,
        215.28,
        22.1,
        87.23,
        276.0,
        220.0,
        1074.5,
        6.0,
        193.6,
        67.6,
        232.0,
        11.6,
        419.13,
        201.8,
        1340.0,
        455.0,
        333.94,
        750.1,
        528.8,
        216.0,
        109.9,
        98.3,
        88.0,
        82.5,
        422.0,
        92.9,
        1440.0,
        308.0
    ],
    "features": [
        "CC_Thermal_Conductivity",
        "Current_Collector",
        "Current_Density",
        "E_Bare_Anion_Radius",
        "E_Cation_Radius",
        "Is_Binder",
        "M_Density",
        "Morphology_Encoded",
        "Potential_Window",
        "Synthesis_Method"
    ]
}