{
    "R2_score": 0.6323846803454924,
    "MAE_score": 58.074227265271475,
    "RMSE_score": 88.79188805697824,
    "y_predict": [
        357.98347640479017,
        168.3934313675171,
        201.09424297436175,
        197.26756937581982,
        269.237639984809,
        119.16575078323001,
        241.77980771353037,
        202.4541683347154,
        297.03148225547585,
        310.38940607792216,
        626.4690990964976,
        173.1208623004071,
        216.3624938932366,
        43.32257349375314,
        339.15309642275537,
        412.883915214189,
        178.94526078468056,
        154.00607028323068,
        467.2982351086275,
        28.385504341832103,
        112.77489369140253,
        211.8816812828603,
        83.82100976144716,
        309.854759063979,
        74.55196583838466,
        241.77980771353037,
        50.52236718223048,
        496.27691541178166,
        496.27691541178166,
        73.08196747307116,
        330.3984650120695,
        496.27691541178166,
        271.6177304663012,
        78.28962102051821,
        255.58148472036555
    ],
    "y_true": [
        140.0,
        149.0,
        310.4,
        118.4,
        333.94,
        82.5,
        240.6,
        198.0,
        354.8,
        377.13,
        565.3,
        260.4,
        131.0,
        25.0,
        325.0,
        455.0,
        287.4,
        94.6,
        423.0,
        11.6,
        118.4,
        211.8,
        58.1,
        391.6,
        59.7,
        221.9,
        66.5,
        145.9,
        548.0,
        64.8,
        352.5,
        355.6,
        235.0,
        93.4,
        305.0
    ],
    "features": [
        "CC_Electrical_Conductivity",
        "CC_Thermal_Conductivity",
        "Current_Density",
        "E_Anion_Radius",
        "E_Ionic_Conductivity",
        "Is_Binder",
        "M_Density",
        "Morphology_Encoded",
        "Potential_Window",
        "Synthesis_Method"
    ]
}