{
    "R2_score": 0.8240894214600144,
    "MAE_score": 58.29700574474017,
    "RMSE_score": 75.61238453317766,
    "y_predict": [
        524.6569637855831,
        163.31234397908935,
        101.81249357883996,
        307.11565135217535,
        528.1756372693753,
        166.1943253581533,
        431.19066804399284,
        405.5128395456142,
        143.60760739095016,
        135.37538687116216,
        220.40706819954028,
        431.19066804399284,
        256.72277368372596,
        366.6557496678661,
        424.566143543759,
        284.11477739499605,
        431.19066804399284,
        98.36443064099852,
        93.2948662577481,
        190.81170617150192,
        462.30506208754053,
        142.6886927278789,
        61.49533646223958,
        69.6231306626846,
        459.54744920089007,
        504.73838928531546,
        46.13921945300024,
        61.181096062097225,
        145.26789184339648,
        0.9400114149267343,
        351.11901733620954,
        424.29019785318746,
        248.04953783488122,
        66.75851342243074,
        115.5522237404814
    ],
    "y_true": [
        706.7,
        100.0,
        101.7,
        396.0,
        512.3,
        162.0,
        581.6,
        455.0,
        112.0,
        97.9,
        326.9,
        422.0,
        232.0,
        297.8,
        355.6,
        377.13,
        394.7,
        73.8,
        59.7,
        65.0,
        381.4,
        31.9,
        62.32,
        64.8,
        368.7,
        473.7,
        82.5,
        11.6,
        287.4,
        98.3,
        352.5,
        423.0,
        131.0,
        60.3,
        170.0
    ],
    "features": [
        "Binder_Type",
        "CC_Electrical_Conductivity",
        "Current_Density",
        "E_Anion_Radius",
        "E_Ionic_Conductivity",
        "Is_Binder",
        "M_Density",
        "Morphology_Encoded",
        "Potential_Window",
        "Synthesis_Method"
    ]
}