{
    "R2_score": 0.841990478787038,
    "MAE_score": 77.19240479838,
    "RMSE_score": 111.90462285051038,
    "y_predict": [
        323.30993240603317,
        588.612991623504,
        270.4383116829916,
        210.90269885381227,
        60.03499288838207,
        622.0632001226093,
        385.1574757794953,
        208.3717718544815,
        173.46954615815193,
        526.7100339216464,
        316.3583677251092,
        377.09117727112925,
        76.44311642562434,
        39.63235962866719,
        203.33313034471726,
        131.75772054052223,
        70.94634993577682,
        1314.9372281529802,
        355.62867470868514,
        93.48845760926854,
        365.7234029354574,
        238.93946371880216,
        48.58856184837075,
        -29.67443414343406,
        276.1585164779968,
        300.2061426751383,
        84.8726517608688,
        209.37225057266798,
        93.6527608704509,
        55.35920805347873,
        208.6433746857061,
        203.69655269419684,
        328.27976453566185,
        203.77563845523215,
        424.0798906196765,
        118.83786325449115,
        251.66297061124683
    ],
    "y_true": [
        232.0,
        565.3,
        310.0,
        112.0,
        64.8,
        1074.5,
        455.0,
        326.9,
        227.0,
        473.7,
        340.3,
        405.0,
        100.63,
        98.5,
        163.9,
        6.0,
        45.4,
        1440.0,
        434.0,
        66.5,
        140.0,
        334.0,
        41.8,
        98.3,
        188.8,
        235.0,
        58.1,
        67.6,
        93.4,
        104.2,
        294.1,
        100.0,
        329.0,
        27.2,
        413.6,
        109.9,
        334.9
    ],
    "features": [
        "CC_Thermal_Conductivity",
        "Current_Collector",
        "Current_Density",
        "E_Bare_Anion_Radius",
        "E_Cation_Radius",
        "Is_Binder",
        "M_Density",
        "Morphology_Encoded",
        "Potential_Window",
        "Synthesis_Method"
    ]
}