{
    "R2_score": [
        0.6089561781760057,
        -0.46553827256360636,
        0.26862817010077655,
        0.47010683794390873,
        0.5360827236005345,
        -2.8522764188611345,
        -0.11883978986702748,
        -0.0744590323858556,
        0.3974757346596667,
        -1.860128961975926
    ],
    "MAE_score": [
        74.10144399519405,
        176.59748232646228,
        93.25940548326477,
        145.03067011797668,
        64.69084257952086,
        110.56334269883186,
        119.11224648153473,
        139.5923752512827,
        112.03871071036724,
        102.17839754650034
    ],
    "RMSE_score": [
        95.43511675021664,
        248.61643817007266,
        131.89345595152028,
        164.99869863146182,
        81.34404638377767,
        125.89441576219386,
        131.54754674673939,
        186.90630209095403,
        154.34073376179083,
        146.5026465659504
    ],
    "y_predict": [
        212.79537289213064,
        210.21521454994266,
        207.7223574749054,
        205.31225522285303,
        109.12373451480966,
        91.97879562565623,
        74.83385673649713,
        -79.47059326590767,
        302.97762150180364,
        297.503691722984,
        287.46996512709796,
        265.0002818746591,
        267.13025092996935,
        262.5441179271574,
        258.19171658347807,
        250.18810887351694,
        240.36041398658108,
        240.34207847931143,
        240.3237418021618,
        240.2320409105906,
        172.47676942905173,
        163.80925970791696,
        160.01477737795824,
        197.47040543639474,
        245.5943332868428,
        238.16181650946143,
        224.50664962810637,
        201.4751971100738,
        393.3527587585324,
        389.8491201865045,
        381.01369368756104,
        346.52733305842946,
        222.71817549275357,
        205.5732366035981,
        154.13841993612408,
        68.41372549034139,
        282.2212735388672,
        267.8251669724858,
        253.4290604061065,
        224.63684727334396,
        188.95909605879348,
        182.5447182803152,
        164.70397489967536,
        139.64403578125965,
        283.0505603804569,
        267.0032611352726,
        244.30023808074705,
        223.34583071195527,
        202.24470240092896,
        202.7940368268851,
        204.07082710326694,
        206.1278731350464,
        159.77316793862468,
        142.6282290494816,
        125.48329016032284,
        108.33835127117567,
        70.46428776653818,
        40.492755830874074,
        12.538091052935016,
        -13.43327429503563,
        200.60029485195236,
        137.90596873256393,
        152.91608096520002,
        264.0499145483468,
        187.17497524889126,
        176.73015230254768,
        148.85307649117848,
        121.8014413681471,
        252.60175485103525,
        239.30934116432982,
        226.80099088742992,
        215.98003702924916,
        215.58463244682213,
        212.44678448959922,
        209.998742556917,
        207.48111937116545,
        246.91100329827583,
        243.9256847168582,
        241.07137399750215,
        238.348169186147,
        85.31351657253038,
        78.1154632893323,
        63.71935672295422,
        34.92714359019203,
        333.82137881286246,
        326.47413007968186,
        310.1339468302168,
        274.9336802702012,
        255.59786631864068,
        244.81469903601018,
        223.1797116674196,
        184.68822428629886,
        122.0705073898189,
        111.02988226576099,
        91.13507551711626,
        64.93795449140913,
        165.71947450166692,
        157.96955400507974,
        144.1286650537917,
        122.48367597612517,
        138.31188274255396,
        122.88522665701234,
        94.9310837420056,
        82.40359691253977,
        261.3735385846639,
        253.6418415790333,
        236.05631038132225,
        225.445624449073,
        235.32559442000084,
        214.32274558257075,
        184.1499462803134,
        141.9241555262718,
        414.42352977182236,
        397.9635731071189,
        380.07766813299384,
        344.4371880935146,
        418.36278994321253,
        403.96668337681433,
        389.5705768104325,
        360.77836367766065,
        418.36278994321253,
        403.96668337681433,
        389.5705768104325,
        360.77836367766065,
        466.3150739031002,
        449.1777394712411,
        433.00679479140865,
        403.56407468781754,
        257.6242247225366,
        237.91965249935868,
        219.18147002820567,
        201.40967730907803,
        240.50548081877213,
        238.16181650946143,
        275.0102517097105,
        253.42765920199068,
        193.91296283080533,
        116.12726022005842,
        108.50940947130982,
        93.51590203674634,
        79.32708533100828,
        65.91616111327912,
        86.5778232797274,
        64.76356827191319,
        47.702230298390674,
        36.56262026653363,
        113.12563710900429,
        98.72953054262234,
        84.33342397623267,
        69.93731740985447,
        178.1523330810202,
        157.40388906985723,
        139.70873147606997,
        126.12908144474264,
        360.02036940522805,
        348.0357312315898,
        336.9860196944819,
        326.87123479390385,
        285.07919971304005,
        274.6260810135587,
        265.10788895060773,
        256.5246235241867,
        389.06239833615894,
        395.93992608880626,
        395.93992608880626,
        236.02542104443506,
        236.03136022037026,
        238.9674715307217,
        247.2526942664644,
        328.72954234328205,
        309.8253461275764,
        258.9110959926111,
        193.3818074748401
    ],