{
    "R2_score": [
        0.3714541195012624,
        -4.6158124180181375,
        0.7020755726375555,
        -0.22873046202316294,
        0.1397632856333948,
        0.4128261315661065,
        -0.005553850675632299,
        0.14977666074748752,
        -0.11752920881472928,
        -0.03540134266320716
    ],
    "MAE_score": [
        110.55411726735545,
        181.33038811639696,
        51.23785940940404,
        353.79098483558573,
        117.71503940229192,
        163.34598155983278,
        84.07615241819563,
        99.21063394512184,
        154.66872405761234,
        110.24068915006889
    ],
    "RMSE_score": [
        160.19982697312165,
        196.32650222696392,
        71.96840425470981,
        554.3438210630308,
        184.2668630351204,
        196.2512152415858,
        99.66348957751791,
        123.34589125569458,
        185.2277805969469,
        148.67052904301082
    ],
    "y_predict": [
        230.4093137682915,
        228.62818949595834,
        226.89860538915465,
        225.2161373460322,
        222.83530312447704,
        208.51222356223644,
        195.386207074001,
        179.9826732340891,
        275.5591555610626,
        271.80471098030995,
        264.82697315124176,
        248.0527669646695,
        260.85774482126527,
        254.1468746550375,
        247.413556218225,
        234.317108715336,
        355.4373829097882,
        355.4207174033357,
        355.404052327212,
        355.3207334033948,
        496.16961564077,
        496.12010430184455,
        496.0705967890716,
        495.82311660967514,
        393.75676034499025,
        393.7450760265606,
        393.7333875200251,
        393.67488219205075,
        229.25880459813922,
        224.02955747566236,
        218.54489102737756,
        214.37164724935107,
        207.7464225691453,
        197.9920532748081,
        192.8888955724096,
        221.82160349039827,
        212.1238511681368,
        211.27415523195555,
        209.78394942509001,
        207.03824343531778,
        352.8107447454336,
        350.5391085677277,
        344.45158465189866,
        317.94558151315283,
        203.94978335778157,
        188.87954686717825,
        158.20407213138355,
        173.19480203557146,
        338.684798799183,
        322.36570792761387,
        306.92672425521346,
        278.7927235816628,
        212.23841022090005,
        199.38351819332962,
        164.38617912272414,
        128.6512790211092,
        237.1370828971491,
        233.04433611218613,
        227.49988743113826,
        222.278848221492,
        249.51152171061636,
        238.1639993792896,
        230.6018540566123,
        226.8947847188686,
        202.6421764799522,
        196.9373763691083,
        191.92849534135613,
        187.83967529843764,
        325.27514862343384,
        325.25635175457586,
        325.2381043500408,
        325.2216668234942,
        207.78620964050728,
        144.37987638105088,
        169.9196926292158,
        282.1443400602586,
        214.31643276238668,
        207.45432948542975,
        188.69374167468084,
        169.4873241820486,
        394.2538595779783,
        369.0041087929586,
        343.8695727225266,
        318.61200004599925,
        203.45562979418858,
        203.44089347952342,
        203.43753461854104,
        203.47107765827377,
        337.5396206345222,
        333.27249780524096,
        328.7386505897404,
        324.03151327196537,
        238.209581963213,
        225.80234128516804,
        202.46338922733503,
        168.39712859666105,
        324.11706485997104,
        315.1961073702595,
        297.66254754602886,
        264.0153514578935,
        256.49011676046695,
        237.98902044030876,
        203.99144350714246,
        147.19270677405015,
        96.89328809620817,
        92.23822625256713,
        83.25072673140501,
        66.39021195429874,
        240.8334438267686,
        235.99027359608428,
        227.89449033619638,
        219.98011715983563,
        102.41002452880969,
        94.66785139642226,
        80.37117812944484,
        73.75439528421362,
        214.5187207751864,
        211.23160231018937,
        202.36971729700977,
        194.12867013059724,
        243.40686299598678,
        218.771442239033,
        185.75543282117394,
        177.5135950339732,
        370.48681710637106,
        350.42111828684835,
        331.1985859816931,
        301.2748293485092,
        356.25147744842906,
        350.7786893776421,
        343.4598507690184,
        324.7376265402874,
        474.7303023320055,
        457.05309708340906,
        437.01389204526987,
        395.01430494410414,
        565.2680237785447,
        534.7330860490334,
        506.627881433319,
        457.9198670494027,
        252.90437751424125,
        241.92086628459955,
        231.68482151428347,
        222.9214359282218,
        371.40995714712415,
        301.09519145772407,
        297.25865691097,
        281.18071827345136,
        234.909333988139,
        167.52899218628045,
        103.71046017987732,
        92.610066578111,
        82.28906303308338,
        72.50565876006803,
        95.27634443931183,
        77.66674953329843,
        66.53795910035944,
        62.61142142938917,
        148.07030382536746,
        139.36525305764337,
        132.43255929111297,
        127.60313850470618,
        165.59999795974386,
        156.6855085862792,
        149.24139244578612,
        143.62355803792633,
        335.1791507948239,
        317.3169894844511,
        298.9415009285735,
        281.35135042597557,
        249.72622121740727,
        234.0599532271704,
        218.97243631021078,
        205.40451413381624,
        418.33294220229845,
        420.6858653038191,
        420.6858653038191,
        242.42598129776536,
        240.8770183047023,
        238.63795412521003,
        238.00468615128392,
        442.77469066285585,
        403.2538841088249,
        297.70368419358977,
        151.29663661099437
    ],