{
    "R2_score": [
        0.12115859043032962,
        0.5933215254079625,
        0.7796599705507496,
        0.26435125512615265,
        0.8865130778171172,
        0.23200281850429239,
        0.08889358471782016,
        0.7334315661480834,
        0.6219961001146913,
        0.5660984808910281
    ],
    "MAE_score": [
        139.661788708651,
        155.35821870612142,
        87.50187556684493,
        114.89328857086205,
        67.10788356977275,
        98.04006860490001,
        85.17286025875387,
        74.80742110284828,
        79.32155172009168,
        76.33658656055574
    ],
    "RMSE_score": [
        226.61752301997345,
        249.62571941479584,
        123.25739587926968,
        160.02833858154182,
        108.91720827638933,
        165.86059987385167,
        119.10220686080535,
        101.96129837906352,
        104.88201404236179,
        134.92033277192385
    ],
    "y_predict": [
        227.95723696678212,
        239.48584247152198,
        247.03518255187396,
        220.5557092357175,
        335.8836128523726,
        332.81280741993567,
        288.2734064096619,
        241.55756321807323,
        336.9100352477153,
        379.43364846622484,
        311.6146944831481,
        283.3369294041368,
        212.09014061987546,
        233.84654792886136,
        222.7483916927665,
        173.48413372231641,
        321.57757314894127,
        413.97172723998625,
        331.02256941133436,
        321.4813216691126,
        449.1184819175429,
        413.9707727111785,
        510.6254849181345,
        510.62218085094827,
        321.57757314894127,
        510.9604068879942,
        510.6254849181345,
        510.4045996936027,
        1498.6204013855975,
        737.7144946914254,
        692.3740935164274,
        837.1529915402841,
        225.8039250141121,
        228.74661447797476,
        230.61296737037432,
        500.407136314834,
        232.88167216093984,
        241.93882435114242,
        221.20703207877818,
        215.02285847247518,
        358.2151919275932,
        394.0487243514599,
        385.6837242249886,
        387.50816659439477,
        225.03575153493242,
        236.25222095880247,
        184.86614423035735,
        211.6808901563209,
        362.24452028392284,
        266.115146970202,
        319.84603154538786,
        313.3164830873942,
        197.95680048820014,
        208.9807593590475,
        204.4705115920856,
        99.87866113261424,
        287.5799948226242,
        242.67621035625112,
        239.73740396954256,
        232.32743339476326,
        511.5482342029408,
        237.8034110030558,
        267.03268233222747,
        259.3514121194154,
        158.3577039110753,
        172.3782368323172,
        149.70803624481044,
        97.61486445089167,
        84.06226259480002,
        70.31205118584774,
        60.679076299374856,
        42.93535076387778,
        181.37949618216572,
        102.73759951482339,
        108.81601021906326,
        -235.8484202051523,
        182.26610230881897,
        211.18267581147757,
        192.45073562391323,
        110.10822485849725,
        152.74805787882607,
        142.66586288601047,
        367.4016832011879,
        55.10370641546672,
        212.73709031762613,
        218.31737144436053,
        211.70474610681774,
        224.9828703452935,
        268.39988867974864,
        268.2334556880733,
        356.13241464257135,
        262.16918352995623,
        306.89776376283936,
        284.0855755747423,
        255.9773379463604,
        217.09406560197732,
        222.97680656167927,
        203.3246968308132,
        189.5744854219305,
        88.54492360597234,
        255.90558656318098,
        239.577672115996,
        188.80349389574033,
        88.54492360597234,
        120.9540927940534,
        110.29291228771041,
        99.2641119955279,
        78.24971885041106,
        146.12841231460698,
        165.27315935516685,
        152.41944413697647,
        238.72215700652725,
        127.38571426064283,
        136.7263776159022,
        83.39797150856529,
        73.92617698206001,
        223.0139075724453,
        157.00998695684507,
        214.87706724737058,
        -23.355864824162666,
        284.434663330323,
        222.72670215031803,
        217.39784572275587,
        169.88612416083288,
        460.1600012160947,
        320.3000484956962,
        414.8196000410932,
        272.06339011031184,
        560.1085481474843,
        507.82735883607745,
        478.49682584892895,
        421.66948729217916,
        552.5681801685882,
        482.9429498074262,
        486.4908169965888,
        425.64158242787465,
        500.2063024662059,
        518.1324334403155,
        480.99151871675406,
        431.22763761136946,
        188.6876597833142,
        91.54126657048448,
        101.1591029932315,
        54.23232783531975,
        345.5296292744189,
        231.40907893289318,
        286.53738129950824,
        254.1120788588803,
        233.53427913443477,
        89.81500977219326,
        108.11172578765839,
        99.2641119955279,
        80.12578788120663,
        66.23025421127625,
        76.4438078471324,
        92.56127839321607,
        70.16678375365393,
        54.1381906515291,
        77.49159871769854,
        93.3117597901171,
        69.60160527447741,
        48.877768268584134,
        113.9478670469512,
        102.58072207066891,
        92.03420606180069,
        104.28530997329102,
        255.63966063511992,
        259.58005392198675,
        246.79991614919612,
        250.66983258057758,
        254.9642428844706,
        226.40418035197055,
        212.03527270857927,
        216.5133991136786,
        244.0448689433019,
        399.43393563387383,
        415.6854861847443,
        424.9798438520525,
        404.8425124403253,
        449.6503881532045,
        442.1767832526933,
        346.3196551164127,
        340.96846891637836,
        250.5157524099792,
        267.50853402052593
    ],