{
    "R2_score": [
        0.29264688220082746,
        0.7262672838072732,
        0.6062605918501263,
        0.47139740111063255,
        0.6391667862645799,
        0.6636999172472307,
        0.6021968558424701,
        0.38444342736724124,
        0.30343561715503586,
        0.647360733794654
    ],
    "MAE_score": [
        87.26709660333788,
        44.44238302359048,
        73.79719244897134,
        84.0686281779694,
        69.4278443484908,
        74.93079503555381,
        59.26905889817084,
        100.45162808631007,
        96.80475112923277,
        79.19547685031267
    ],
    "RMSE_score": [
        116.54944343600445,
        77.65546172800268,
        100.71642154842904,
        108.84844360792825,
        86.22284847467407,
        113.55809761173644,
        78.81861483162365,
        144.77285838047575,
        160.24907844996514,
        122.47488769622238
    ],
    "y_predict": [
        196.8189535810056,
        175.2349618872742,
        179.03153639710158,
        173.49057132108558,
        165.66350256246625,
        211.93451266560422,
        131.7024275906021,
        147.49088561225142,
        363.51017348563647,
        357.9579645823296,
        319.89923275620333,
        259.6120364888521,
        233.16446071326084,
        224.9769404620715,
        215.39556520148022,
        198.7721738071617,
        285.90047779116236,
        278.04068647909077,
        285.8559593090986,
        285.7446224469337,
        231.10244856654606,
        190.79743445614676,
        424.3624365277339,
        275.08522306611945,
        337.6346984454915,
        329.8297002222331,
        315.16553375749635,
        176.16904085131517,
        369.1710280929577,
        391.75483892514774,
        378.95407428654386,
        345.3291858225053,
        245.24825814152354,
        175.39047653606755,
        145.65042710014822,
        147.26372506216876,
        307.3128092005954,
        278.9007537752819,
        271.69896813612206,
        213.53450765941975,
        205.76202232469066,
        198.8021619764722,
        164.96605202022198,
        132.1441102629216,
        246.6665080925693,
        244.75129230852428,
        215.16714732084756,
        185.57908332806275,
        265.94125107808946,
        301.2722977623357,
        288.95126274130325,
        354.7609620733911,
        126.70993789373853,
        111.69179311956015,
        115.03621451710234,
        95.94754258129493,
        94.48119615372158,
        98.08266118478241,
        97.64169630664563,
        90.88765353864088,
        230.50168712050217,
        84.04307352269873,
        110.52210067017748,
        245.53383510535951,
        205.76202232469066,
        202.796881792699,
        177.1549289169646,
        106.54017998582032,
        128.348240291479,
        61.152832379995914,
        197.28836270651706,
        178.81636187899772,
        317.2170313625081,
        311.29516645741364,
        308.183693985232,
        393.4113616236381,
        349.7790330200764,
        290.04412259628646,
        334.358415760428,
        277.9707551386521,
        266.70834843486756,
        263.97568869281224,
        220.94486005153686,
        157.11840296820097,
        337.76678780105453,
        315.26672089279265,
        310.27547745672894,
        267.91687584558736,
        314.2352735445733,
        246.706069161192,
        256.2067681618835,
        192.44157204165396,
        119.35675504068215,
        113.08950233422942,
        93.28522791793947,
        67.95042763423754,
        137.69771062720082,
        120.41988574935039,
        124.38044194122747,
        110.10686949789118,
        160.84611534697007,
        106.65576178603996,
        89.81475684924192,
        87.50447666201424,
        184.16267177885777,
        170.12956300700654,
        119.91378711760714,
        149.27961013990733,
        242.31575044650222,
        219.60723431813307,
        186.83457532343525,
        175.8642536333022,
        388.96682268398774,
        404.0496728991352,
        387.9810358362423,
        292.42655813919424,
        471.11123427550524,
        473.82436049314924,
        436.6921788403086,
        396.1834299789784,
        468.6056186335476,
        457.048770311681,
        436.9662230319346,
        394.43412859148793,
        483.2044778868209,
        453.67271632625904,
        450.0680167326943,
        412.67183185330543,
        118.8942725159672,
        102.3784037817847,
        76.22296344075713,
        62.62439786607703,
        354.840574198836,
        244.09119079503017,
        192.73470384701525,
        189.25074260978636,
        132.4431101267901,
        127.71896115977113,
        113.23786670399417,
        93.03672612589423,
        76.98374778905813,
        66.36343844166987,
        122.36727671851105,
        74.71681415513993,
        48.96388876967109,
        57.74815410533847,
        99.27075395112547,
        79.69295772663475,
        57.668258735056725,
        55.2995629247134,
        151.2136065721075,
        131.2673420234891,
        84.02513603944672,
        63.54307788658005,
        240.02170409269903,
        260.7272056082981,
        239.99840725796437,
        217.41523467439043,
        198.53941006398563,
        195.02788749469656,
        178.2504446922272,
        177.852458156639,
        402.0190191905611,
        391.86617873161083,
        391.3336712889189,
        393.71903687012724,
        380.7265955683372,
        394.68979323528436,
        401.8444591506877,
        343.4390249880249,
        342.09476765626204,
        281.8677430257193,
        237.8631012145955
    ],