{
    "R2_score": 0.48112166320974037,
    "MAE_score": 73.85843867951259,
    "RMSE_score": 105.48950628716561,
    "y_predict": [
        396.6667501566494,
        164.4343051560465,
        258.06402067439546,
        222.24087239183788,
        395.26742510572956,
        125.15738217334521,
        194.0513763057949,
        205.3675969375922,
        406.54758615868155,
        238.49631045760054,
        474.710632364126,
        226.16784287092622,
        365.64580070311445,
        285.05054847069243,
        392.0456691201787,
        392.25855556799814,
        186.25559149427195,
        94.30544499698433,
        378.1068202509325,
        116.28954669772054,
        103.24980618417511,
        220.77817418004446,
        89.74367460768201,
        425.73559260437423,
        106.79957935371131,
        194.0513763057949,
        70.91408036101404,
        265.46094737493013,
        265.5473222238651,
        70.43061166597795,
        421.74363845625226,
        265.522652228998,
        230.16101659943638,
        88.71650726703388,
        367.4008478996998
    ],
    "y_true": [
        140.0,
        149.0,
        310.4,
        118.4,
        333.94,
        82.5,
        240.6,
        198.0,
        354.8,
        377.13,
        565.3,
        260.4,
        131.0,
        25.0,
        325.0,
        455.0,
        287.4,
        94.6,
        423.0,
        11.6,
        118.4,
        211.8,
        58.1,
        391.6,
        59.7,
        221.9,
        66.5,
        145.9,
        548.0,
        64.8,
        352.5,
        355.6,
        235.0,
        93.4,
        305.0
    ],
    "features": [
        "CC_Electrical_Conductivity",
        "CC_Thermal_Conductivity",
        "Current_Density",
        "E_Anion_Radius",
        "E_Ionic_Conductivity",
        "Is_Binder",
        "M_Density",
        "Morphology_Encoded",
        "Potential_Window",
        "Synthesis_Method"
    ],
    "params": {
        "C": 78.86714129990483,
        "epsilon": 0.2661901888489056,
        "kernel": "rbf",
        "gamma": "auto"
    }
}