{
    "R2_score": 0.7866673649475188,
    "MAE_score": 86.19499271497726,
    "RMSE_score": 156.00082863739155,
    "y_predict": [
        414.30060283724765,
        374.490736798899,
        60.989743699902334,
        74.52256125878134,
        121.01140565379669,
        229.9088343758704,
        414.66932423081596,
        138.5254753298206,
        230.20167953230288,
        274.7981046306816,
        326.98577361237204,
        88.76921179396803,
        95.64616040922706,
        392.56383805226324,
        232.55138938927198,
        414.66932423081596,
        217.23580351954215,
        272.8998983769514,
        83.43577782789055,
        249.82137741002094,
        72.13028559142228,
        345.57809313658726,
        176.36778709573082,
        1313.6710236847493,
        370.49137743741187,
        307.4292507799262,
        244.93979437416,
        414.56394602925036,
        243.60244795490087,
        102.07973538945836,
        -55.835747211392174,
        162.00522162944114,
        192.83884062779052,
        426.15123124960706,
        85.18511599295667,
        1420.3864839896062,
        392.56383805226324
    ],
    "y_true": [
        399.7,
        352.5,
        60.3,
        62.2,
        115.0,
        198.0,
        548.0,
        94.6,
        97.9,
        188.8,
        215.28,
        22.1,
        87.23,
        276.0,
        220.0,
        1074.5,
        6.0,
        193.6,
        67.6,
        232.0,
        11.6,
        419.13,
        201.8,
        1340.0,
        455.0,
        333.94,
        750.1,
        528.8,
        216.0,
        109.9,
        98.3,
        88.0,
        82.5,
        422.0,
        92.9,
        1440.0,
        308.0
    ],
    "features": [
        "CC_Thermal_Conductivity",
        "Current_Collector",
        "Current_Density",
        "E_Bare_Anion_Radius",
        "E_Cation_Radius",
        "Is_Binder",
        "M_Density",
        "Morphology_Encoded",
        "Potential_Window",
        "Synthesis_Method"
    ],
    "params": {
        "C": 66.90317923715331,
        "epsilon": 0.9639494056028222,
        "kernel": "poly",
        "degree": 5,
        "gamma": "scale"
    }
}