{
    "R2_score": [
        0.6239895278339487,
        0.6829808958814361,
        0.42098973553835706,
        0.4327773668334435,
        0.25873336950730075,
        -2.133718461190511,
        -0.2350295106577005,
        0.13442180769277945,
        0.8199525586328716,
        -1.045470969391979
    ],
    "MAE_score": [
        79.49329506705223,
        91.8312383737632,
        81.86676167959028,
        153.3335959292228,
        82.63829691820756,
        98.84967206119259,
        117.78799096258139,
        147.27298214877686,
        65.84917696015553,
        86.52356688448488
    ],
    "RMSE_score": [
        93.58267714255891,
        115.63091841477468,
        117.35382923043153,
        170.711640986585,
        102.82358084107805,
        113.54754104125237,
        138.20936425732646,
        167.75758582811196,
        84.36975087260096,
        123.89372836279198
    ],
    "y_predict": [
        226.08919203384124,
        217.82857875646135,
        209.56796547908147,
        201.30735220170163,
        145.3687247207996,
        129.1147754859146,
        112.86082625102972,
        -33.42471686293442,
        344.46497934775834,
        337.11308709905137,
        322.40930260163736,
        278.2979491093953,
        292.4785959787109,
        283.9482855885926,
        275.4179751984743,
        258.3573544182377,
        238.11842218189594,
        238.10207542383196,
        238.08572866576796,
        238.00399487544803,
        493.6724093881483,
        478.3470368612983,
        463.02166433444836,
        386.3948017001985,
        259.91737336676624,
        252.0182509644384,
        236.22000615978274,
        188.8252717458156,
        384.44801588110795,
        376.2746368491127,
        359.9278787851222,
        310.88760459315074,
        257.622910321755,
        241.36896108687012,
        192.60711338221535,
        111.3373672077908,
        301.4566110454934,
        285.24232495104513,
        269.02803885659694,
        236.59946666770043,
        200.79465984993976,
        192.26434945982146,
        166.6734182894665,
        124.02186633887493,
        302.3550931384184,
        291.29632177515936,
        275.4980769705037,
        259.69983216584797,
        499.0408304143273,
        465.99837730480783,
        432.9559241952883,
        399.91347108576883,
        156.7700681092074,
        140.5161188743225,
        124.26216963943762,
        108.00822040455273,
        38.38334160335853,
        23.67955710594447,
        8.97577260853052,
        -5.728011888883543,
        240.1438152499756,
        162.95443246113956,
        66.46770397509448,
        -126.50575299699557,
        174.4715364628765,
        164.82286361427197,
        135.87684506845852,
        87.63348082543592,
        84.99827823004887,
        69.20003342539314,
        53.40178862073742,
        37.60354381608175,
        511.97806421041145,
        504.3153779469865,
        496.6526916835615,
        481.3273191567115,
        381.90937013861947,
        373.6487568612396,
        365.3881435838597,
        357.12753030647985,
        157.48830999742296,
        149.38116695019886,
        133.16688085575055,
        100.73830866685415,
        194.3916368757931,
        186.21825784379786,
        169.87149977980738,
        137.17798365182642,
        210.9120286125782,
        203.01290621025035,
        187.2146614055947,
        155.61817179628326,
        135.8642279049913,
        128.20154164156634,
        112.87616911471633,
        82.22542406101638,
        120.37377239083457,
        110.72509954223005,
        91.42775384502102,
        33.53571675339401,
        149.17714947565094,
        131.49324838484955,
        96.12544620324672,
        78.44154511244534,
        247.21672735069959,
        230.15610657046295,
        178.97424422975303,
        93.67114032856989,
        283.1948418008773,
        256.6689901646752,
        212.45923743767173,
        124.03973198366481,
        439.9146737237305,
        420.61732802652153,
        401.31998232931255,
        362.7252909348945,
        387.57626711096276,
        371.3619810165145,
        355.14769492206625,
        322.7191227331698,
        387.57626711096276,
        371.3619810165145,
        355.14769492206625,
        322.7191227331698,
        452.4062460904247,
        434.7223449996233,
        417.03844390882193,
        381.6706417272191,
        239.26072401058138,
        221.57682291978,
        203.89292182897861,
        186.20902073817723,
        158.7779887530263,
        252.01825096443835,
        412.0865483228856,
        395.56532176812584,
        346.0016421038466,
        263.3955093300479,
        113.65076654252147,
        98.94698204510752,
        84.24319754769346,
        69.5394130502795,
        150.86039170642982,
        134.51363364243934,
        118.16687557844887,
        101.82011751445839,
        152.6698034392375,
        136.45551734478926,
        120.241231250341,
        104.02694515589275,
        210.04337732561316,
        190.74603162840413,
        171.44868593119514,
        152.1513402339861,
        361.9209406279391,
        344.8603198477025,
        327.79969906746584,
        310.7390782872292,
        291.3951057732134,
        274.3344849929768,
        257.27386421274014,
        240.2132434325035,
        298.3079181967804,
        381.4574209261509,
        381.4574209261509,
        438.4725194070011,
        423.76873490958707,
        394.361165914759,
        364.953596919931,
        281.8910555211032,
        264.20715443030184,
        211.15545115789763,
        122.7359457038907
    ],