{
    "R2_score": [
        0.18638710871548758,
        0.5413900150214797,
        0.4250715744462348,
        0.3206309083942779,
        0.3545311435746137,
        0.7037107619398688,
        0.43458406291893437,
        0.48417376370898946,
        0.5826543624267849,
        0.7844807976070916
    ],
    "MAE_score": [
        103.09834210668673,
        77.05043613396674,
        94.73340643970606,
        104.46843958123748,
        97.6464686102897,
        76.89211671945506,
        74.40278632594288,
        108.19692786899657,
        90.96239179481854,
        71.62856950829637
    ],
    "RMSE_score": [
        124.99739967887211,
        100.51489097066678,
        121.70340683931,
        123.39866713460212,
        115.32056441942845,
        106.58904223936065,
        93.96772560930876,
        132.52715550139098,
        124.04031137991043,
        95.74689541237882
    ],
    "y_predict": [
        213.7556314384949,
        221.97615117955684,
        211.6828122029629,
        209.6098943462166,
        188.47637824335334,
        170.8860227505217,
        151.9800257596662,
        -9.433801400328775,
        350.91073394470357,
        357.3051465486483,
        321.90818598564084,
        263.042774984105,
        271.1586335017395,
        259.1622104503369,
        249.78687350738804,
        219.7288202359424,
        261.86545180416346,
        243.21247060650708,
        261.8299423306779,
        261.741168646964,
        489.4404155558612,
        465.7043903002434,
        537.4934141496103,
        398.16432907202466,
        272.8547236497475,
        277.5718396595322,
        269.8020189064111,
        173.17587701832485,
        374.5090469631504,
        375.1667202900217,
        357.41198354724634,
        327.2067457974308,
        291.4863456366328,
        257.54938256094607,
        199.20754793802348,
        109.04763586259833,
        312.14195187559,
        309.24282883308996,
        294.3806838407701,
        252.45575991275953,
        177.44393848995276,
        160.76699162756654,
        136.25432615208956,
        107.6934207755778,
        284.15109377569985,
        305.74136526346075,
        268.99196424826647,
        255.2093313100035,
        479.3641893743018,
        467.10356148064915,
        397.95550959232645,
        420.05203661361304,
        197.64353688838116,
        144.032266180739,
        146.50713554258402,
        137.34792075155485,
        68.0177109785044,
        39.14675024938316,
        18.79458030388929,
        24.106127012843444,
        244.4326577802539,
        184.90582189139673,
        108.67595328200451,
        -161.40447537692353,
        177.44393848995276,
        200.55504607071344,
        141.3758414892003,
        129.09993917241718,
        108.03484714095396,
        79.34865899723212,
        100.22261261023232,
        92.21292661415112,
        489.1505884772356,
        497.41380234337936,
        532.9315681651443,
        501.94331866160843,
        312.5993638592845,
        357.5553662628231,
        373.8267393622558,
        332.7900023820978,
        180.00499707161612,
        178.10231419530749,
        163.63348605876217,
        116.98840724409706,
        233.8472187171382,
        227.95066721474225,
        210.97825813432055,
        170.65391274886343,
        229.96767010509038,
        197.76092360354156,
        199.0785532989381,
        150.4246503904667,
        134.47852552858092,
        148.1497148805683,
        108.59074175010102,
        92.14213783066384,
        103.3812727890296,
        101.59014821851218,
        94.87601328440724,
        56.6681884040255,
        167.95513895880595,
        146.05364608722124,
        100.1605664335014,
        82.61768544615234,
        170.47957463657946,
        164.29187067733938,
        112.80781070706587,
        -1.1779761281680976,
        287.50462887359953,
        275.6644421057117,
        235.7136485144984,
        140.42863602073754,
        439.8945129113171,
        423.87708281692204,
        407.53530583327074,
        343.0108107265703,
        459.17058125578484,
        450.4279060113274,
        420.21651719452393,
        408.6711947866552,
        466.04281158236597,
        441.6277002684358,
        435.63970838135504,
        405.2366051803441,
        475.6639270407493,
        438.4646934363675,
        439.2821072504929,
        413.0846069198542,
        189.98292208371254,
        181.25094602904778,
        183.29890942831668,
        138.2704872291731,
        221.91332773269983,
        246.16858198569912,
        370.4732534250385,
        367.1322161300574,
        295.5297454773288,
        200.5618096014265,
        123.83671547197946,
        130.39497813779292,
        87.65733757993672,
        94.88550465224216,
        154.98660469059325,
        140.80288497517478,
        89.97564106993673,
        101.42898590810256,
        155.43047539754411,
        117.20498681713394,
        87.57758800503336,
        76.21511335170646,
        190.60972151078118,
        179.97497149082767,
        162.94762684470913,
        133.42976445798797,
        297.27452961787935,
        314.74369038083626,
        298.9649326431446,
        291.03496884091095,
        241.12910940445337,
        213.00387655574022,
        207.26638099611938,
        193.02944525926154,
        321.6837192516843,
        396.00012513711926,
        372.49577458015017,
        466.6469528688201,
        477.9781718707477,
        435.5986445720496,
        390.4170842594279,
        279.2048801437378,
        305.3303020204322,
        237.1776058444791,
        128.78164926076954
    ],