{
    "R2_score": 0.5988891446246642,
    "MAE_score": 122.40965191905296,
    "RMSE_score": 178.29477127173993,
    "y_predict": [
        306.361668033097,
        495.67342601097744,
        388.94085626462146,
        247.89983152409968,
        51.828935688048716,
        397.4367401984347,
        420.7153801323047,
        178.57934424405292,
        0.35009894967390665,
        474.0208939706081,
        397.2851724741521,
        248.80722042503487,
        58.37478094326627,
        18.39531469847634,
        127.61279782934153,
        302.330728103144,
        124.42234559570426,
        1205.8568054732998,
        399.06284809193534,
        150.45643077518582,
        252.08014305264362,
        112.0457735626859,
        81.11728151496555,
        -198.13000570521723,
        228.2086443239689,
        317.2194210484901,
        146.0748776360736,
        373.63490405926444,
        95.13399976878748,
        126.65797490032318,
        162.27063519689904,
        226.24729948373033,
        380.41632669975456,
        351.9823720188951,
        397.3934351343539,
        101.67984502400503,
        232.71067434497635
    ],
    "y_true": [
        232.0,
        565.3,
        310.0,
        112.0,
        64.8,
        1074.5,
        455.0,
        326.9,
        227.0,
        473.7,
        340.3,
        405.0,
        100.63,
        98.5,
        163.9,
        6.0,
        45.4,
        1440.0,
        434.0,
        66.5,
        140.0,
        334.0,
        41.8,
        98.3,
        188.8,
        235.0,
        58.1,
        67.6,
        93.4,
        104.2,
        294.1,
        100.0,
        329.0,
        27.2,
        413.6,
        109.9,
        334.9
    ],
    "features": [
        "CC_Thermal_Conductivity",
        "Current_Collector",
        "Current_Density",
        "E_Bare_Anion_Radius",
        "E_Cation_Radius",
        "Is_Binder",
        "M_Density",
        "Morphology_Encoded",
        "Potential_Window",
        "Synthesis_Method"
    ],
    "params": {
        "alpha": 0.9945483979496761
    }
}