{
    "R2_score": 0.49012431660593225,
    "MAE_score": 105.41354835850272,
    "RMSE_score": 128.72980342012582,
    "y_predict": [
        458.12782333092207,
        204.69309389093183,
        90.05346819349558,
        257.03836938034914,
        455.4046967845504,
        211.78236847271165,
        359.40801388885774,
        355.75817882241347,
        187.1024161121956,
        160.7220626545659,
        186.67419318285755,
        359.40801388885774,
        292.82510497816594,
        356.68488734248615,
        287.71968066415434,
        285.3940026249219,
        359.40801388885774,
        149.6795300732665,
        146.0611594358885,
        297.03140582723495,
        430.77572059124066,
        214.73534419441552,
        16.6136235371643,
        68.78919348707342,
        476.0233728527415,
        433.447870970406,
        -36.71755622956266,
        140.69548711286728,
        63.274431380277235,
        -210.2935140304703,
        360.3523415230525,
        309.8887159581127,
        336.1516144332703,
        100.31962535223431,
        38.792509550582395
    ],
    "y_true": [
        706.7,
        100.0,
        101.7,
        396.0,
        512.3,
        162.0,
        581.6,
        455.0,
        112.0,
        97.9,
        326.9,
        422.0,
        232.0,
        297.8,
        355.6,
        377.13,
        394.7,
        73.8,
        59.7,
        65.0,
        381.4,
        31.9,
        62.32,
        64.8,
        368.7,
        473.7,
        82.5,
        11.6,
        287.4,
        98.3,
        352.5,
        423.0,
        131.0,
        60.3,
        170.0
    ],
    "features": [
        "Binder_Type",
        "CC_Electrical_Conductivity",
        "Current_Density",
        "E_Anion_Radius",
        "E_Ionic_Conductivity",
        "Is_Binder",
        "M_Density",
        "Morphology_Encoded",
        "Potential_Window",
        "Synthesis_Method"
    ],
    "params": {
        "alpha": 0.00010087286085764281
    }
}