{
    "R2_score": [
        0.6438721804613812,
        0.6729228383431914,
        0.40704146810193387,
        0.44488905468116813,
        0.252215008264308,
        -2.3007879045995954,
        -0.15403039076202663,
        0.12219540039270083,
        0.8071407916022547,
        -1.0433578736885853
    ],
    "MAE_score": [
        77.53135435583147,
        92.90040389223637,
        82.19314790087144,
        151.07677392639374,
        84.7512285795348,
        101.41643807637658,
        113.71687774593225,
        148.78665588680963,
        69.6707758265776,
        83.09161822085304
    ],
    "RMSE_score": [
        91.07484589879708,
        117.45090515693994,
        118.75893516220074,
        168.87923637189283,
        103.27468319120327,
        116.5350468847348,
        133.60029733832255,
        168.93823038353793,
        87.31995025411292,
        123.82971695476157
    ],
    "y_predict": [
        229.53428216167458,
        221.25458237922987,
        212.97488259678522,
        204.69518281434057,
        141.9598147092749,
        126.07932437525722,
        110.19883404123954,
        -32.72557896491958,
        348.2137347959974,
        340.9612808059442,
        326.4563728258379,
        282.9416488855188,
        295.4180875601222,
        286.8834557413273,
        278.34882392253235,
        261.2795602849425,
        235.10312857633102,
        235.08691408497097,
        235.07069959361093,
        234.9896271368107,
        456.44967494733237,
        441.6524343246994,
        426.85519370206646,
        352.8689905889016,
        272.69663138479143,
        264.95115213194947,
        249.4601936262654,
        202.98731810921328,
        389.1534974612439,
        381.0462517812205,
        364.8317604211738,
        316.1882863410337,
        253.50866157564263,
        237.62817124162495,
        189.98670023957192,
        110.58424856948352,
        304.68698054129874,
        288.53944616755,
        272.3919117938013,
        240.0968430463039,
        200.45688407054507,
        191.92225225175014,
        166.31835679536528,
        123.64519770139049,
        299.27365928429106,
        288.4299883303122,
        272.93902982462816,
        257.44807131894413,
        490.3237127884213,
        457.20491365864257,
        424.08611452886385,
        390.9673153990852,
        147.184290038751,
        131.30379970473336,
        115.42330937071569,
        99.54281903669795,
        28.99892397819508,
        14.494015998088685,
        -0.010891982017653845,
        -14.515799962123992,
        240.0445149808063,
        164.20549769007573,
        69.40672607666244,
        -120.19081715016404,
        171.88635440270104,
        162.4064772413597,
        133.96684575733576,
        86.56745995062914,
        86.86273520113002,
        71.37177669544599,
        55.88081818976195,
        40.38985968407792,
        482.7322576862141,
        475.3336373748976,
        467.93501706358114,
        453.1377764409482,
        392.5365534858082,
        384.2568537033635,
        375.97715392091885,
        367.6974541384742,
        158.24734458947052,
        150.17357740259615,
        134.02604302884743,
        101.73097428135003,
        191.81166359467892,
        183.7044179146556,
        167.48992655460887,
        135.06094383451546,
        207.65804526804015,
        199.9125660151981,
        184.42160750951408,
        153.43969049814598,
        133.4348550434554,
        126.03623473213895,
        111.238994109506,
        81.64451286424003,
        112.99663250757612,
        103.51675534623479,
        84.55700102355212,
        27.677738055504165,
        151.22897878926233,
        133.79898182809865,
        98.93898790577134,
        81.50899094460766,
        249.20640032002515,
        232.13713668243525,
        180.92934576966553,
        95.58302758171601,
        283.5627308170915,
        257.41773537534607,
        213.84274297243687,
        126.69275816661855,
        443.0191152740792,
        424.0593609513965,
        405.0996066287139,
        367.18009798334856,
        392.4087712369972,
        376.2612368632485,
        360.11370248949976,
        327.81863374200236,
        392.4087712369972,
        376.2612368632485,
        360.11370248949976,
        327.81863374200236,
        453.7737211454608,
        436.3437241842971,
        418.91372722313344,
        384.05373330080613,
        232.90340330712615,
        215.47340634596247,
        198.0434093847988,
        180.61341242363517,
        175.64809104966656,
        264.95115213194947,
        406.0587259348185,
        389.4993263699291,
        339.82112767526104,
        257.0241298508143,
        111.6116979391009,
        97.10678995899457,
        82.60188197888823,
        68.09697399878189,
        148.23777467427027,
        132.02328331422353,
        115.80879195417685,
        99.59430059413012,
        150.30302306744267,
        134.15548869369394,
        118.00795431994521,
        101.86041994619649,
        209.60901930744063,
        190.64926498475802,
        171.68951066207535,
        152.72975633939268,
        368.50265238838915,
        351.4333887507993,
        334.36412511320935,
        317.2948614756194,
        292.7947648969566,
        275.72550125936675,
        258.6562376217768,
        241.58697398418693,
        307.80370595689897,
        387.14589718326283,
        387.14589718326283,
        427.0316053119597,
        412.52669733185337,
        383.51688137164064,
        354.50706541142796,
        282.8883980680478,
        265.45840110688414,
        213.16841022339315,
        126.0184254175748
    ],