{
    "R2_score": 0.4985446952591728,
    "MAE_score": 105.0249959685493,
    "RMSE_score": 127.66241942696372,
    "y_predict": [
        444.8057362402816,
        214.6827517092931,
        80.95975914395251,
        265.45770812228056,
        440.7631182183707,
        222.21073085759002,
        353.06006016754895,
        357.20338419501326,
        199.27431183940683,
        176.6969105132971,
        187.9604750882158,
        353.06006016754895,
        282.2105872369391,
        349.01744214563803,
        283.88453402920914,
        279.70615116094854,
        353.06006016754895,
        148.43772228665853,
        146.7193467564266,
        303.22086987618604,
        418.3565718757783,
        213.17364696446754,
        32.22137171020478,
        75.73653523308639,
        438.8561784563969,
        421.86931722209846,
        -6.794441632168343,
        144.36438990991797,
        73.27837999729996,
        -180.84736225919153,
        366.8142110709563,
        326.4648218567082,
        358.6546013262641,
        102.56488425029215,
        43.453699813499156
    ],
    "y_true": [
        706.7,
        100.0,
        101.7,
        396.0,
        512.3,
        162.0,
        581.6,
        455.0,
        112.0,
        97.9,
        326.9,
        422.0,
        232.0,
        297.8,
        355.6,
        377.13,
        394.7,
        73.8,
        59.7,
        65.0,
        381.4,
        31.9,
        62.32,
        64.8,
        368.7,
        473.7,
        82.5,
        11.6,
        287.4,
        98.3,
        352.5,
        423.0,
        131.0,
        60.3,
        170.0
    ],
    "features": [
        "Binder_Type",
        "CC_Electrical_Conductivity",
        "Current_Density",
        "E_Anion_Radius",
        "E_Ionic_Conductivity",
        "Is_Binder",
        "M_Density",
        "Morphology_Encoded",
        "Potential_Window",
        "Synthesis_Method"
    ]
}