{
    "R2_score": 0.5968343224178931,
    "MAE_score": 121.96317149705135,
    "RMSE_score": 178.75087466981034,
    "y_predict": [
        305.4994176688927,
        501.9148288429369,
        391.06949778741995,
        248.4175187941159,
        50.303105506808436,
        391.08403870288635,
        418.07634310789547,
        184.80650146729533,
        20.63095112134772,
        480.7733848152418,
        390.9360485946925,
        256.25890011259145,
        60.834844896881236,
        28.574385062801127,
        124.29815960374134,
        306.5037216766395,
        119.17999252866537,
        1194.2715999769011,
        396.93489908020035,
        142.81910272108024,
        261.5247698076279,
        111.19250245506038,
        76.89710447327514,
        -182.84005521414997,
        225.7892793967803,
        329.56564645756004,
        140.32143655636048,
        383.50354300557814,
        92.58599356219867,
        134.28160520127676,
        163.3890670793052,
        227.27607476642078,
        373.92276782972533,
        362.362098977883,
        391.041755814831,
        103.11773295227147,
        237.66011153653312
    ],
    "y_true": [
        232.0,
        565.3,
        310.0,
        112.0,
        64.8,
        1074.5,
        455.0,
        326.9,
        227.0,
        473.7,
        340.3,
        405.0,
        100.63,
        98.5,
        163.9,
        6.0,
        45.4,
        1440.0,
        434.0,
        66.5,
        140.0,
        334.0,
        41.8,
        98.3,
        188.8,
        235.0,
        58.1,
        67.6,
        93.4,
        104.2,
        294.1,
        100.0,
        329.0,
        27.2,
        413.6,
        109.9,
        334.9
    ],
    "features": [
        "CC_Thermal_Conductivity",
        "Current_Collector",
        "Current_Density",
        "E_Bare_Anion_Radius",
        "E_Cation_Radius",
        "Is_Binder",
        "M_Density",
        "Morphology_Encoded",
        "Potential_Window",
        "Synthesis_Method"
    ]
}