{
    "R2_score": [
        -0.06668992479345004,
        -1.625496415919574,
        0.047653926533122504,
        -0.2818308559143208,
        -0.17532737957679578,
        0.029574713866279634,
        -0.02866788052282776,
        0.000603042125567943,
        -0.11407508120930587,
        -0.7589686150884425
    ],
    "MAE_score": [
        157.21116298403143,
        122.68441743606058,
        117.41208977421026,
        365.0026985446657,
        184.7890433815114,
        224.2652897731763,
        83.90090692706217,
        110.09815284481985,
        156.34334927084183,
        155.0730650358814
    ],
    "RMSE_score": [
        208.6952896917728,
        134.23888854248713,
        128.6726408381189,
        566.1952991097597,
        215.38610472775048,
        252.2958152633055,
        100.80243249687264,
        133.72948980156585,
        184.94130238489822,
        193.77581412734062
    ],
    "y_predict": [
        225.18546457858207,
        224.9596464410606,
        224.73005128012872,
        224.49912066001315,
        211.89321328471246,
        211.56459479888144,
        211.27718240063925,
        211.49456148554023,
        229.0252233428193,
        228.89295254844583,
        228.5792812863234,
        227.37652668768482,
        227.8292196417058,
        227.61160118675608,
        227.3921579879103,
        226.95725702212093,
        235.44579763089436,
        235.445695963503,
        235.44559416689094,
        235.44508324575133,
        224.59033592961285,
        224.59003746521063,
        224.58973888873211,
        224.58824432567332,
        245.22989471407115,
        245.22977014063667,
        245.2296454455693,
        245.22902014598145,
        230.29201147153555,
        230.15230819385235,
        229.88574008003098,
        229.41048816397176,
        214.87522824532238,
        214.55528396684755,
        214.2803179632912,
        213.80382445590496,
        226.91952387760742,
        226.74876469622453,
        226.3837811464317,
        225.2469875113684,
        233.25995213384152,
        233.15348008834258,
        232.87465345037037,
        231.63764068043162,
        234.8834017530407,
        234.63859279644208,
        234.33903381226446,
        235.24462435142863,
        234.49530385819048,
        234.14362410415885,
        233.66390229543148,
        232.4075392714909,
        212.70720781919982,
        212.4673843069096,
        211.80222662951581,
        211.0358346609656,
        225.29767269310204,
        224.99023275223138,
        224.53727620516153,
        224.08518537580167,
        233.54717808801362,
        232.55690037747,
        231.82154624082057,
        231.37694381355212,
        230.39456747723926,
        230.02659957117652,
        229.68519137200178,
        229.38526457755475,
        244.42683536072803,
        244.42490874633137,
        244.423880979438,
        244.423803094954,
        228.8064415530554,
        227.51414902366415,
        227.2851074796525,
        228.83408983035423,
        234.92928561650763,
        234.81206921809166,
        234.55580919680986,
        234.50286771117342,
        220.16928056433792,
        219.9840594067504,
        219.78830980414324,
        219.59161371615917,
        226.15370794375102,
        226.04666041282152,
        225.9379603828934,
        225.7210904148438,
        244.7677214813922,
        244.77522813945157,
        244.76172585477232,
        244.72771623703989,
        228.13272805324948,
        227.872828563186,
        227.37168428725676,
        226.5523491846926,
        230.4872554414389,
        230.37146738201332,
        230.10723011513895,
        229.49774147196666,
        218.1932125870716,
        217.99778330879485,
        217.61669647416855,
        216.9572654121668,
        220.03669614847288,
        219.77206585525929,
        219.29245417430573,
        218.59975538535397,
        237.1253510697418,
        236.96803849674257,
        236.74678610662895,
        236.89458294057815,
        220.69186367572078,
        220.2741925062086,
        219.66553137552478,
        219.49995197817157,
        225.57183349272285,
        225.26422196595703,
        224.7061989772877,
        225.2202551364122,
        228.22710756357492,
        227.53098509918902,
        226.4451918304746,
        225.369571499847,
        237.45066004698174,
        237.12140171450287,
        236.66605629966483,
        235.50350850168468,
        241.93258476111444,
        241.55679855144476,
        241.0175160881672,
        239.55860197561893,
        224.23603952943384,
        223.90812843213848,
        223.4392048208833,
        222.17751441580555,
        235.82009581233305,
        235.5232107113549,
        235.07616018491646,
        233.8137003742434,
        239.3888210714851,
        239.19772762410707,
        239.00100266768337,
        238.80899349978716,
        214.12391866679715,
        230.12718522030832,
        228.49478529045936,
        228.28614503381445,
        227.5244571487596,
        226.3296092366511,
        210.64760226236203,
        210.14736493010034,
        209.7969687575472,
        209.61309835177784,
        221.5900956078984,
        221.1135047752894,
        220.8044626792018,
        220.68137871460064,
        226.71938599158247,
        226.17108954626624,
        225.72171238778836,
        225.3924137118219,
        228.22418946691923,
        227.66008219433937,
        227.16904165638417,
        226.77432740665424,
        237.40177751504896,
        237.05394671813883,
        236.572811572309,
        235.98029853289026,
        228.34930900953051,
        227.84134855570366,
        227.3270529859358,
        226.8283794426763,
        247.02777885246968,
        250.08668692547303,
        250.08668692547303,
        225.77958959979208,
        225.75283462619905,
        225.67822100236106,
        225.5865227451415,
        223.40449453726768,
        223.10489601562395,
        221.8846095610593,
        219.85916247849252
    ],