{
    "R2_score": 0.03626558322780393,
    "MAE_score": 121.42852764540031,
    "RMSE_score": 143.76566398619832,
    "y_predict": [
        220.01104864757764,
        210.64074774689746,
        213.64075727803635,
        211.80306504769243,
        222.52642774841172,
        211.29951105715207,
        211.16122533227468,
        212.70112758171067,
        222.81932513841306,
        213.51208563806657,
        223.37607875142893,
        212.4943864360496,
        222.1203643171562,
        219.60929685118504,
        221.01520567230608,
        221.05996707805812,
        210.99129016052584,
        208.95013294031438,
        219.43811267678458,
        210.43773778394265,
        205.3474561032506,
        213.16309000596365,
        205.60593992536656,
        222.28664604767843,
        209.362184713901,
        211.16122533227468,
        205.32497117101917,
        216.86678637222144,
        216.86794957015596,
        204.35100351161415,
        222.16244209871644,
        216.86761763463534,
        213.4168724740835,
        204.89658059831982,
        221.56496171837486
    ],
    "y_true": [
        140.0,
        149.0,
        310.4,
        118.4,
        333.94,
        82.5,
        240.6,
        198.0,
        354.8,
        377.13,
        565.3,
        260.4,
        131.0,
        25.0,
        325.0,
        455.0,
        287.4,
        94.6,
        423.0,
        11.6,
        118.4,
        211.8,
        58.1,
        391.6,
        59.7,
        221.9,
        66.5,
        145.9,
        548.0,
        64.8,
        352.5,
        355.6,
        235.0,
        93.4,
        305.0
    ],
    "features": [
        "CC_Electrical_Conductivity",
        "CC_Thermal_Conductivity",
        "Current_Density",
        "E_Anion_Radius",
        "E_Ionic_Conductivity",
        "Is_Binder",
        "M_Density",
        "Morphology_Encoded",
        "Potential_Window",
        "Synthesis_Method"
    ]
}