{
    "R2_score": -0.018624950490543357,
    "MAE_score": 215.72561542350488,
    "RMSE_score": 340.88305330843446,
    "y_predict": [
        252.50032806412156,
        249.86132004461695,
        239.35406262795343,
        240.42620055391316,
        247.16887992789847,
        243.38794454001888,
        252.5017044817691,
        242.9380867382741,
        242.52076155688414,
        249.53225151379812,
        249.85515517828983,
        239.5753087533586,
        242.73873995441193,
        249.8850735568668,
        243.57713711443813,
        252.5017044817691,
        251.41866027742174,
        247.10933481066755,
        244.71504147479226,
        244.41165589581175,
        239.44612995594682,
        253.82932443461326,
        248.09739359103884,
        249.69359350103088,
        248.91350905319834,
        253.54875246302984,
        250.07689892411034,
        252.50131177080172,
        244.20997141179936,
        238.76063413740798,
        247.1260268071465,
        241.7679603356519,
        244.9794886270975,
        254.79579881594066,
        242.83053002436768,
        249.665191989973,
        249.8850735568668
    ],
    "y_true": [
        399.7,
        352.5,
        60.3,
        62.2,
        115.0,
        198.0,
        548.0,
        94.6,
        97.9,
        188.8,
        215.28,
        22.1,
        87.23,
        276.0,
        220.0,
        1074.5,
        6.0,
        193.6,
        67.6,
        232.0,
        11.6,
        419.13,
        201.8,
        1340.0,
        455.0,
        333.94,
        750.1,
        528.8,
        216.0,
        109.9,
        98.3,
        88.0,
        82.5,
        422.0,
        92.9,
        1440.0,
        308.0
    ],
    "features": [
        "CC_Thermal_Conductivity",
        "Current_Collector",
        "Current_Density",
        "E_Bare_Anion_Radius",
        "E_Cation_Radius",
        "Is_Binder",
        "M_Density",
        "Morphology_Encoded",
        "Potential_Window",
        "Synthesis_Method"
    ]
}