{
    "R2_score": [
        0.5885493225100953,
        -5.428189709037508,
        0.7890873097404929,
        0.7424401828441656,
        0.15395312026317043,
        0.5378766109607858,
        -0.2506232950813334,
        -0.13597461929992072,
        -0.00797782717123785,
        0.15033046780631298
    ],
    "MAE_score": [
        77.2393724538826,
        192.52099819599937,
        46.55639923439974,
        194.37109313329353,
        106.86254743825316,
        140.46689039577458,
        81.99757638863902,
        107.19825666858708,
        131.12132027368062,
        107.23114969810035
    ],
    "RMSE_score": [
        129.61415753674288,
        210.04723809651264,
        60.553628522895906,
        253.79902684675454,
        182.74077798193383,
        174.10368759088215,
        111.14672731976091,
        142.57470781462388,
        175.91471576154578,
        134.6776555561702
    ],
    "y_predict": [
        306.00646894417423,
        280.64164574054894,
        249.66169323316322,
        231.02147935913334,
        80.8156498127545,
        70.68642233184445,
        62.18190789143025,
        38.28661059099215,
        403.1603975878408,
        388.46025250853006,
        369.3942575928303,
        311.75434554666737,
        230.94806863703042,
        214.28618485057825,
        212.53221815140284,
        209.50694438093365,
        473.55393854164294,
        473.44312326158365,
        473.33230798152454,
        472.7782315812285,
        449.7879335283366,
        449.75496391010626,
        449.72196072293883,
        449.55644020782734,
        577.3988139495748,
        577.3288249111569,
        577.258835872739,
        576.9088906806495,
        1353.5315006765077,
        1135.1135223593155,
        845.6237015365754,
        646.2890711220588,
        467.52471923020755,
        392.4715306549067,
        288.85641309876286,
        233.07409022199766,
        375.3810253790771,
        360.62072930783006,
        330.87048965619385,
        288.64848308295734,
        389.0638992280062,
        364.287516172205,
        361.4151005132493,
        360.854118036597,
        233.4913816590909,
        174.16615001225904,
        92.41803206928331,
        115.23377737899129,
        558.7999231191343,
        497.79556511226474,
        421.1813411954438,
        298.06897546618234,
        218.12903831040623,
        206.39393034861325,
        185.77239194155194,
        159.00426363260263,
        264.48564213931013,
        256.71198941257285,
        242.26771876228895,
        231.28671042257093,
        265.200687309777,
        263.85430129159744,
        252.09124869940112,
        242.95582445472138,
        264.3239675074451,
        264.269331830635,
        263.9692601725802,
        262.3895486499455,
        358.85803969793216,
        331.2754298646342,
        309.8365227144161,
        305.59393481678376,
        64.52006837492326,
        17.625552180766917,
        83.84217933181516,
        216.2754336339116,
        185.7061760554711,
        163.61928035647657,
        97.35859325949305,
        39.009925058891355,
        248.24112069248105,
        210.84188415290194,
        194.9282888741921,
        186.18488457995744,
        895.6593100598843,
        889.3604460801993,
        885.6371297022722,
        846.2572174843699,
        358.75601977525605,
        345.6310358933466,
        332.5060520114372,
        319.38106812952765,
        263.45061985710623,
        216.31630574413788,
        181.0996796234277,
        149.90275700631966,
        379.31494626329743,
        347.9428474355567,
        328.90788846979524,
        290.8379705382725,
        281.5626714406545,
        271.4991414428503,
        254.81667063776888,
        231.52428741026532,
        121.74554887982914,
        108.13913914834531,
        92.71009105678529,
        77.55639717511855,
        316.5730079632402,
        296.81038527106017,
        250.2779177883226,
        113.21214395453698,
        94.36636931862743,
        82.92417196894176,
        76.29558233396877,
        72.53993909927792,
        358.01231992138577,
        250.31860500800377,
        97.85593457676771,
        125.47184076403954,
        161.33038168162682,
        128.6201960140088,
        93.56480955762092,
        78.76236637754404,
        459.37580215303825,
        367.881544232398,
        339.1650451836236,
        304.7029868193825,
        495.878285457893,
        447.468019634393,
        388.62374402937843,
        320.8878370281354,
        510.27507096037215,
        476.8411540124621,
        423.48231236274745,
        403.2677736105507,
        635.0449587268276,
        548.3913366474137,
        521.2837843823544,
        495.0220595399011,
        195.0573558167865,
        160.18793906544704,
        153.52101353019947,
        150.3446391360897,
        315.6913322876041,
        323.96822055386576,
        267.0694804383464,
        265.99726764132333,
        262.7806292502541,
        260.93106625680855,
        111.99177109678415,
        94.76500558001568,
        85.49536894662474,
        80.34319373246827,
        114.35509840872109,
        78.73186874010379,
        45.579991450816834,
        44.24764442443901,
        122.8788695991715,
        94.94407314984763,
        90.82117680869537,
        87.44253343495922,
        109.67401106051749,
        93.73940811959221,
        93.28077258493806,
        93.21480290246146,
        332.9241804997266,
        256.8816172086262,
        196.5752110619214,
        172.7315401305665,
        251.56494574087208,
        216.73583439061255,
        215.64500202801452,
        215.41823814887843,
        494.03300663853184,
        416.0102957232675,
        416.01029572326746,
        453.6875925493739,
        442.1353036321417,
        389.51724049165443,
        341.8804196357883,
        353.20442618627914,
        344.86546026386367,
        317.8997251839071,
        235.63177682151903
    ],