{
    "R2_score": [
        0.789846720749518,
        0.38498465984501373,
        0.4123271467250801,
        0.8578731991997472,
        0.5045080365514099,
        -2.9470604521353376,
        0.040349923447831504,
        -0.11956574980852652,
        -0.052754629703731126,
        -1.554082713068353
    ],
    "MAE_score": [
        57.69811917450234,
        116.70264529007065,
        97.14713269047674,
        66.23728545100906,
        71.48737177912574,
        96.41693279461296,
        109.82184979105662,
        155.12725616739215,
        161.91302415518044,
        124.0748456875775
    ],
    "RMSE_score": [
        69.96221976239838,
        161.0550074032103,
        118.22843708293833,
        85.45241706351143,
        84.06666261874695,
        127.43380026960834,
        121.83028296222712,
        190.78921298516505,
        204.01254317339715,
        138.44272570373383
    ],
    "y_predict": [
        347.4104274737798,
        342.336216242331,
        324.4283124816375,
        257.4187786271953,
        112.79532668273549,
        108.96527142254662,
        106.36063825813562,
        91.94101207533761,
        223.28161088339297,
        223.24801051919508,
        223.1417791252924,
        221.4927479967554,
        139.8039930776735,
        139.8039930776735,
        139.80399307767348,
        139.80399307767345,
        330.098372084087,
        330.0578595503996,
        330.0171988329031,
        329.81165326883513,
        372.4668174827796,
        339.55241507987654,
        322.1244938623951,
        263.6559467312553,
        266.45381713171423,
        249.32185178740238,
        214.49888326572227,
        190.40547816993282,
        320.6679164665692,
        292.1569309818,
        303.9360463251386,
        368.017580994837,
        169.17681195180393,
        158.8339296237279,
        135.8915684450671,
        90.12803273880849,
        198.18346889763149,
        156.70545506666707,
        138.29049365974583,
        162.54015209411367,
        139.80399307767357,
        139.80399307767357,
        139.80399307767357,
        139.80399307767357,
        315.4371356831287,
        286.60989864803554,
        247.54731653921291,
        222.44207392113222,
        232.85229963667126,
        289.5033793988557,
        208.91118840143983,
        125.34431337636474,
        229.88648445758778,
        226.2976385249184,
        221.79288069973066,
        216.29688385260218,
        181.65758524095352,
        178.91226122246562,
        177.53423889645117,
        176.9432606678407,
        227.03161951037262,
        173.1811989287385,
        163.79124743855488,
        133.84521778022906,
        243.97440139564213,
        239.29239463611702,
        234.0181173960224,
        231.52049896482484,
        215.30854336843325,
        187.66675799267574,
        160.0038874077301,
        141.34717702773833,
        353.74113911541474,
        353.74503464237733,
        353.6787765161087,
        352.96934416758637,
        293.01800529967187,
        293.16057525277944,
        259.5832599610025,
        267.3159447135201,
        317.3562462233327,
        322.67947231846,
        272.9927892484807,
        164.25640188899376,
        355.59512182750893,
        315.0190993423698,
        310.19472961091714,
        275.30332946380787,
        293.6703155545993,
        270.4472608040152,
        226.7394781087584,
        151.8153207937105,
        114.60598224486968,
        107.2522196302074,
        82.55956478324384,
        72.0343522871528,
        81.14926562359607,
        80.54416287638821,
        78.47246320628726,
        66.87207699045591,
        194.82815718291846,
        160.22064965614524,
        100.65032756038686,
        64.44082786454815,
        139.80399307766916,
        139.80399307766692,
        139.80399307764935,
        139.80399307744923,
        319.37206719563846,
        246.53712641797463,
        203.7212397538404,
        155.19871881106442,
        376.71166806066145,
        376.3050974982775,
        374.69696775405737,
        353.17343828548366,
        564.8880493077475,
        473.2335207309248,
        437.54624490880775,
        395.02146446106855,
        564.8880493077475,
        473.2335207309248,
        437.54624490880775,
        395.02146446106855,
        583.5311832059294,
        533.1474763311114,
        500.1471533992689,
        472.2610218165312,
        230.49215411909816,
        156.45321443793807,
        89.97515719832889,
        54.39674363970763,
        293.8916976018311,
        249.3218517874024,
        101.69812037468874,
        89.21807542341087,
        34.977055129848466,
        -68.32587591453968,
        109.94131122349741,
        93.09484098136399,
        75.88991213467004,
        60.869745846880875,
        48.317609711120724,
        33.88290704214782,
        45.31866191841538,
        35.61111505474579,
        83.03229827836195,
        75.67426465094101,
        69.66402648356801,
        56.57894060023291,
        172.51950266940398,
        157.37806359281927,
        151.81656471956603,
        159.9673905801671,
        397.68865705080094,
        397.68865705080094,
        397.68865705080094,
        397.68865705080094,
        139.80399307767357,
        139.80399307767357,
        139.80399307767357,
        139.80399307767354,
        365.13435919715573,
        433.3519171161337,
        433.3519171161337,
        191.93144936809526,
        180.21682669175573,
        160.51100328618875,
        142.5597214877358,
        315.7056218448547,
        275.38587857002517,
        278.87459833087667,
        306.75871101092025
    ],