{
    "R2_score": [
        0.6023675096926316,
        0.6566809659769799,
        0.6724451400088003,
        0.6093991167353039,
        0.6373191169736598,
        0.926573263261813,
        0.8016037875509803,
        0.7613787441482308,
        0.4257585134937687,
        0.8879990594471492
    ],
    "MAE_score": [
        59.43588821980596,
        43.2137758317507,
        68.37020535914345,
        75.88885030090249,
        66.67034189136568,
        41.85346683630943,
        44.23307650698439,
        64.83932824530899,
        84.43416655961164,
        44.48845256357714
    ],
    "RMSE_score": [
        87.38421706676449,
        86.96762174449302,
        91.862417126789,
        93.5673192862972,
        86.44332137298022,
        53.06177027504899,
        55.662329902013006,
        90.13796027693296,
        145.49973128776526,
        69.02279637415664
    ],
    "y_predict": [
        211.07074792180575,
        219.8042938851853,
        164.71898043348116,
        128.20215369605495,
        378.7124372306977,
        269.494033935067,
        211.57045721886786,
        115.49973363955166,
        445.9060777905508,
        412.4102019263741,
        311.61954335827676,
        291.23214005073726,
        247.3967278111545,
        238.7818232081734,
        213.39240854513778,
        210.92322577678604,
        478.08883963764316,
        343.88758369186934,
        477.86231645202486,
        477.29600848797924,
        494.55682396941523,
        489.8903590257741,
        470.38471680671194,
        405.7768481515645,
        376.9333937571713,
        379.43722504156295,
        325.1116303976601,
        220.12483640760394,
        412.0091345492726,
        377.1428769524092,
        365.0749542334868,
        362.1308344239199,
        240.74572409873926,
        212.86520892344345,
        211.6861295177615,
        237.42270356002655,
        277.4315252663533,
        150.970590326514,
        49.41599393668413,
        98.7995215126477,
        242.76380791719922,
        216.76417895521536,
        170.7312419145587,
        137.43172698435035,
        309.31036609875844,
        238.19821086732392,
        220.14325567305906,
        199.58376958702576,
        384.2495028662924,
        416.9083557057753,
        371.25271611641745,
        446.77218627929994,
        166.15655047351007,
        115.49110086091432,
        72.27962016192446,
        37.01160878342689,
        287.74689801510743,
        67.20077860109427,
        53.59687217694228,
        67.51315204588877,
        210.45547029300283,
        -0.22978428491655667,
        82.3201215626155,
        512.1342439951983,
        242.76380791719922,
        244.25280535623887,
        172.20103809017425,
        119.77261490685376,
        196.3409789424146,
        238.00836077780974,
        197.90771315583197,
        118.08956207024765,
        551.2760160814728,
        568.98286566085,
        571.6445444176105,
        480.84925913331585,
        226.89788197908277,
        241.8844777442992,
        157.8865355270709,
        206.3389184970877,
        284.3867447032684,
        225.14522839522087,
        224.83158023872363,
        77.88884894208576,
        345.31222861327933,
        333.0529653716863,
        261.3681615290397,
        223.2043376986331,
        289.5784304652357,
        316.8235389774599,
        242.1585085544357,
        164.31765667962168,
        163.47391098042308,
        114.61619418705644,
        81.88848435227064,
        62.1052689500084,
        168.49763803905353,
        145.94757032963824,
        79.92553612112255,
        66.07196764755585,
        166.77159577727954,
        142.8290692164263,
        105.93577639148558,
        102.63427759337303,
        208.16132351309207,
        97.48553102009276,
        80.34975905126014,
        227.48990401847652,
        378.9463804195852,
        251.25373834981195,
        211.59294188073682,
        224.5759119484197,
        507.84116771581193,
        412.3241845413701,
        381.8625057710989,
        332.7704124583108,
        547.3013938974436,
        514.5671548494256,
        494.1058682303657,
        382.05511131396213,
        595.9137400428522,
        514.8926471199194,
        496.4293030314896,
        464.50252081796265,
        610.0306355356315,
        537.4881145728568,
        444.6910750517353,
        446.3683849508843,
        159.74394676750498,
        92.61302982364144,
        42.25774946714039,
        53.80149377266332,
        217.7365371421658,
        337.0321220825115,
        233.3927365049056,
        202.9610140724063,
        185.46318697600609,
        97.78038407244874,
        125.6918480671197,
        91.0930792983008,
        71.27402162750481,
        65.72074569077029,
        86.81048935215429,
        54.778396990948764,
        51.66040862085821,
        14.71101404299032,
        88.26885690305078,
        67.2496926474793,
        55.154430112353054,
        46.964712893535435,
        74.04952226299979,
        22.025316560371873,
        36.682662766364885,
        7.3690801347292245,
        251.44039645285855,
        219.60971821748595,
        173.28818218603863,
        192.04652211107265,
        174.02099369392855,
        161.68555825671797,
        99.14080908235553,
        143.62716557557923,
        401.22207935241147,
        397.8091475871169,
        415.4125132670031,
        600.8675633186903,
        521.6896523612021,
        397.70596935141253,
        323.04210538413116,
        351.74103201323203,
        308.65472704285463,
        288.1413035619221,
        185.942843104304
    ],