{
    "R2_score": [
        0.4550951481671387,
        0.9389272791142493,
        0.9004620665348174,
        0.39815780535434575,
        0.9609971240666626,
        0.705624501476789,
        0.27067055815762886,
        0.8802883763350634,
        0.7215824808727587,
        0.6089899382636556
    ],
    "MAE_score": [
        115.06329885281954,
        47.322332126626186,
        62.98525954678401,
        94.21217494534991,
        43.497863765051136,
        69.90805697019661,
        72.31073453310198,
        49.67133596094314,
        53.48066446431874,
        82.03633113282294
    ],
    "RMSE_score": [
        178.4426111942999,
        96.7358319462129,
        82.8439115593711,
        144.74479765348858,
        63.851618175972256,
        102.68671213252588,
        106.5607158183285,
        68.32807059579395,
        90.0121546971296,
        128.07836795233382
    ],
    "y_predict": [
        253.57953193514078,
        211.80350552843194,
        188.26739025165244,
        158.71103646392407,
        324.35602917592365,
        298.53318918498235,
        275.2193228516502,
        277.0431058439054,
        462.57090965963994,
        463.4037419220546,
        386.21482294697495,
        314.17212888171895,
        228.43443632337622,
        202.62153747830308,
        179.3074695362603,
        52.87465583850295,
        488.4170385831565,
        526.4415384770559,
        537.6620507186938,
        486.8646573361449,
        501.22618763863306,
        537.7806474562706,
        610.336610102513,
        542.7524323871128,
        488.4170385831565,
        543.1844741178104,
        610.336610102513,
        609.6642753809006,
        1710.8792510199387,
        1455.0523987932477,
        1330.2344207521014,
        996.6736434717071,
        595.1803914258415,
        433.07040469978097,
        405.34623660129205,
        375.46574043593216,
        342.5647187200418,
        419.21511963771115,
        269.7664642634701,
        201.3316743495099,
        413.8285121003878,
        391.16176968166957,
        329.3952910625376,
        343.0702589126065,
        231.76909345506365,
        188.13345415724706,
        149.08268255435945,
        170.30115337599884,
        128.61110963775562,
        162.71377078060834,
        40.36736167421341,
        191.7775767041074,
        277.9301598375347,
        238.50854029748314,
        151.99898190093248,
        84.91100724613021,
        310.3518898120845,
        215.89737826315323,
        166.57913486866107,
        148.59892753696437,
        362.1269461478987,
        366.47540312510887,
        405.0842166375518,
        265.47614234129776,
        139.63479307270487,
        130.42015132918067,
        86.75785816973145,
        91.47292389076524,
        258.5829225876647,
        145.42041345597033,
        67.26382243632821,
        -6.254358040128324,
        64.56193489792605,
        154.28808737748489,
        -22.990546997308655,
        193.3594075304939,
        209.29732750214163,
        242.84350221813446,
        150.85271852304066,
        158.47332662688962,
        69.01067237619498,
        237.28081197073183,
        41.23811571693529,
        -105.32176058801025,
        496.92146000329944,
        584.2526606329501,
        431.7208655854611,
        473.185285990505,
        294.3203274448024,
        279.2170673069753,
        272.9337203574974,
        209.0144528780969,
        325.0182597110696,
        243.31609019339845,
        219.02485746256338,
        164.60140668108258,
        356.324077132182,
        316.14627006227784,
        316.87984768340436,
        163.5471780713867,
        320.6147661864407,
        279.70199195646984,
        208.5684770105968,
        163.5471780713867,
        109.03383653379012,
        120.71172943173252,
        72.3895931024652,
        71.14786038573268,
        170.82963181429403,
        129.95030646853195,
        130.1726466746324,
        -248.46751899143598,
        111.62027087272362,
        120.90895555874934,
        69.19486252929903,
        71.92505656172611,
        163.86938880005764,
        105.9991246601458,
        154.83094036658864,
        138.29632544602728,
        265.5264323447662,
        357.9582255411576,
        259.35540349542873,
        104.83849099129816,
        461.66981674880424,
        330.89466375028167,
        351.2533146387492,
        269.7972897170872,
        564.9547701637115,
        514.8180965626215,
        477.20833858951335,
        436.15769645711765,
        635.3516869972568,
        510.826910030708,
        478.32578299686423,
        435.6079065369883,
        583.9444287448573,
        515.1143157151716,
        508.0830218347445,
        476.5232905626162,
        101.5259787524853,
        74.97786045703613,
        57.900806630736305,
        17.116620077419487,
        345.4791029660653,
        309.90427300001994,
        232.96664021611699,
        222.51024065878835,
        123.3199631604649,
        244.88618758961647,
        123.08039404252744,
        72.3895931024652,
        73.45492112684052,
        73.54496962559514,
        111.97943519884639,
        62.103765909050956,
        60.316714717092744,
        41.21834694115691,
        38.995342931387995,
        68.81854087349234,
        29.31277493010103,
        22.376436457603525,
        42.39905621824858,
        26.08628100894635,
        16.50543706684227,
        31.95947606384987,
        356.91279573133204,
        120.72592154514713,
        126.00037789888636,
        112.58695145289985,
        239.63549887882226,
        150.97091346387037,
        162.60474651750283,
        180.87618456323224,
        437.12167718616723,
        353.06124134151986,
        371.6769685278965,
        533.1068826919136,
        549.6309842636638,
        439.61715965103645,
        469.90718420032357,
        291.31257466504275,
        324.23663405923537,
        258.9615445586647,
        331.8143668874018
    ],