{
    "R2_score": 0.8368929997922021,
    "MAE_score": 54.904869994050834,
    "RMSE_score": 72.80869652577785,
    "y_predict": [
        574.0516162024098,
        176.84980532921108,
        128.45399911408296,
        272.0839500887635,
        505.12120024976315,
        168.19734585542292,
        411.2992017939902,
        407.9740861560962,
        138.75589417955644,
        124.04141415842714,
        226.20674165189493,
        411.2992017939902,
        319.31576817677274,
        396.1599819322795,
        395.5276534528887,
        337.8743471411883,
        411.2992017939902,
        77.10821040561541,
        55.932674782121275,
        160.93756615377936,
        349.0864993820749,
        111.81903026742918,
        44.67248699433798,
        69.46971980272963,
        458.912507619053,
        505.6682981397568,
        -15.285545983101404,
        34.83702329464084,
        115.16801072832865,
        70.1156432613345,
        352.7087076651662,
        406.9905523467664,
        235.7072550450544,
        40.35197707677441,
        107.00628892734395
    ],
    "y_true": [
        706.7,
        100.0,
        101.7,
        396.0,
        512.3,
        162.0,
        581.6,
        455.0,
        112.0,
        97.9,
        326.9,
        422.0,
        232.0,
        297.8,
        355.6,
        377.13,
        394.7,
        73.8,
        59.7,
        65.0,
        381.4,
        31.9,
        62.32,
        64.8,
        368.7,
        473.7,
        82.5,
        11.6,
        287.4,
        98.3,
        352.5,
        423.0,
        131.0,
        60.3,
        170.0
    ],
    "features": [
        "Binder_Type",
        "CC_Electrical_Conductivity",
        "Current_Density",
        "E_Anion_Radius",
        "E_Ionic_Conductivity",
        "Is_Binder",
        "M_Density",
        "Morphology_Encoded",
        "Potential_Window",
        "Synthesis_Method"
    ],
    "params": {
        "hidden_layer_sizes": 44,
        "activation": "relu",
        "solver": "adam",
        "alpha": 1.7073967431528103e-05,
        "learning_rate_init": 0.005399484409787433,
        "max_iter": 3205
    }
}