{
    "R2_score": 0.675387338871744,
    "MAE_score": 96.33233400669017,
    "RMSE_score": 160.39437249114258,
    "y_predict": [
        431.2887869277324,
        635.4064858264703,
        98.42572598679243,
        193.6364481821696,
        71.03251548751044,
        511.74313858975637,
        417.6766018193792,
        243.04967815583734,
        333.8099461053205,
        545.0305329296691,
        508.99315079354875,
        425.34165810467607,
        76.3923746927596,
        17.608553367054743,
        143.80881829675147,
        27.950563289428448,
        15.61174040308985,
        1448.3684848819628,
        388.7688954283989,
        47.57800818927909,
        641.8271144440097,
        320.0408877181932,
        57.55204316512547,
        -282.72740393063856,
        288.4216665394187,
        247.2439482289805,
        0.03206976705462239,
        -33.498277591091025,
        82.32362825847407,
        121.79748026781736,
        285.04945747633747,
        195.6191805810915,
        344.8421103515269,
        -84.0281902420392,
        510.95742779084,
        118.6426815982858,
        190.14016086265892
    ],
    "y_true": [
        232.0,
        565.3,
        310.0,
        112.0,
        64.8,
        1074.5,
        455.0,
        326.9,
        227.0,
        473.7,
        340.3,
        405.0,
        100.63,
        98.5,
        163.9,
        6.0,
        45.4,
        1440.0,
        434.0,
        66.5,
        140.0,
        334.0,
        41.8,
        98.3,
        188.8,
        235.0,
        58.1,
        67.6,
        93.4,
        104.2,
        294.1,
        100.0,
        329.0,
        27.2,
        413.6,
        109.9,
        334.9
    ],
    "features": [
        "CC_Thermal_Conductivity",
        "Current_Collector",
        "Current_Density",
        "E_Bare_Anion_Radius",
        "E_Cation_Radius",
        "Is_Binder",
        "M_Density",
        "Morphology_Encoded",
        "Potential_Window",
        "Synthesis_Method"
    ],
    "params": {
        "hidden_layer_sizes": 88,
        "activation": "relu",
        "solver": "lbfgs",
        "alpha": 0.0037947060877944984,
        "learning_rate_init": 0.004943018624063396,
        "max_iter": 691
    }
}