{
    "R2_score": [
        0.17507490366707879,
        0.5413929325758531,
        0.42687176452156494,
        0.3291273567048497,
        0.3554645410256293,
        0.7005010879832436,
        0.4237626546129527,
        0.49052540582392956,
        0.5718900996975977,
        0.7844779179296691
    ],
    "MAE_score": [
        104.27279815316392,
        77.05099632694446,
        95.25157694199024,
        103.69223060348793,
        97.06954919708643,
        77.20800181995334,
        74.87804034416554,
        108.91657767253172,
        92.3194774077397,
        71.62925180962381
    ],
    "RMSE_score": [
        125.86336134835386,
        100.51457124569814,
        121.51272133393016,
        122.62460400023392,
        115.23715306513691,
        107.16482172427845,
        94.86268069715456,
        131.70868955731828,
        125.62976410038787,
        95.74753507522303
    ],
    "y_predict": [
        212.18994754357175,
        223.18236960250218,
        214.937005541234,
        207.98529111837567,
        187.90209915159534,
        168.29884932877331,
        151.29877092690504,
        -15.584020986088262,
        352.89835509226737,
        360.11657428681934,
        321.94794843849957,
        263.3142748199359,
        271.15760675645316,
        261.41217818807274,
        249.78638075580133,
        220.9656301660907,
        261.8630354765696,
        244.32951167483452,
        261.8275275784721,
        261.7387578332284,
        489.43445890609604,
        451.3218083514419,
        534.355549117432,
        402.10426680560465,
        272.86590315298724,
        275.05264998358837,
        280.1752532475746,
        174.30915270622592,
        374.6807649868862,
        375.16974046453197,
        357.4157914157946,
        330.62495072198504,
        291.3611589829626,
        254.75351733069448,
        199.92333646079717,
        107.98190130336633,
        315.66326767494576,
        311.1597202943867,
        295.33203673949777,
        255.86116374382314,
        179.23345902037784,
        159.45703009522788,
        134.67265172893224,
        105.37014063915922,
        286.9738777399864,
        305.7335933513556,
        270.7921621350497,
        253.76095982448453,
        472.20171860043666,
        469.25597285899397,
        391.4216497804565,
        412.2181507545299,
        197.6433760437077,
        142.01554324981106,
        142.32341403490557,
        137.34949416287373,
        63.01922670445265,
        35.78616536495133,
        15.591148159956333,
        9.673363519078464,
        243.26997232777757,
        185.1834970426553,
        109.85281506285139,
        -161.32461439512713,
        179.23345902037784,
        200.5495340703376,
        139.0206291884548,
        128.6404376637281,
        107.80031997517233,
        78.37936599098299,
        95.6521474589918,
        92.21485051405887,
        498.11318648933366,
        486.487595509121,
        532.9277083098079,
        500.34608723103275,
        315.1129902460308,
        356.06549425199535,
        377.8038893008004,
        329.4557690653818,
        178.5378298341128,
        176.8982537963593,
        161.81491404149813,
        111.63520997776948,
        231.61498445533402,
        225.88408434767348,
        209.01577986139284,
        170.65455651599837,
        228.26360373013276,
        197.94604567672525,
        197.89441938725622,
        148.14212373307151,
        134.47911938320811,
        148.1502938775784,
        107.93486496095596,
        91.27436154520387,
        105.34572853804053,
        95.02924660446581,
        89.62807016529746,
        56.6678406845042,
        167.92735652259233,
        147.98217648137472,
        100.16262548333026,
        82.62004508397627,
        167.8050995158112,
        160.5616704184958,
        112.81096086589457,
        2.487207377046502,
        289.793257197518,
        277.4774380659612,
        237.01317785586554,
        141.08698699974445,
        444.0822003247042,
        429.13717835235457,
        412.61425944149084,
        343.01226922814334,
        459.1675761166017,
        452.10837815944944,
        421.7845230277738,
        409.88870916641525,
        470.0984290184533,
        441.6249957172477,
        439.10804146156204,
        408.11765390467076,
        481.73960260897644,
        440.08618714011897,
        439.9374761524693,
        417.77721803177883,
        191.82792413315184,
        178.42801500373787,
        183.29815853548934,
        139.18908729312375,
        209.8182838410991,
        247.51580915560652,
        384.88234657539095,
        360.8191259327665,
        287.4352513602163,
        201.00949708345541,
        123.00100135691679,
        130.39634482884117,
        86.1217348029212,
        94.88844673136657,
        154.20571328813827,
        140.80238101947918,
        88.21969045382451,
        98.22850772868446,
        155.42974579992847,
        115.77102370275406,
        84.33507311714044,
        76.2164599847448,
        190.2332216447088,
        179.9753797453418,
        163.04450836298736,
        133.4298260327525,
        297.2891235901036,
        308.05704611730533,
        291.4557388027541,
        301.7728392712516,
        242.86060139204068,
        209.057460740305,
        205.12551379982293,
        193.06042907338036,
        324.5576156739237,
        400.34089463005495,
        378.8433543793292,
        461.2087564161351,
        471.5252108556705,
        431.18665030153744,
        385.8780744363312,
        280.53009731690963,
        305.44155176995844,
        234.47391417405626,
        128.78397930022817
    ],