{
    "R2_score": [
        0.14358658528038548,
        0.8060264744131839,
        0.8132705944072613,
        0.33926803074666434,
        0.8549832575185649,
        0.6021468469429148,
        -0.3369989118385026,
        0.248596201477559,
        0.4868780031632509,
        0.3544461498842706
    ],
    "MAE_score": [
        152.29756516404564,
        129.2373715301785,
        92.02632401946654,
        123.17321534159986,
        83.47651926892979,
        93.67553450473709,
        114.46577042457228,
        139.36820946470664,
        97.9624821615935,
        107.29468307839021
    ],
    "RMSE_score": [
        223.70720049052917,
        172.39908888157134,
        113.46780240937626,
        151.66113697172466,
        123.1211504326685,
        119.37814352817111,
        144.2782225201958,
        171.18578158710721,
        122.19774582458363,
        164.5690098574402
    ],
    "y_predict": [
        269.62139749584287,
        271.44399662368926,
        266.4698691687965,
        253.5563050236962,
        131.17430519789966,
        120.15578800683465,
        91.4526908444711,
        -97.08574072855492,
        418.0790864279468,
        433.4129687665658,
        379.3730901994447,
        326.18674971404954,
        203.7996854642105,
        207.04242492796504,
        217.54678017216347,
        167.0050662010796,
        376.82715406952,
        394.3689141662212,
        391.82282025770803,
        376.6991014167753,
        356.4595017211783,
        408.93328742684736,
        420.07526752793626,
        396.26338726137135,
        376.82715406952,
        396.3892151414665,
        420.07526752793626,
        419.97848200287285,
        1130.1366626702686,
        1063.9979647782607,
        1010.0621752655807,
        1076.9107527672652,
        605.9479322714046,
        659.242517991087,
        612.1269111793011,
        563.596208695883,
        234.0317372295513,
        236.53489276305652,
        216.7788073346514,
        172.52606259898047,
        418.490375185546,
        421.37636744166394,
        416.55011912504256,
        337.0828340942969,
        276.65926731091105,
        269.97538855818493,
        193.67359334654878,
        79.31942660283272,
        393.97575479052495,
        382.02784162059396,
        353.5172262310181,
        303.0654001267565,
        134.96243623964952,
        124.78611579997869,
        96.10973980338963,
        34.26042382494438,
        319.17817575258726,
        293.2210215247119,
        272.9917572449584,
        247.21672219702268,
        516.7133830509846,
        491.04995891107933,
        487.06191142907454,
        455.0265508551786,
        180.9277330974883,
        185.26703845294594,
        158.29914369660594,
        141.18421648855383,
        80.86946345568566,
        62.57622734929623,
        30.862389512708887,
        -16.04739999779946,
        270.01637571549145,
        179.57867455905352,
        137.97808691960563,
        -253.25335936415888,
        143.33514919884792,
        119.23994896452987,
        84.46706468213586,
        35.35469556776633,
        361.2486858587994,
        393.61733568195723,
        351.1422214701473,
        341.16128009335966,
        556.0220523953159,
        539.0484630179108,
        535.050739046125,
        482.23126901651943,
        335.0169094818482,
        350.77062499834335,
        326.05570910469555,
        327.7514610425685,
        193.94435601220624,
        182.59298402199627,
        153.99523091244242,
        123.65443842778382,
        281.4349296828736,
        251.95156366593852,
        233.65832755954904,
        195.77553496508165,
        263.05806823939486,
        253.964222135878,
        227.67995647643397,
        195.77553496508165,
        147.47047164489155,
        118.06261599288007,
        90.30862502740428,
        59.45017844406141,
        257.43091670817637,
        263.7214117047413,
        280.5839435454227,
        195.22451769186577,
        135.12936922573644,
        112.16025082365434,
        60.04716877222586,
        40.69006375953455,
        215.41148277893024,
        176.4735288670368,
        128.16179139578315,
        -50.03454682761355,
        286.3591713800726,
        252.05159315113946,
        180.64017392693063,
        89.46969512227014,
        448.41501681277487,
        416.20936649569114,
        394.4792273000949,
        353.22990649013883,
        500.6813821429953,
        495.6830616826148,
        466.2419980434372,
        425.1270579250754,
        507.07565245524876,
        499.46548385113226,
        471.165385836625,
        424.28187786999626,
        522.0624501497316,
        481.4979684254147,
        488.1923563093547,
        434.32488362711433,
        141.57866507727275,
        163.69303712319362,
        99.63603837889099,
        127.31765270912638,
        -34.21926026020128,
        224.35318472320563,
        410.42406399446094,
        391.2780511945174,
        332.52907644367656,
        242.40850834356525,
        118.49304950630213,
        90.30862502740428,
        76.37681043475862,
        61.919224786723476,
        155.28307168401446,
        122.57106912539493,
        137.75895140359262,
        98.13334081356788,
        131.97007411028648,
        119.8681284198428,
        100.15876397825946,
        74.76724159370468,
        159.9808444828046,
        142.9392458396386,
        113.942516571255,
        110.19651622609103,
        342.29706829200416,
        328.22620228744745,
        313.2889805294193,
        271.73370934943193,
        282.29250041798036,
        271.7922479481231,
        255.79666059674943,
        220.56596917613646,
        237.8325964096345,
        434.84335523143204,
        445.16807747847145,
        321.0498645544793,
        387.3954604040179,
        315.56465221223567,
        224.26433949102244,
        363.5365089064561,
        339.41647790974844,
        288.60297680214893,
        169.87748790647086
    ],