{
    "R2_score": 0.5938718820939745,
    "MAE_score": 121.47247007007886,
    "RMSE_score": 179.4063987262287,
    "y_predict": [
        303.5198336711287,
        501.9149633112662,
        391.09617780266626,
        249.3349058351621,
        52.974486688041566,
        385.03415286784866,
        412.3267637152464,
        191.66542509614328,
        39.56524739522496,
        481.8464715201675,
        384.893673425311,
        262.52135157859044,
        66.00964231331307,
        42.14751744516798,
        123.21420795688721,
        310.82221063827126,
        117.16154523969612,
        1169.606960529476,
        392.2582719241476,
        138.53938965699132,
        269.0389293912262,
        111.28267652835837,
        77.02456165749862,
        -158.5374004658196,
        225.37281290841395,
        339.07439554933876,
        137.2300370307949,
        390.506117556618,
        93.11147027023907,
        142.48997640066167,
        167.27980972486682,
        229.26641404406337,
        366.0491577320539,
        370.4376257655193,
        384.9940158842665,
        106.14662589551057,
        241.83665457389014
    ],
    "y_true": [
        232.0,
        565.3,
        310.0,
        112.0,
        64.8,
        1074.5,
        455.0,
        326.9,
        227.0,
        473.7,
        340.3,
        405.0,
        100.63,
        98.5,
        163.9,
        6.0,
        45.4,
        1440.0,
        434.0,
        66.5,
        140.0,
        334.0,
        41.8,
        98.3,
        188.8,
        235.0,
        58.1,
        67.6,
        93.4,
        104.2,
        294.1,
        100.0,
        329.0,
        27.2,
        413.6,
        109.9,
        334.9
    ],
    "features": [
        "CC_Thermal_Conductivity",
        "Current_Collector",
        "Current_Density",
        "E_Bare_Anion_Radius",
        "E_Cation_Radius",
        "Is_Binder",
        "M_Density",
        "Morphology_Encoded",
        "Potential_Window",
        "Synthesis_Method"
    ],
    "params": {
        "alpha": 0.03892391830611489,
        "l1_ratio": 0.6844995105788008
    }
}