{
    "R2_score": 0.49012562096223733,
    "MAE_score": 105.41366160401766,
    "RMSE_score": 128.72963876269696,
    "y_predict": [
        458.124613909402,
        204.69484216347746,
        90.05216360939733,
        257.0394415660456,
        455.4030241053762,
        211.78407920465224,
        359.4060808669515,
        355.75797460849606,
        187.10444594403958,
        160.72479285723364,
        186.67403422163113,
        359.4060808669515,
        292.82297786410845,
        356.6844910629257,
        287.7193546312301,
        285.39256726408155,
        359.4060808669515,
        149.67967888865263,
        146.06188597800121,
        297.03225898407396,
        430.7739524791506,
        214.73513741370311,
        16.617260869616814,
        68.79077525232543,
        476.0185968369958,
        433.4449806487894,
        -36.71227322766731,
        140.6962376318653,
        63.27586791856811,
        -210.28779100169243,
        360.3527277017664,
        309.8907980747897,
        336.154465368362,
        100.32041236742737,
        38.793342059224585
    ],
    "y_true": [
        706.7,
        100.0,
        101.7,
        396.0,
        512.3,
        162.0,
        581.6,
        455.0,
        112.0,
        97.9,
        326.9,
        422.0,
        232.0,
        297.8,
        355.6,
        377.13,
        394.7,
        73.8,
        59.7,
        65.0,
        381.4,
        31.9,
        62.32,
        64.8,
        368.7,
        473.7,
        82.5,
        11.6,
        287.4,
        98.3,
        352.5,
        423.0,
        131.0,
        60.3,
        170.0
    ],
    "features": [
        "Binder_Type",
        "CC_Electrical_Conductivity",
        "Current_Density",
        "E_Anion_Radius",
        "E_Ionic_Conductivity",
        "Is_Binder",
        "M_Density",
        "Morphology_Encoded",
        "Potential_Window",
        "Synthesis_Method"
    ],
    "params": {
        "alpha": 0.00028258703846112827,
        "l1_ratio": 0.9990674394899519
    }
}