{
    "R2_score": [
        0.1596886094168759,
        -0.9691307618168996,
        0.8198419710080789,
        0.6038866442001047,
        0.7211091064916257,
        0.42079065929937376,
        -0.7905472618742799,
        -0.1996286918529857,
        0.4931547826313587,
        0.3637779066568645
    ],
    "MAE_score": [
        115.1645945656298,
        94.00985104426991,
        43.38717872602251,
        231.97324959410352,
        79.36040734318316,
        171.2728314862964,
        98.63967990001534,
        97.03250117692038,
        108.64345378968532,
        89.93235078834239
    ],
    "RMSE_score": [
        185.23100188561145,
        116.25453708791012,
        55.96488652584185,
        314.74630573578816,
        104.91930915278415,
        194.91567823111365,
        132.99224491572133,
        146.51483431912817,
        124.74247537648897,
        116.53996896228851
    ],
    "y_predict": [
        261.41256648450553,
        235.74407642115378,
        210.29738304076554,
        188.10830882098122,
        122.09859970779583,
        115.07472804482217,
        107.64729251702391,
        103.74799613701785,
        384.922512669605,
        361.8274480501161,
        316.16294030283495,
        254.1245436720153,
        244.73507968920734,
        230.96978185690216,
        217.01206215250488,
        189.5975713258585,
        512.4432139545096,
        512.3177999522942,
        512.1923859500788,
        511.5653159390021,
        517.4791415883009,
        517.3767649732854,
        517.2743883582698,
        516.7625052831921,
        611.3934459422177,
        611.2930895244546,
        611.1927331066913,
        610.6909510178755,
        996.3719632348729,
        833.272600847136,
        679.8453115941624,
        629.6612235576639,
        433.5924444001865,
        411.8732448164991,
        390.1540452328117,
        322.5409698807484,
        280.4302306488718,
        256.08895596029384,
        209.6658907099708,
        164.6296085895097,
        426.4510164846517,
        417.23687508513257,
        399.93111760469395,
        353.3452943284613,
        230.45699136186417,
        151.05382445109822,
        100.20626373801953,
        125.1249737179156,
        362.21809715100153,
        304.91167437144065,
        260.20825454770005,
        196.2129640707179,
        206.38917873004226,
        200.6106682278466,
        183.27513672125954,
        160.40172277692614,
        324.8410468045591,
        298.6751415475603,
        261.2952768947049,
        233.73035760033702,
        232.27031395933997,
        211.62023111136767,
        195.3360832139835,
        183.48973412768862,
        257.2716100806773,
        244.9950369617346,
        232.71846384279183,
        220.44189072384913,
        225.23478536214742,
        85.082393471763,
        6.7693855286971925,
        -0.615846789185948,
        97.90857792064067,
        3.8379025934182747,
        30.323693015833303,
        113.58362398286563,
        279.2604610010487,
        249.84369986901572,
        162.08273118367873,
        111.21082324515096,
        519.4499003514375,
        479.55236699220166,
        448.6803681710672,
        426.0634977038818,
        669.4665609543258,
        629.1432118114031,
        590.0137975225406,
        515.7850956878401,
        377.2341951005891,
        355.301371542621,
        333.36854798465276,
        315.1322448065629,
        255.74111899424585,
        226.73560365913272,
        191.7128242163227,
        134.89631607712542,
        393.5101995608561,
        364.6728020633832,
        333.48133842855276,
        291.34505117577913,
        311.11817904946736,
        277.8878819820974,
        243.41543625106962,
        189.95626871854384,
        111.72292678469525,
        97.42115197498477,
        79.85666049316549,
        57.89202719042361,
        282.7050658720977,
        240.7311797152759,
        184.15940270631256,
        100.23262490597514,
        143.5157088482456,
        120.09504843871748,
        89.29892649944097,
        90.8554656869462,
        212.30627451292932,
        121.17459808073052,
        80.05904630734184,
        55.326907590355766,
        299.56544901319427,
        242.88382894128137,
        173.33945895838957,
        119.3659053633665,
        443.7211662653204,
        337.5646325399228,
        283.9724173759734,
        292.1149402820754,
        457.8279463064998,
        445.604564107986,
        433.3804600047891,
        408.97451631265704,
        562.7240294875968,
        499.76699362677897,
        456.0283524488239,
        411.8802306452163,
        600.4410822602013,
        540.7048308207753,
        505.3281061361566,
        460.1987394565189,
        122.64163629748451,
        34.453084647139455,
        -16.41344380098108,
        -30.593817891177064,
        181.28815242027505,
        322.791255218079,
        358.7863989159703,
        336.1554990067456,
        303.4588359949259,
        299.4091311916105,
        122.75621218157254,
        75.32236553754157,
        48.57666760057614,
        56.254352515479944,
        91.76222964692629,
        60.41489155581426,
        46.97445731755886,
        47.90635078658707,
        177.76780005471088,
        167.05055835870115,
        156.33331666269143,
        145.6160749666817,
        203.70699046962233,
        191.7804663561189,
        180.7751155144217,
        170.1531548782398,
        466.94871822339763,
        430.30414761237597,
        389.02146458979865,
        345.0113652071531,
        273.55897148361953,
        246.81094801647535,
        220.42746435200192,
        195.85353788532453,
        417.2333152624423,
        390.54395993699603,
        390.54395993699603,
        434.914815952842,
        417.6656681194661,
        402.4149144404689,
        396.37190421463873,
        360.9585570687731,
        351.62771171608307,
        286.0557664401655,
        254.17279233362004
    ],