{
    "R2_score": [
        0.6054623333118451,
        0.6450449385867174,
        0.3406809811821614,
        0.8110550003927499,
        0.43861055150714146,
        -0.9718171482289459,
        -1.225837429352901,
        -0.3105594294071752,
        -0.0004952648195057918,
        -1.4908868417906511
    ],
    "MAE_score": [
        77.10735256782336,
        91.84357060308949,
        97.38282526418917,
        79.5361498820314,
        71.93303696511518,
        77.46521627594073,
        153.91174362228702,
        173.97162527689562,
        156.01692588953853,
        117.29848009101399
    ],
    "RMSE_score": [
        95.86050899428363,
        122.35393596018257,
        125.22814156557715,
        98.52672851572801,
        89.48239963418092,
        90.07018717068874,
        185.54340502280525,
        206.42266198766407,
        198.88444075297195,
        136.7192482183799
    ],
    "y_predict": [
        264.93420468299644,
        228.9484540934328,
        195.7164203127168,
        163.69966223993958,
        104.45593096512964,
        99.12831126493732,
        100.2962752633559,
        97.52990899331175,
        465.0467398518879,
        403.39301549106176,
        301.3454547521921,
        287.05910117280115,
        279.15250625903593,
        273.37714295328794,
        267.67918104932886,
        256.28325724141075,
        429.8394752123553,
        429.6867826513543,
        429.53409009035335,
        428.7706272853485,
        520.0645367416608,
        520.284216083514,
        542.8771728222463,
        381.1481241502153,
        193.76054140577918,
        174.20744631333054,
        159.5932646815104,
        163.2045215270799,
        394.4074312302155,
        327.54837252176304,
        342.3094387946454,
        428.1612534389995,
        203.105497867064,
        173.87132776969472,
        243.70581372473075,
        231.35837647190183,
        281.5065315799121,
        228.80726717238647,
        179.60520944369782,
        157.6607553022254,
        225.98119695535038,
        218.76193466513882,
        197.52380501345434,
        164.08042058156772,
        343.6249514724134,
        299.8883124743058,
        255.2646633809784,
        234.8254094274157,
        291.48113843442013,
        235.3461148837099,
        219.56460718787346,
        210.2931962005834,
        4.598517617796051,
        1.4405667941715863,
        2.7239714428877724,
        9.289793504546568,
        355.34621902529443,
        306.6037616034937,
        280.5507714247579,
        274.04867747399425,
        165.09120245456967,
        58.28080065752093,
        57.749702575186674,
        103.95393029415081,
        300.7179756063273,
        254.42899441919928,
        158.53327872758257,
        88.40454246740376,
        406.61446961542646,
        381.41264540896924,
        364.1474402601587,
        353.7864850206486,
        633.9724255320078,
        604.1618865616609,
        579.5793265426136,
        539.7972433864994,
        364.2848038560047,
        332.30496729375255,
        304.5967516547226,
        283.2701834430575,
        207.7168981160564,
        182.83337622752387,
        156.90766240056675,
        118.38502643889026,
        371.4300566262645,
        342.7691799805694,
        320.6869699435525,
        277.115244886294,
        306.0714858036793,
        277.3427169881566,
        240.25578019779067,
        178.5215322507803,
        132.41858772302945,
        115.76801145080576,
        93.47647753189845,
        68.7310820393943,
        40.94033542574281,
        30.71732601588814,
        35.564840347942045,
        35.8398388529199,
        107.98905644228692,
        86.0336981062352,
        51.76773281424559,
        39.502730613426635,
        179.73249659141365,
        162.2493646954347,
        128.50427303618795,
        101.82871020497643,
        233.73712901301377,
        158.7223158046729,
        131.44210996169912,
        98.05118080850494,
        522.0738364227067,
        443.4336493867063,
        406.1395626500338,
        454.08836974487645,
        528.4847716051285,
        483.7584232103575,
        453.6090237052497,
        422.9442503322655,
        528.4847716051285,
        483.7584232103575,
        453.6090237052497,
        422.9442503322655,
        607.695736867524,
        549.7980406636664,
        517.8681037702173,
        498.74456323924284,
        213.04563509935974,
        117.63275012849857,
        54.363516858021654,
        34.58647476685,
        126.84384753055544,
        174.20744631333048,
        450.8225907566302,
        431.91335423592204,
        381.24255301044326,
        318.33513263530034,
        129.49507661713525,
        93.51455243210788,
        76.63235746612173,
        74.02750819377233,
        40.583841691290964,
        31.221361794662876,
        31.800828913456883,
        30.99633519501117,
        97.0989894661954,
        69.86343686869246,
        54.364325280234034,
        48.126945911617064,
        241.38477164118018,
        156.21889730077055,
        89.64143194230167,
        73.78878250966746,
        354.50511431994113,
        323.3431047912041,
        294.3165586894235,
        265.9543530112751,
        253.33342030423302,
        239.29498822611743,
        226.88996598190036,
        215.39879418911127,
        424.14447524458944,
        424.5654879182557,
        424.5654879182557,
        862.3561457137305,
        839.1495853617338,
        762.9079043559276,
        705.8072807647336,
        322.09843212906367,
        247.48841626878593,
        224.01417428709527,
        211.8308105381403
    ],