{
    "R2_score": [
        0.38347845706943284,
        0.5759050147443592,
        0.5473618487770564,
        0.776605132179091,
        0.8434649267708385,
        0.9381576318269325,
        0.5365500068136753,
        0.8668150067700816,
        0.802065944006066,
        0.8867814962914611
    ],
    "MAE_score": [
        85.30130304971686,
        52.435703052986796,
        77.89728178549163,
        54.57012872929016,
        46.03486414026869,
        38.61264659440447,
        71.55258775400823,
        46.00936065003605,
        50.40369653736963,
        43.589216765717765
    ],
    "RMSE_score": [
        108.80934505686366,
        96.65853788273343,
        107.98698677410916,
        70.76103431283082,
        56.790402061545755,
        48.69649207300046,
        85.07385890433144,
        67.34119350015281,
        85.42306908441374,
        69.39695594643608
    ],
    "y_predict": [
        247.0403181585075,
        207.3982351879658,
        174.4526692607544,
        199.032797605604,
        392.9811106764144,
        193.28120218583143,
        301.16743280922,
        79.31966971051045,
        459.0792161219398,
        353.34203572642986,
        378.2961535797201,
        315.9509274298682,
        233.1645887640386,
        227.70957218848469,
        194.25283603913732,
        212.68744630573917,
        503.1887239908906,
        369.65688504383576,
        502.8893920160535,
        502.14106207896094,
        591.9508931623069,
        480.1988787795044,
        495.75246137946357,
        188.24324424569446,
        376.54151374861493,
        364.06239414760137,
        363.7239110502168,
        219.84686321251087,
        407.9783182099865,
        322.24219484348293,
        317.51064613816607,
        442.5549395918126,
        224.93555316223353,
        198.02991960565183,
        152.7846386354757,
        95.35349662432394,
        202.90335122130588,
        167.882355047102,
        106.74232238146338,
        75.32832315448084,
        278.51467155998614,
        243.97086531106714,
        159.24619457799133,
        200.02406399380504,
        320.08173996700066,
        238.087000903305,
        228.10035500727597,
        180.69935970717498,
        466.25794997877034,
        386.33226938270195,
        389.83569826391295,
        48.76326350917539,
        180.9478221591184,
        179.0608852955852,
        85.11791248283566,
        27.94515930277467,
        222.6322830894772,
        80.05355970579878,
        54.043033620854466,
        29.599669969069403,
        293.062587397469,
        51.107306697572625,
        25.495875318557847,
        125.52160014906602,
        278.51467155998614,
        249.4668017525355,
        170.47053151760403,
        103.91388903757101,
        136.02140805362652,
        254.02971865423962,
        101.1740445088752,
        167.65604181933537,
        625.8032534685473,
        586.5219296341436,
        564.6073214721615,
        234.98210171769887,
        373.5109165528745,
        386.8852490972242,
        230.15068528307,
        159.75632256558643,
        263.4683703734667,
        258.2995136664527,
        169.1235915841551,
        90.1091354726778,
        337.80276118249543,
        293.4398599227451,
        269.13580478205614,
        273.2136741451396,
        308.64599871814613,
        313.8057715988356,
        237.00398300686894,
        148.09976650705218,
        157.82840958806904,
        118.47967027728293,
        93.25351873042833,
        75.47871985853675,
        164.49235885489577,
        137.16755935865535,
        144.70873970149765,
        33.524779719485984,
        192.92568477950942,
        96.47496945981959,
        100.37774113983298,
        90.74415844231903,
        207.30772742850297,
        134.51447202104993,
        99.46029058229199,
        -12.465384945147143,
        292.5938365980897,
        271.66111887907414,
        265.3841044574248,
        167.9864601249327,
        401.52033630675913,
        397.78195006949295,
        379.58786867171193,
        325.6489171047288,
        565.2578875551269,
        510.7185543394943,
        496.80316607654527,
        398.83077864218126,
        627.2431780342221,
        517.5925736459933,
        489.9238403487962,
        502.3686862441736,
        566.9965104375631,
        506.1773899011993,
        497.14623105235916,
        385.96201692180136,
        175.56571543768555,
        85.38462097777814,
        45.501236190681844,
        5.627162085683537,
        258.1652516333291,
        394.59596218381483,
        200.91920699467295,
        186.13968794081626,
        181.30350179621084,
        140.04469331753447,
        133.21785018993282,
        86.64431617211734,
        73.21287565856923,
        68.72394120076875,
        57.036260555897655,
        45.60792030150908,
        21.113139291406384,
        48.611480590928295,
        88.42137766830115,
        66.89208513527083,
        51.743866128648556,
        57.62567447935497,
        71.88996028514208,
        30.812953089559862,
        15.90076848435299,
        8.033613266850043,
        306.06316848027,
        156.52298427486383,
        102.26547885216951,
        158.20179929840575,
        218.96999392516892,
        163.1290314380478,
        196.09290959027652,
        130.1683427810553,
        427.8250155009875,
        404.09997185270555,
        394.5460970697447,
        550.5559635999044,
        554.2877913493489,
        432.11177824373823,
        395.32496489310006,
        333.2142132537558,
        309.4027683925085,
        297.0363782272641,
        264.5799585765688
    ],