{
    "R2_score": [
        0.4808212419580913,
        0.9435292578206889,
        0.9463204813598148,
        0.446123753107617,
        0.9694236514416091,
        0.7694352918278425,
        0.5350760523428152,
        0.8999622157409852,
        0.6703118229394494,
        0.6515167935399591
    ],
    "MAE_score": [
        110.13353569463291,
        53.59370776729556,
        45.576055653389496,
        88.94312582081436,
        38.425941726076665,
        68.57157393893847,
        61.317515006713535,
        41.92007228619316,
        60.69811663741086,
        72.6748299645894
    ],
    "RMSE_score": [
        174.1793597812726,
        93.01981776517384,
        60.8373926231782,
        138.8570765734852,
        56.53487059765075,
        90.87822472229573,
        85.0797518863246,
        62.46158908629945,
        97.95002808170234,
        120.91293004793361
    ],
    "y_predict": [
        194.165857643668,
        228.31034840635377,
        168.648662200933,
        174.55662457544705,
        365.75718033440467,
        350.6441050194512,
        291.20364875875674,
        203.48407277445946,
        439.2867956963676,
        403.9056938065841,
        383.5434928459526,
        280.343544765887,
        226.80527016406268,
        219.01792788126318,
        193.7813415354267,
        172.55675994412303,
        501.0888128349943,
        534.0556706851298,
        536.6603136736011,
        500.33547735837163,
        501.9795818451048,
        468.09711107506416,
        593.98360555047,
        547.2825834780963,
        501.0888128349943,
        547.8349103917501,
        593.98360555047,
        593.4793244076401,
        1520.7412111584297,
        1377.607143321117,
        1231.596985220012,
        1225.3467789947542,
        536.7817235672043,
        510.31972787518265,
        463.63583910709065,
        566.4377563055709,
        352.1067661476805,
        423.7013353842086,
        264.2931404339299,
        185.09104792904412,
        414.73096376387355,
        377.26163078336504,
        397.3528991507909,
        468.3611921844572,
        208.06357299136323,
        153.03462720965612,
        152.26150067829022,
        222.02564711722826,
        187.35204619106457,
        186.58743604867712,
        58.423478654715176,
        114.38419741393857,
        262.77647532873675,
        277.4674754587572,
        158.69359973033414,
        104.0550187223404,
        292.6544897742772,
        203.73096845147649,
        166.70933000235559,
        157.33798443491915,
        398.44675195589167,
        499.1887394516094,
        370.8141516862559,
        390.4999022452921,
        137.55975998974316,
        104.37848284803711,
        80.85424620622499,
        82.21936212533353,
        202.75846664019966,
        158.9600790290615,
        54.94290124203703,
        68.00434289904527,
        184.11582502780655,
        84.64016289467122,
        173.92029842676484,
        193.79362614647292,
        278.16827700152675,
        243.56728908640565,
        145.0629519871501,
        91.3171796279433,
        194.13882350411788,
        230.54526949924906,
        124.98679089439631,
        43.420176795603545,
        598.9128778386356,
        551.2370826729062,
        510.5054157069151,
        436.47949984697505,
        229.93245985665817,
        257.85036478260537,
        241.5669257008842,
        209.90970249224236,
        295.07769043424855,
        253.7105715545178,
        228.01247236710083,
        122.17346253202234,
        352.6446631481007,
        339.60237032997503,
        300.0496760713209,
        179.14667394367612,
        322.8892563184264,
        301.724482803413,
        241.0922770686142,
        179.14667394367612,
        126.12682222223675,
        138.7747017599361,
        80.7603247738131,
        78.68600969172562,
        172.5433305614913,
        147.46162668167707,
        100.35258669386404,
        72.77743674658099,
        142.67467221844694,
        102.06854294533355,
        89.11909377191085,
        84.55553609373985,
        184.74391298199234,
        140.94035253878278,
        87.09003467088928,
        96.8047859089993,
        261.56617704170276,
        247.47253094371766,
        301.1274980737986,
        135.78477071640947,
        459.361740884632,
        380.5553964012497,
        324.01337062559844,
        315.6917541501628,
        564.2474969223816,
        493.86466572972677,
        459.7984690382509,
        430.6400394070478,
        565.245586259506,
        525.51972559606,
        490.9569816198538,
        469.16839084351943,
        596.0067206765683,
        537.5435562178867,
        521.9514987910451,
        429.95153687172507,
        139.77382481027743,
        51.19284609089736,
        66.11968344519379,
        -6.966675972664527,
        255.69459353126123,
        321.9959389835841,
        210.50513745640367,
        173.84372058159585,
        180.84187083780935,
        230.9378927110913,
        114.31855866537845,
        80.7603247738131,
        58.12969972345075,
        73.60446748567219,
        102.83059266187554,
        66.01917937114463,
        53.93429547579571,
        58.5687923512692,
        52.73033843804361,
        72.56267011214521,
        36.85922940886383,
        38.94222663690329,
        52.52541828994837,
        24.575890784990147,
        25.504779208422217,
        25.144177622142127,
        323.3523129806634,
        186.15578011739692,
        177.58992890067987,
        109.6617550039928,
        178.7389250433967,
        201.80900039100723,
        135.7090146549466,
        197.19619929260713,
        470.0331468368422,
        427.9472223958001,
        362.9329085184229,
        506.34858600966476,
        546.7887747720117,
        427.91981674269454,
        430.7127263063048,
        331.2052328881402,
        334.56681550536547,
        207.36244428265798,
        247.98017501883902
    ],