{
    "R2_score": 0.371073260913638,
    "MAE_score": 69.46329430604972,
    "RMSE_score": 116.13858216062096,
    "y_predict": [
        548.544377555827,
        184.21260517388436,
        232.36530431288227,
        199.68390428447162,
        323.6613055862986,
        95.81507153053057,
        285.7097173018024,
        168.55539608816667,
        372.9541001376396,
        386.9507393321819,
        667.3593555220517,
        195.43992632801204,
        227.64842628282295,
        63.842408105056215,
        446.56848966259037,
        449.89593195649326,
        168.79716954025503,
        157.82488268759695,
        542.9041095959125,
        48.217869673454445,
        135.55793265511295,
        242.21504006440594,
        92.52992944331235,
        368.83917800364156,
        88.16105598357473,
        285.7097173018024,
        43.48916264918419,
        549.2149645916833,
        550.4081837639687,
        72.71096171449165,
        370.29047096383647,
        550.0672640004586,
        298.0808069133908,
        100.89721581939037,
        322.96907511542247
    ],
    "y_true": [
        140.0,
        149.0,
        310.4,
        118.4,
        333.94,
        82.5,
        240.6,
        198.0,
        354.8,
        377.13,
        565.3,
        260.4,
        131.0,
        25.0,
        325.0,
        455.0,
        287.4,
        94.6,
        423.0,
        11.6,
        118.4,
        211.8,
        58.1,
        391.6,
        59.7,
        221.9,
        66.5,
        145.9,
        548.0,
        64.8,
        352.5,
        355.6,
        235.0,
        93.4,
        305.0
    ],
    "features": [
        "CC_Electrical_Conductivity",
        "CC_Thermal_Conductivity",
        "Current_Density",
        "E_Anion_Radius",
        "E_Ionic_Conductivity",
        "Is_Binder",
        "M_Density",
        "Morphology_Encoded",
        "Potential_Window",
        "Synthesis_Method"
    ],
    "params": {
        "hidden_layer_sizes": [
            128,
            64
        ],
        "activation": "relu",
        "solver": "adam",
        "alpha": 0.012577935190480954,
        "learning_rate_init": 0.0037289255851578936,
        "learning_rate": "invscaling",
        "max_iter": 633,
        "batch_size": 8
    }
}