{
    "R2_score": 0.8310981732613538,
    "MAE_score": 82.3110590424174,
    "RMSE_score": 138.80829817371924,
    "y_predict": [
        475.31398760778126,
        434.7190541941925,
        54.81393509194293,
        33.26416077800786,
        132.7721558951012,
        187.55846854978347,
        476.0394384559,
        208.77387944363613,
        121.2355996352026,
        282.3408330789331,
        321.0992147009965,
        36.82353309343006,
        116.68702238878112,
        465.49933005691577,
        161.91695112662103,
        476.0394384559,
        110.72895180695963,
        453.4363906034585,
        112.95198844872509,
        312.70675922222136,
        26.887545758386647,
        426.40550827598116,
        208.77171338039503,
        1239.0246257364176,
        423.82518076624126,
        304.83517511902,
        403.25675852071265,
        475.8321667850089,
        243.2044593812136,
        97.36687794238689,
        164.33168031114434,
        105.60044027149567,
        116.66045928881827,
        453.99196618074166,
        76.10584705609496,
        1359.0535941279459,
        465.49933005691565
    ],
    "y_true": [
        399.7,
        352.5,
        60.3,
        62.2,
        115.0,
        198.0,
        548.0,
        94.6,
        97.9,
        188.8,
        215.28,
        22.1,
        87.23,
        276.0,
        220.0,
        1074.5,
        6.0,
        193.6,
        67.6,
        232.0,
        11.6,
        419.13,
        201.8,
        1340.0,
        455.0,
        333.94,
        750.1,
        528.8,
        216.0,
        109.9,
        98.3,
        88.0,
        82.5,
        422.0,
        92.9,
        1440.0,
        308.0
    ],
    "features": [
        "CC_Thermal_Conductivity",
        "Current_Collector",
        "Current_Density",
        "E_Bare_Anion_Radius",
        "E_Cation_Radius",
        "Is_Binder",
        "M_Density",
        "Morphology_Encoded",
        "Potential_Window",
        "Synthesis_Method"
    ],
    "params": {
        "hidden_layer_sizes": [
            128,
            64
        ],
        "activation": "relu",
        "solver": "adam",
        "alpha": 0.002490425177412945,
        "learning_rate_init": 0.004950753678354831,
        "learning_rate": "invscaling",
        "max_iter": 616,
        "batch_size": 8
    }
}