{
    "R2_score": [
        0.6216050660539909,
        0.16570228413596333,
        0.36858108283333835,
        0.41555288714156147,
        0.2583185390340643,
        -3.3123394555110046,
        -0.14424203858181195,
        0.11283404660693885,
        0.608656286169563,
        -1.0296386037797252
    ],
    "MAE_score": [
        77.2956820723467,
        132.94949403106554,
        84.27438283690198,
        154.2859110194398,
        75.89352109853003,
        116.4247553474739,
        113.16519948143133,
        148.8931215212773,
        96.2994946697832,
        82.70910068489624
    ],
    "RMSE_score": [
        93.87893440736566,
        187.58226918407127,
        122.54989070381943,
        173.2842017428426,
        102.8523480801636,
        133.1999971753578,
        133.032499647809,
        169.83666291810394,
        124.38627745710802,
        123.41331547552998
    ],
    "y_predict": [
        226.64706703308485,
        218.22063215883486,
        209.7941972845848,
        201.36776241033482,
        142.34564822954155,
        126.53669924143566,
        110.72775025332982,
        -31.552790639622856,
        322.7330879799753,
        318.62936797758795,
        310.4219279728132,
        285.79960795848905,
        297.0920480216803,
        289.56252460842904,
        282.03300119517775,
        266.9739543686752,
        229.69348746629237,
        229.6788943163984,
        229.66430116650446,
        229.59133541703477,
        273.6814877821612,
        265.37534114542143,
        257.06919450868173,
        215.53846132498307,
        273.90377800921465,
        266.19400685019014,
        250.77446453214108,
        204.51583757799395,
        392.8863378910913,
        385.58976294411923,
        370.99661305017503,
        327.2171633683424,
        252.82044485079393,
        237.01149586268807,
        189.58464889837052,
        110.53990395784126,
        308.7671940429374,
        293.6712663288414,
        278.5753386147454,
        248.3834831865535,
        193.67824614752587,
        186.1487227342746,
        163.5601524945207,
        125.91253542826433,
        298.6026326428959,
        287.8089530202616,
        272.38941070221256,
        256.96986838416353,
        494.94606423882124,
        461.24032474182127,
        427.53458524482124,
        393.8288457478213,
        147.12224944144452,
        131.31330045333868,
        115.50435146523284,
        99.695402477127,
        100.82933629125591,
        92.62189628648119,
        84.41445628170646,
        76.20701627693174,
        235.35305246703723,
        207.92917641682118,
        173.64933135405107,
        105.08964122851086,
        184.8356594906166,
        181.40767498433956,
        171.12372146550854,
        153.9837989341235,
        87.4514626392604,
        72.03192032121137,
        56.61237800316235,
        41.192835685113266,
        315.9945859262928,
        311.84151260792294,
        307.6884392895531,
        299.38229265281336,
        385.58691717881146,
        377.16048230456147,
        368.7340474303115,
        360.3076125560615,
        163.84134677253746,
        156.29338291548953,
        141.19745520139355,
        111.0055997732016,
        188.0707670505055,
        180.7741921035334,
        166.18104220958924,
        136.99474242170083,
        207.39623430405499,
        199.68646314503047,
        184.26692082698142,
        153.42783619088334,
        148.65923487701258,
        144.50616155864273,
        136.200014921903,
        119.58772164842352,
        116.68658660053524,
        113.25860209425824,
        106.40263308170421,
        85.83472604404216,
        144.52160923384952,
        125.82567731092507,
        88.43381346507613,
        69.73788154215168,
        268.4290085802552,
        253.36996175375265,
        208.19282127424495,
        132.89758714173206,
        289.95377524965636,
        261.9098773652696,
        215.17004755795853,
        121.69038794333625,
        367.26082421088523,
        360.4048551983312,
        353.5488861857772,
        339.8369481606691,
        381.9889786915927,
        366.8930509774967,
        351.7971232634008,
        321.60526783520885,
        381.9889786915927,
        366.8930509774967,
        351.7971232634008,
        321.60526783520885,
        466.0007477153313,
        447.3048157924068,
        428.6088838694823,
        391.2170200236335,
        246.67069995282543,
        227.97476802990099,
        209.27883610697648,
        190.58290418405204,
        177.52257682318864,
        266.1940068501901,
        416.9321236292553,
        400.0792538807553,
        349.5206446352553,
        265.2562958927553,
        146.96940454262153,
        138.76196453784684,
        130.55452453307208,
        122.34708452829739,
        147.0409014267758,
        132.4477515328316,
        117.8546016388874,
        103.2614517449432,
        150.77187969604734,
        135.67595198195136,
        120.58002426785538,
        105.4840965537594,
        228.4272032224958,
        221.5712342099418,
        214.71526519738777,
        207.85929618483374,
        394.13673144535835,
        379.07768461885576,
        364.01863779235316,
        348.9595909658506,
        303.46502927528604,
        288.40598244878345,
        273.3469356222809,
        258.2878887957784,
        330.07821761807827,
        383.3763228854124,
        383.3763228854124,
        315.0341841789472,
        306.82674417417246,
        290.411864164623,
        273.99698415507356,
        284.56560321313475,
        265.86967129021025,
        209.78187552143692,
        116.30221590681464
    ],