{
    "R2_score": [
        -0.01152547403792159,
        -2.5075388987709815,
        0.21460448146794475,
        -0.08932489928247689,
        0.4709768763908815,
        0.09562557162389951,
        -0.28107978456939486,
        0.25237653204825705,
        -0.4037143214864549,
        -2.3170458733945467
    ],
    "MAE_score": [
        134.8375654669099,
        154.32449303786387,
        96.75147311291906,
        337.94337229844086,
        120.67140847167097,
        224.03665986844575,
        97.21704017408906,
        91.66828849584847,
        171.70854159746665,
        211.36660432018175
    ],
    "RMSE_score": [
        203.227260403987,
        155.1578956628202,
        116.85115945648312,
        521.9508555548632,
        144.5025740019985,
        243.55841095030533,
        112.49196722095013,
        115.6643812379289,
        207.59459740047407,
        266.100851214327
    ],
    "y_predict": [
        287.1121464641469,
        283.9941416340615,
        280.8761368039761,
        277.7581319738907,
        51.16229545794255,
        31.195122167826185,
        11.227948877709878,
        -168.47661073333722,
        355.1793072716038,
        352.0613024415184,
        345.8252927813476,
        327.11726380083525,
        290.39748820034436,
        289.78064571866975,
        289.16380323699514,
        287.9301182736459,
        292.94955518184486,
        292.9438584528223,
        292.9381617237998,
        292.909678078687,
        305.7098788620609,
        305.7058882883311,
        305.70189771460133,
        305.68194484595244,
        402.8330736946757,
        402.8105441360944,
        402.78801457751314,
        402.6753667846067,
        333.34609930463995,
        324.8010057708198,
        313.4075477257262,
        296.3173606580859,
        840.2019255616628,
        820.2347522715465,
        800.2675789814302,
        700.4317125308485,
        306.9424729435915,
        304.81636673135574,
        300.5641543068843,
        287.80751703346994,
        309.05063623340754,
        308.43379375173294,
        307.2001087883837,
        303.499053898336,
        283.06070849619397,
        260.5311499149067,
        192.94247417104498,
        80.2946812646087,
        386.6985357927194,
        380.4625261325486,
        374.2265164723778,
        361.7544971520362,
        146.1703440372521,
        136.18675739219395,
        106.23599745701944,
        56.318064231728556,
        267.0140703743524,
        262.64886361223284,
        256.41285395206205,
        250.17684429189126,
        310.4722137374635,
        306.7683508656772,
        303.06448799389085,
        299.3606251221046,
        268.7392984176976,
        266.88736698180446,
        265.03543554591135,
        263.1835041100182,
        -60.99713605836871,
        -83.9883158323562,
        -106.97949560634368,
        -129.97067538033116,
        274.8513843410863,
        262.1941425024955,
        246.372590204257,
        214.72948560777996,
        130.4242486552984,
        119.1594693646548,
        85.36513149272389,
        29.041235039505807,
        403.3945843305396,
        399.4040106007651,
        395.41343687099055,
        391.42286314121606,
        362.4340375356185,
        360.3079313233827,
        358.181825111147,
        353.92961268667557,
        359.94982384392586,
        348.68504455328224,
        337.4202652626386,
        326.15548597199495,
        280.4239331322008,
        278.8417779023769,
        275.6774674427292,
        269.3488465234338,
        252.26904535896858,
        249.42068084769517,
        243.7239518251484,
        232.3304937800548,
        248.64631526897466,
        246.6510284040874,
        242.66045467431286,
        234.67930721476384,
        213.5760367042837,
        211.44993049204797,
        207.19771806757652,
        198.69329321863358,
        306.6878448867619,
        295.19225499976824,
        272.20107522578076,
        203.22753590381828,
        221.90768083957727,
        217.6554684151058,
        209.15104356616285,
        204.8988311416914,
        250.9373419691214,
        245.24061294657463,
        228.15042587893424,
        199.66678076620033,
        287.43973347633425,
        285.5892060313104,
        282.5049936229373,
        276.3365688061912,
        365.4653101528536,
        362.3009996932059,
        359.1366892335582,
        352.8080683142628,
        308.3801441485485,
        306.5282127126553,
        304.67628127676215,
        300.9724184049758,
        541.3861104755904,
        521.4189371854741,
        501.4517638953577,
        461.51741731512504,
        364.27065692104634,
        360.01844449657483,
        355.7662320721034,
        347.2618072231605,
        155.36194187652225,
        132.83238329523502,
        110.30282471394776,
        87.77326613266052,
        -146.11421506557053,
        317.0773814409133,
        247.58591913153495,
        241.88919010898815,
        224.79900304134782,
        196.31535792861388,
        179.4958642009279,
        175.5052904711534,
        171.5147167413789,
        167.52414301160437,
        240.83990861076154,
        237.67559815111383,
        234.51128769146612,
        231.34697723181844,
        276.15974791802614,
        274.30781648213303,
        272.45588504623987,
        270.6039536103467,
        281.55581547249136,
        279.70388403659825,
        277.8519526007051,
        276.0000211648119,
        315.23494538762554,
        314.0012604242763,
        312.7675754609271,
        311.5338904975779,
        291.489320167612,
        290.2556352042628,
        289.02195024091355,
        287.78826527756434,
        271.2745386198218,
        441.94527545157587,
        441.94527545157587,
        208.2952651062253,
        202.0592554460545,
        189.5872361257129,
        177.11521680537135,
        315.4306076589579,
        311.4400339291834,
        299.4683127398598,
        279.5154440909872
    ],