{
    "R2_score": [
        0.18289833323839233,
        0.5413905848927392,
        0.42686508028733117,
        0.32219556542299976,
        0.355399792199957,
        0.7047917505833858,
        0.4235457390065095,
        0.4917263387808336,
        0.5706757050884331,
        0.784480935217432
    ],
    "MAE_score": [
        103.93629680906888,
        77.05044680976238,
        94.95803646437561,
        104.16595347107794,
        97.05170600774787,
        76.22000256483628,
        74.8591967925584,
        108.93712444285805,
        92.39188833527349,
        71.62861180946902
    ],
    "RMSE_score": [
        125.26510768862508,
        100.51482852047252,
        121.51342991629737,
        123.25648529907464,
        115.24294117411445,
        106.39442357662858,
        94.88053380920104,
        131.55336618171097,
        125.80782126386349,
        95.7468648448822
    ],
    "y_predict": [
        212.10382818734706,
        221.4583052328977,
        212.76788241098535,
        207.72171537760255,
        187.98844463978082,
        168.12012216840265,
        151.2285816892762,
        -16.119425574810236,
        352.88124288805597,
        359.8229658451122,
        321.92705825290943,
        263.05822669769077,
        271.1588366082073,
        261.44413523545666,
        249.78705465713028,
        220.84163122167837,
        261.8650745204028,
        244.5916576594823,
        261.8295651341867,
        261.7407916686464,
        489.4378403413774,
        459.6733732174373,
        537.2074235218466,
        402.3954837215233,
        272.8560513692405,
        274.8760469395943,
        275.91237292176226,
        172.81434985510384,
        374.64981454031624,
        375.16732512755493,
        357.41263201950136,
        328.86899380304635,
        292.2954778531299,
        258.88349814749307,
        200.10783038160235,
        107.98805650999594,
        314.3761533668642,
        309.89121877426413,
        293.99462159552667,
        252.16672176462077,
        179.337631672204,
        160.5489263235449,
        135.44661381092118,
        105.43893127983608,
        287.1180966344723,
        305.74085542705694,
        271.03199142802697,
        256.8499495578159,
        476.3817400561187,
        469.653750573059,
        394.19112462963955,
        414.6374808952472,
        197.64308067743775,
        142.0685492557983,
        142.2421640370576,
        137.34775228317852,
        61.01661428503928,
        31.76645705874887,
        11.218803202129038,
        8.729798634826295,
        244.26987884817356,
        182.2091467537325,
        104.75557567075583,
        -167.24192649372287,
        179.337631672204,
        200.5545538405278,
        140.05989497301164,
        128.80812167258267,
        106.65039479370375,
        78.08190770699741,
        95.39090446865049,
        92.2129758618056,
        499.30570936526976,
        494.7980561934035,
        532.9298227603688,
        501.77582037940437,
        313.3315765058515,
        355.44932487190783,
        374.1179944990391,
        329.22081943633214,
        178.4398010098776,
        176.83873194000734,
        160.90497756683692,
        111.24432345429148,
        232.793316240139,
        226.45375963930198,
        209.55724491524597,
        170.65379117801245,
        229.06345886881596,
        198.08004195828636,
        198.05565039710302,
        148.07455327310788,
        134.47839414905815,
        148.14952730910642,
        106.04984849074134,
        91.0013123820546,
        105.46828446215784,
        97.97984393061438,
        93.79213744383702,
        56.66774591269234,
        167.5432580997898,
        146.4644546986952,
        100.16097397674059,
        82.61814740482583,
        167.65709542830814,
        160.16203678966372,
        112.80849536573896,
        -3.2720859413604444,
        290.8213566297444,
        277.59435413555633,
        237.01908689375267,
        140.20748155400213,
        444.2266634505103,
        429.7673145203038,
        413.032439511888,
        343.0114202969125,
        459.170551928137,
        455.2849775209098,
        422.3021660014715,
        411.8018916214744,
        470.27635294873835,
        441.6277253562223,
        439.2568940908912,
        408.23743523304404,
        483.6528623589857,
        440.6820974767238,
        442.41646936615496,
        417.96847956993463,
        191.93990744309912,
        180.0621779880939,
        183.29843156242202,
        139.4298067219679,
        208.18331345601462,
        246.33407575611304,
        386.23618031541645,
        369.84475610668323,
        292.629657539846,
        203.7407691586961,
        121.54056270733668,
        130.3948342010529,
        86.05730940739244,
        94.88544798494564,
        154.3410379587018,
        140.80257787932754,
        87.8215960080114,
        99.5753263384641,
        155.43017368955088,
        115.36916828889599,
        84.18143289838537,
        76.2150767885106,
        190.24547413458356,
        179.9749528409577,
        162.1794716305934,
        133.4295414341853,
        297.2762217659638,
        307.14112746577155,
        290.47263123737866,
        297.0502607000505,
        241.28378141050035,
        208.63462476864714,
        204.82801395551263,
        192.37018346982433,
        321.5071481761774,
        399.60685546324567,
        377.5172226972479,
        467.51686181784777,
        475.4478160818318,
        434.7223468792082,
        390.0632907348711,
        280.6511130567137,
        306.0329549966864,
        234.39053206482146,
        128.78219667200904
    ],