{
    "R2_score": [
        0.1435329471695329,
        0.8063955837732435,
        0.8146306820128821,
        0.3401159818686996,
        0.8621760684832461,
        0.6070835085354064,
        -0.3677383171893083,
        0.25188370933105275,
        0.48694212095506284,
        0.35489229514847265
    ],
    "MAE_score": [
        152.31588700448535,
        129.86743214710415,
        91.85026954186883,
        123.43286392372872,
        82.34666311987807,
        93.52511036934422,
        115.51207761797153,
        138.85129076504637,
        97.9560020291198,
        107.04600758844572
    ],
    "RMSE_score": [
        223.71420589442457,
        172.23498293432525,
        113.05381245146366,
        151.56378848256304,
        120.02892301931979,
        118.63519470481322,
        145.92737264968693,
        170.81088894666738,
        122.19011090106659,
        164.51213282520553
    ],
    "y_predict": [
        270.4866389037703,
        271.44098491555377,
        266.3616157039116,
        253.41966557368823,
        133.29083790112549,
        121.08498515964163,
        91.43831294591723,
        -100.09292716816162,
        420.38292534456986,
        433.45744518070313,
        381.5039207420574,
        323.51597704910967,
        201.9273221228633,
        204.85019355714462,
        209.77222226647095,
        167.09220579823787,
        376.741467902466,
        396.10851786800015,
        392.8678574397134,
        376.61348268742734,
        361.6882494092134,
        408.9496979833413,
        420.86235885480403,
        397.2694647865873,
        376.741467902466,
        397.39781737383504,
        420.86235885480403,
        420.7626983803375,
        1143.8939034324485,
        1076.8016892002147,
        1021.4924146836217,
        1082.5036128383776,
        621.0852180614424,
        672.4307150085879,
        622.575968497613,
        563.2303336400132,
        227.66791128924632,
        236.51227587651934,
        214.58058889041627,
        166.3371792097129,
        420.23195913866704,
        421.98085006141156,
        416.5392712010514,
        336.52722500361085,
        278.09514454527414,
        269.94378183998316,
        193.11275541510398,
        80.61776738168362,
        393.9828245552887,
        381.092727717806,
        353.5105719881686,
        303.11673267536924,
        130.2207424076529,
        123.66609934848009,
        96.06834449814113,
        34.07532545578107,
        324.6335732295725,
        293.2275059817261,
        272.99137969816604,
        246.9737926549826,
        521.6146708311978,
        495.50566391907955,
        491.1801246835815,
        455.0340782685824,
        182.0152201990444,
        186.40175802612598,
        158.74712076782956,
        141.77287966251436,
        80.75283604542227,
        62.46923389703608,
        34.02311752575133,
        -13.386638833811332,
        269.3881070826153,
        177.25590913264816,
        125.04615266344709,
        -266.8052783274987,
        142.89208349468265,
        121.78053639849412,
        87.14006644737464,
        36.21214490004161,
        357.57056782246775,
        387.67088761158413,
        351.3253778640985,
        337.0853388863781,
        564.535052673234,
        549.3675324180485,
        543.1429547986208,
        500.02112260849015,
        334.9883470069106,
        346.4499023957195,
        322.26622999480867,
        323.0746895864276,
        188.0900697617123,
        180.52803060294423,
        152.44871493187458,
        119.88106094660029,
        281.84354986678306,
        251.92363670512748,
        233.64003455674128,
        191.37295089740866,
        263.4914624614322,
        254.16386936014115,
        226.25160834713128,
        191.37295089740866,
        147.93873969146682,
        118.40481009780575,
        87.7755523425617,
        59.41951700896391,
        257.7778217723704,
        260.7667830811453,
        275.8116361554437,
        195.5036102850029,
        132.76454076843854,
        108.25515735316208,
        55.22278517692405,
        35.290690283608114,
        210.8947671987068,
        176.5065955924295,
        125.15714992915122,
        -60.27650225836669,
        285.67263314447376,
        248.6201139045656,
        181.05189882858548,
        85.58287488204184,
        450.8951665596409,
        412.8753366316242,
        395.58589204304815,
        348.9768757750586,
        504.339537308511,
        495.7111588288073,
        467.17221290835363,
        424.1382091647208,
        507.23012603854386,
        498.9521285003961,
        470.8886347833046,
        425.9643776848992,
        521.7588189500875,
        483.7185997505952,
        486.7409998067815,
        432.6093812282157,
        144.89095520633663,
        159.83097197569182,
        102.10675945711034,
        122.52059957052774,
        -43.12763041037073,
        217.70186384258838,
        423.0906719217483,
        392.36826758180223,
        332.5118340479006,
        237.32797773180073,
        117.51646806327005,
        87.7755523425617,
        75.9628142565486,
        60.93651159939395,
        157.35279235323608,
        123.12708611630353,
        137.68275436271495,
        98.1218000796132,
        133.21766720185929,
        120.30326030204213,
        100.14508727110308,
        74.52332624810526,
        160.0990484979876,
        142.91571119840722,
        113.34862287940382,
        108.2588820684856,
        337.73012099353593,
        324.5048660351307,
        307.91262447542215,
        271.68581398104385,
        279.46836310698126,
        271.98110561675594,
        253.0058421208442,
        219.87328197265364,
        237.80935296411263,
        434.82287334943766,
        443.78818494517606,
        327.9489453618903,
        387.46125139009,
        327.91800143410006,
        228.2884708953109,
        363.58077058642846,
        341.97867788426373,
        287.23593341720175,
        163.64419731990972
    ],