{
    "R2_score": 0.689236891758329,
    "MAE_score": 133.48075385999616,
    "RMSE_score": 188.2838129505073,
    "y_predict": [
        370.0252533694993,
        434.6075773049129,
        146.25711691340055,
        157.52028188607207,
        340.1809834096173,
        177.75721580656253,
        370.18590047560593,
        83.93325425755228,
        184.47247008927363,
        229.75828401699005,
        252.70787060364808,
        153.96320510212422,
        60.98366767089425,
        457.557163891571,
        272.91493257425606,
        370.18590047560593,
        287.9754809099695,
        480.321313312887,
        317.90915199918015,
        320.0463959235482,
        108.06403192880816,
        425.0144384555704,
        431.97932975624946,
        1087.446918089158,
        441.3228315876241,
        379.1152652822543,
        524.8319727656691,
        370.1400013024326,
        303.9816853128875,
        125.91445626605818,
        -168.26618971712992,
        42.331413323113054,
        0.8757773960093118,
        421.6585545939206,
        153.5478566480004,
        1133.3460912624741,
        457.557163891571
    ],
    "y_true": [
        399.7,
        352.5,
        60.3,
        62.2,
        115.0,
        198.0,
        548.0,
        94.6,
        97.9,
        188.8,
        215.28,
        22.1,
        87.23,
        276.0,
        220.0,
        1074.5,
        6.0,
        193.6,
        67.6,
        232.0,
        11.6,
        419.13,
        201.8,
        1340.0,
        455.0,
        333.94,
        750.1,
        528.8,
        216.0,
        109.9,
        98.3,
        88.0,
        82.5,
        422.0,
        92.9,
        1440.0,
        308.0
    ],
    "features": [
        "CC_Thermal_Conductivity",
        "Current_Collector",
        "Current_Density",
        "E_Bare_Anion_Radius",
        "E_Cation_Radius",
        "Is_Binder",
        "M_Density",
        "Morphology_Encoded",
        "Potential_Window",
        "Synthesis_Method"
    ],
    "params": {
        "alpha": 0.6642804177828425,
        "solver": "sag"
    }
}