{
    "R2_score": 0.38290619898530354,
    "MAE_score": 88.99819555279039,
    "RMSE_score": 115.04085002248226,
    "y_predict": [
        337.705382015371,
        112.72801695694761,
        201.34347659259407,
        244.169052046802,
        396.43725907546855,
        186.55722626597225,
        135.31859315236477,
        201.9932840057624,
        411.49764320574667,
        270.12623985967264,
        463.7814863919335,
        164.12001753668528,
        394.9096589209359,
        306.37421570757317,
        351.91076360607605,
        370.8813505849927,
        134.58278268716953,
        79.26877281043937,
        324.60009930941214,
        140.41357224612892,
        121.87849755981375,
        248.70203655112948,
        121.0897690223685,
        412.15230012718854,
        144.3687701438908,
        135.31859315236477,
        105.69061952026965,
        268.86286517271304,
        268.968287861625,
        76.69734516897938,
        397.0919159969104,
        268.9381670933644,
        232.11405226631865,
        106.81811342953563,
        366.3164908149123
    ],
    "y_true": [
        140.0,
        149.0,
        310.4,
        118.4,
        333.94,
        82.5,
        240.6,
        198.0,
        354.8,
        377.13,
        565.3,
        260.4,
        131.0,
        25.0,
        325.0,
        455.0,
        287.4,
        94.6,
        423.0,
        11.6,
        118.4,
        211.8,
        58.1,
        391.6,
        59.7,
        221.9,
        66.5,
        145.9,
        548.0,
        64.8,
        352.5,
        355.6,
        235.0,
        93.4,
        305.0
    ],
    "features": [
        "CC_Electrical_Conductivity",
        "CC_Thermal_Conductivity",
        "Current_Density",
        "E_Anion_Radius",
        "E_Ionic_Conductivity",
        "Is_Binder",
        "M_Density",
        "Morphology_Encoded",
        "Potential_Window",
        "Synthesis_Method"
    ],
    "params": {
        "alpha": 1.314129699347765,
        "solver": "cholesky"
    }
}