{
    "R2_score": [
        -0.037341128855784333,
        -2.5074911801217072,
        0.0711824425031603,
        0.32879788180305436,
        0.5960313704754033,
        0.7628007601378577,
        -0.2527684782429156,
        0.2654964011220554,
        -0.47628266239180883,
        -2.3171136110927004
    ],
    "MAE_score": [
        135.5341379917712,
        154.32340524845023,
        98.93535577533606,
        284.81592561739603,
        85.62731473982252,
        114.89777354221299,
        93.42869097755133,
        91.38750762411487,
        175.62362137804627,
        211.36829927477123
    ],
    "RMSE_score": [
        205.80425480807511,
        155.15684022899597,
        127.07321701578034,
        409.7109372925343,
        126.27345862287893,
        124.73422740863121,
        111.2420109803903,
        114.64500568448034,
        212.8930290545049,
        266.103568235406
    ],
    "y_predict": [
        324.3985774035509,
        314.8193641012262,
        305.2401507989015,
        295.6609374965768,
        51.16234375298984,
        31.19508308883428,
        11.227822424678834,
        -168.4775235527203,
        432.06246435178576,
        422.48325104946105,
        403.3248244448117,
        345.84954463086353,
        207.64435336871807,
        195.9110388267596,
        184.17772428480114,
        160.71109520088427,
        317.61899521249705,
        317.5993775754327,
        317.5797599383683,
        317.4816717530465,
        370.00747830765044,
        369.9874972762436,
        369.96751624483665,
        369.86761108780206,
        404.3856336734749,
        404.363238011016,
        404.3408423485571,
        404.2288640362625,
        663.1499548929122,
        633.7234992963552,
        594.4882251676123,
        535.6353139744981,
        840.2093245861046,
        820.2420639219491,
        800.2748032577937,
        700.4384999370163,
        215.28422784423228,
        204.40329154018352,
        182.64141893208605,
        117.35580110779358,
        442.8926012877031,
        431.1592867457446,
        407.69265766182775,
        337.2927704100771,
        283.54133230846037,
        261.1456698495473,
        193.95868247280805,
        81.98037017824271,
        417.56257481702914,
        398.4041482123798,
        379.2457216077304,
        340.92886839843163,
        146.1720651641955,
        136.18843483211776,
        106.2375438358846,
        56.31939217549598,
        324.87174631695456,
        311.4608476937,
        292.3024210890506,
        273.1439944844012,
        564.5154977477564,
        524.1289232679973,
        483.74234878823825,
        443.35577430847917,
        212.97351376285633,
        192.78022652297676,
        172.58693928309725,
        152.39365204321774,
        -60.99664232244629,
        -83.98785015799024,
        -106.97905799353418,
        -129.97026582907813,
        255.12348266332253,
        151.51838091248746,
        22.01200372394362,
        -237.000750653144,
        131.93248342085585,
        120.73465219139933,
        87.14115850302966,
        31.152002355747015,
        489.6993708797253,
        469.7183394728114,
        449.73730806589754,
        429.75627665898367,
        611.6604615714526,
        600.7795252674039,
        589.8985889633551,
        568.1367163552576,
        355.5216366432582,
        344.32380541380167,
        333.1259741843451,
        321.9281429548886,
        171.60740371123427,
        158.65676599237986,
        132.7554905546711,
        80.95293967925357,
        259.53880063251233,
        249.72998210032668,
        230.11234503595531,
        190.8770709072125,
        223.014270879417,
        213.0237551759601,
        193.04272376904623,
        153.08066095521852,
        142.48297281371183,
        131.60203650966304,
        109.84016390156552,
        66.31641868537059,
        306.68567022283435,
        295.1900663050624,
        272.1988584695184,
        203.22523496288656,
        132.09746274744015,
        110.33559013934263,
        66.8118449231477,
        45.0499723150503,
        182.38244273265036,
        162.764805668279,
        103.91189447516479,
        5.823709153307789,
        269.4525465752443,
        234.25260294936894,
        175.58603023957667,
        58.252884819992175,
        418.3992044474203,
        392.4979290097115,
        366.59665357200277,
        314.79410269658524,
        477.3927656111398,
        457.1994783712602,
        437.0061911313807,
        396.61961665162164,
        541.3866262335156,
        521.4193655693601,
        501.4521049052047,
        461.5175835768938,
        514.151445765696,
        492.38957315759853,
        470.62770054950107,
        427.10395533330615,
        158.0148383974362,
        135.6191759385231,
        113.22351347961006,
        90.82785102069698,
        -146.11912987178073,
        242.22826813154722,
        437.56464916526255,
        417.9470121008912,
        359.0941009077769,
        261.0059155859199,
        94.83139563924883,
        74.85036423233498,
        54.86933282542111,
        34.88830141850724,
        171.5498693850405,
        145.6485939473317,
        119.74731850962297,
        93.84604307191432,
        169.90209241735232,
        149.70880517747275,
        129.5155179375932,
        109.32223069771368,
        182.92217989742534,
        162.72889265754577,
        142.53560541766626,
        122.3423181777867,
        341.05361414712536,
        317.58698506320843,
        294.1203559792915,
        270.6537268953747,
        293.31996803238013,
        269.85333894846326,
        246.38670986454633,
        222.9200807806294,
        271.27356345572,
        441.945124006941,
        441.945124006941,
        220.4938812542071,
        201.33545464955773,
        163.01860144025898,
        124.70174823096022,
        390.9715123832168,
        370.99048097630293,
        311.0473867555613,
        211.14222972099202
    ],