{
    "R2_score": [
        0.14358795984768558,
        0.8061639634400172,
        0.8152502239658883,
        0.3555786797912569,
        0.8697866312395934,
        0.620955446611418,
        -0.3909037900235517,
        0.26027257178066376,
        0.48534414272154125,
        0.3469341709312813
    ],
    "MAE_score": [
        152.29636549904103,
        129.23313448296415,
        92.35566829216442,
        121.48095088773444,
        81.64001358575634,
        92.52484944525466,
        115.6867723654463,
        138.49138369027523,
        98.1299861540708,
        107.93536263046512
    ],
    "RMSE_score": [
        223.7070209623243,
        172.33797955090003,
        112.86472991659296,
        149.77750692150124,
        116.66789968490816,
        116.52216597672493,
        147.15797453298902,
        169.8505110847492,
        122.3802505949521,
        165.52374302352405
    ],
    "y_predict": [
        271.6419663289386,
        271.49487377490595,
        266.6307450534646,
        253.72876475196352,
        137.54089690265516,
        122.39472865674594,
        90.70454329863907,
        -95.25148546868456,
        418.0692668833966,
        430.7816459674084,
        383.0941301085035,
        320.2160054213009,
        201.52884763490627,
        204.26823097235544,
        185.5467019139975,
        166.99874168073987,
        376.8321052636936,
        397.20217240694205,
        394.96984600976714,
        376.70404793818625,
        381.661659312614,
        408.61605700237016,
        419.11669851432094,
        401.10793286018753,
        376.8321052636936,
        401.2398546792645,
        419.11669851432094,
        419.015545183746,
        1158.621105616358,
        1073.3836090187874,
        1018.2023472495016,
        1073.6046707199791,
        653.9924198988217,
        686.1211483263097,
        628.2141898186055,
        563.6203255652804,
        220.64845989985375,
        236.9529530529507,
        213.54055447762897,
        151.50080719060523,
        418.5345102242748,
        417.75402823075206,
        416.55109855392425,
        333.5957993942625,
        281.0709144954176,
        269.97699404972604,
        194.8687839294863,
        89.50914050570287,
        393.72905976046616,
        378.8042837599214,
        353.61070089474276,
        303.06209956860675,
        124.78232849437723,
        125.4818125432472,
        97.15799474108331,
        37.84753387136249,
        325.54419321981305,
        293.048084620081,
        272.98890518721936,
        247.3583363756399,
        527.5985583571199,
        510.7944440352919,
        498.1478624017298,
        455.0915478435597,
        186.21089586865514,
        189.3195518641164,
        161.7289209794736,
        144.26222724307766,
        80.8782162339291,
        62.584312590020716,
        44.90410929329022,
        8.784490157526363,
        266.8075676423781,
        174.7586274647459,
        87.35000076459693,
        -267.34575577137485,
        145.7410466971213,
        132.93480431184383,
        92.44909941094443,
        44.986924927176176,
        351.4680776644799,
        369.80890789996585,
        351.1319032530291,
        334.5906757944669,
        590.9280743200534,
        562.0174768825491,
        568.9411044738864,
        569.463045985399,
        335.3905450061975,
        340.2476703428882,
        317.45989303292737,
        317.2515393192355,
        176.94288702318678,
        178.1449762224301,
        152.00967404305428,
        116.20245397546546,
        282.5122311487082,
        251.95277086069314,
        233.65886721678478,
        186.2135391379499,
        265.300749971178,
        255.74070488053496,
        227.89257192267513,
        186.2135391379499,
        149.99593090874413,
        120.6345881532203,
        89.41657286409037,
        60.27776791814409,
        252.91276596097026,
        256.24931562384415,
        271.40260265326816,
        195.2090974516092,
        126.5493947532523,
        107.46977173417798,
        54.159521775484905,
        33.92885566048972,
        201.0296154722252,
        176.47032991788663,
        122.41257340906202,
        -59.59665539717008,
        284.12626240956394,
        233.05632894932018,
        180.80826403622953,
        84.70221939427478,
        445.01007708305553,
        405.52427636238036,
        389.82881531376984,
        342.13932185324705,
        504.1925162229344,
        494.7977327647092,
        451.3564335509582,
        419.122870086129,
        500.3966346427893,
        492.9652811864855,
        465.11513213343443,
        420.34010632388276,
        515.3904176734164,
        483.3354459133576,
        480.33124336617874,
        423.916273917645,
        161.5550650188176,
        158.58492406308517,
        117.58112532648374,
        120.34474370051299,
        -52.930695663813026,
        210.53312684235618,
        424.594119790129,
        388.3282931131789,
        332.53059358637455,
        220.7769811268729,
        118.66399059185733,
        89.41657286409037,
        78.26440358428579,
        64.30613618924343,
        166.0402633875698,
        125.97312201114141,
        137.7619028374042,
        98.58485859667343,
        136.02685140502965,
        123.08424275862774,
        100.6171718278743,
        78.49163743764012,
        162.12088817844392,
        142.9394883928914,
        116.1286261311385,
        109.86660267093373,
        330.7173093585819,
        320.3634959340654,
        294.42037113587355,
        272.6670339709992,
        278.36659544637024,
        272.03405128194936,
        245.6964226555659,
        220.43539497273417,
        238.22593942125727,
        434.84500219783257,
        438.6916861721204,
        345.7484935106699,
        385.93448749941564,
        371.19834919298046,
        244.59516293569416,
        362.540887139634,
        343.5407686984779,
        284.86464826151075,
        157.10821822571114
    ],