{
    "R2_score": 0.6911967802761467,
    "MAE_score": 132.47408770381372,
    "RMSE_score": 187.68914947204502,
    "y_predict": [
        373.3999003595999,
        431.4107598604857,
        150.62993263571133,
        147.92564558829923,
        338.0875778302021,
        175.21009862789066,
        373.5604588029713,
        91.40667540726196,
        184.5315307535388,
        231.24789922783577,
        254.18481970946613,
        156.05214503755712,
        68.4697549256316,
        454.34768034211606,
        274.28035512284225,
        373.5604588029713,
        286.1756438682288,
        496.55753797087436,
        311.0344794369765,
        320.08086411960494,
        110.17830407429642,
        417.76969847300234,
        429.8352597567236,
        1086.9366090822714,
        440.73219198613384,
        371.89585750974163,
        532.0520672192872,
        373.51458496200803,
        304.0250197824637,
        125.91294775365373,
        -170.59993583920914,
        44.43775116850003,
        1.0361669004958571,
        415.77084091578433,
        156.42707615850568,
        1132.810450045532,
        454.34768034211606
    ],
    "y_true": [
        399.7,
        352.5,
        60.3,
        62.2,
        115.0,
        198.0,
        548.0,
        94.6,
        97.9,
        188.8,
        215.28,
        22.1,
        87.23,
        276.0,
        220.0,
        1074.5,
        6.0,
        193.6,
        67.6,
        232.0,
        11.6,
        419.13,
        201.8,
        1340.0,
        455.0,
        333.94,
        750.1,
        528.8,
        216.0,
        109.9,
        98.3,
        88.0,
        82.5,
        422.0,
        92.9,
        1440.0,
        308.0
    ],
    "features": [
        "CC_Thermal_Conductivity",
        "Current_Collector",
        "Current_Density",
        "E_Bare_Anion_Radius",
        "E_Cation_Radius",
        "Is_Binder",
        "M_Density",
        "Morphology_Encoded",
        "Potential_Window",
        "Synthesis_Method"
    ],
    "params": {
        "alpha": 0.9945483979496761
    }
}