{
    "R2_score": 0.3935830100758885,
    "MAE_score": 88.23254515625493,
    "RMSE_score": 114.04130287767568,
    "y_predict": [
        331.8623009598821,
        115.04698427451115,
        203.3844838128894,
        246.4426828258051,
        389.65219987053285,
        185.6616319205828,
        138.05590225602162,
        198.7736550278952,
        404.9914785248732,
        267.85211098063724,
        458.73065582327496,
        164.98458516882795,
        386.0278590507013,
        305.08148649047666,
        347.30498363064373,
        369.78953990822595,
        129.79860309157442,
        80.35114142371248,
        320.09566111716276,
        142.07364809882841,
        124.55395377832218,
        248.4158318107477,
        124.55395377832218,
        408.662098248005,
        148.41205301520625,
        138.05590225602162,
        109.2146751239818,
        273.20081298739603,
        273.3081879379764,
        78.53611781530117,
        393.3228195936647,
        273.27750938066777,
        229.45221233657585,
        109.2146751239818,
        358.9736425618522
    ],
    "y_true": [
        140.0,
        149.0,
        310.4,
        118.4,
        333.94,
        82.5,
        240.6,
        198.0,
        354.8,
        377.13,
        565.3,
        260.4,
        131.0,
        25.0,
        325.0,
        455.0,
        287.4,
        94.6,
        423.0,
        11.6,
        118.4,
        211.8,
        58.1,
        391.6,
        59.7,
        221.9,
        66.5,
        145.9,
        548.0,
        64.8,
        352.5,
        355.6,
        235.0,
        93.4,
        305.0
    ],
    "features": [
        "CC_Electrical_Conductivity",
        "CC_Thermal_Conductivity",
        "Current_Density",
        "E_Anion_Radius",
        "E_Ionic_Conductivity",
        "Is_Binder",
        "M_Density",
        "Morphology_Encoded",
        "Potential_Window",
        "Synthesis_Method"
    ],
    "params": {
        "alpha": 0.9945483979496761
    }
}