{
    "R2_score": [
        -0.03551780616167943,
        -2.5076182213783142,
        -0.0013247624634733501,
        -0.10891245645561343,
        0.5075292444019237,
        0.38627364050924984,
        -0.25276805503769073,
        0.24739864313042925,
        -0.3403904236595272,
        -2.3165326268904884
    ],
    "MAE_score": [
        135.48968817905723,
        154.32651918038124,
        101.3751049872011,
        342.18108280716694,
        115.51944275663757,
        181.37165899579244,
        93.42841203781832,
        91.94116317357157,
        169.59777462407664,
        211.35310204111914
    ],
    "RMSE_score": [
        205.623305361909,
        155.1596500922941,
        131.93994379730674,
        526.6226443022703,
        139.42109148997503,
        200.63947521939903,
        111.24199219072364,
        116.04880551226174,
        202.8580935444568,
        266.0802635257165
    ],
    "y_predict": [
        284.0901178276092,
        281.4971246481722,
        278.90413146873516,
        276.3111382892981,
        51.16047102558241,
        31.194313146804575,
        11.228155268026626,
        -168.4672656409744,
        344.58222820522275,
        341.9892350257857,
        336.80324866691166,
        321.2452895902894,
        207.64530860289346,
        195.91209605694803,
        184.1788835110026,
        160.71245841911175,
        290.22081804264474,
        290.21609730105286,
        290.211376559461,
        290.18777285150156,
        308.00351281708384,
        307.99888150418485,
        307.9942501912859,
        307.9710936267912,
        402.1793102310686,
        402.15691062684823,
        402.13451102262786,
        402.02251300152614,
        321.20598780839805,
        314.1248754205759,
        304.68339223681306,
        290.5211674611688,
        840.1466358758729,
        820.1804779970951,
        800.2143201183171,
        700.3835307244276,
        308.1492791747446,
        305.74384183963446,
        300.9329671694142,
        286.50034315875337,
        442.8914464121732,
        431.15823386622776,
        407.6918087743369,
        337.29253349866434,
        282.67245462108417,
        260.2728504007356,
        193.0740377396899,
        81.07601663794708,
        373.57088244109127,
        368.3848960822172,
        363.19890972334315,
        352.82693700559497,
        146.15789047194812,
        136.17481153255915,
        106.22557471439234,
        56.31018001744758,
        269.02068836149215,
        265.3904979102803,
        260.20451155140626,
        255.01852519253217,
        376.46171994385145,
        363.0602998064324,
        349.6588796690133,
        336.25745953159424,
        229.23205675457547,
        222.53134668586594,
        215.8306366171564,
        209.12992654844686,
        -60.99541235612054,
        -83.9855984924564,
        -106.97578462879221,
        -129.96597076512796,
        254.53853698335573,
        146.74918925865362,
        12.012504602776005,
        -257.4608647089793,
        131.05574226972942,
        119.85594015955513,
        86.25653382903226,
        30.257523278160875,
        419.2423147871399,
        414.61100188818807,
        409.97968898923625,
        405.34837609028443,
        370.70594116587625,
        368.30050383076616,
        365.895066495656,
        361.0841918254357,
        362.06682279508254,
        350.8670206849083,
        339.667218574734,
        328.46741646455973,
        167.31738190111375,
        153.84371343552598,
        126.89637650435048,
        73.00170264199943,
        254.6408451512067,
        252.28047435526597,
        247.55973276338455,
        238.11824957962168,
        243.77486268164517,
        241.45920623216927,
        236.82789333321745,
        227.56526753531378,
        206.96531789550687,
        204.55988056039675,
        199.74900589017645,
        190.1272565497359,
        306.6969509915822,
        295.20185792341425,
        272.21167178707844,
        203.24111337807096,
        216.34345721557895,
        211.53258254535868,
        201.9108332049181,
        197.09995853469783,
        252.08986275407008,
        247.36912116218866,
        233.20689638654437,
        209.6031884271372,
        269.45292819761823,
        234.253290559782,
        175.58722783005484,
        58.25510237060058,
        419.81472035248805,
        392.8673834213125,
        365.92004649013705,
        312.025372627786,
        357.35218733145825,
        350.6514772627487,
        343.9507671940392,
        330.5493470566201,
        541.3773077481426,
        521.4111498693647,
        501.4449919905868,
        461.512676233031,
        372.4429522364376,
        367.6320775662173,
        362.82120289599703,
        353.1994535555565,
        156.62393539761524,
        134.2243311772667,
        111.82472695691814,
        89.42512273656956,
        -146.07039017425933,
        240.54513952300175,
        246.20171145857262,
        241.4809698666912,
        227.3187450910469,
        203.71503713163975,
        167.2927454822801,
        162.6614325833283,
        158.03011968437647,
        153.39880678542465,
        171.84287778388173,
        144.8955408527062,
        117.94820392153065,
        91.00086699035523,
        230.4135463701151,
        223.7128363014056,
        217.01212623269606,
        210.3114161639865,
        248.78519184660686,
        242.08448177789734,
        235.38377170918778,
        228.68306164047826,
        341.05478392720005,
        317.5883588353092,
        294.12193374341837,
        270.6555086515275,
        293.3198697867166,
        269.8534446948257,
        246.38701960293486,
        222.920594511044,
        271.27843402302386,
        441.9394583192634,
        441.9394583192634,
        216.7091270266696,
        211.52314066779547,
        201.15116795004732,
        190.77919523229917,
        318.79614386961316,
        314.16483097066134,
        300.2708922738058,
        277.11432777904673
    ],