{
    "R2_score": [
        0.6280044137156957,
        0.11609075216032161,
        0.34732912021599216,
        0.35826412430438404,
        0.19094816004896686,
        -3.5750501708230793,
        -0.11231803066879609,
        0.12313546146171694,
        0.5767025805563984,
        -0.8097824048896538
    ],
    "MAE_score": [
        78.05213781507094,
        137.65394611201555,
        86.10128177613909,
        160.72809072013786,
        80.94964083278309,
        120.18734217287965,
        111.31129727414391,
        148.74097020116938,
        102.74235123606007,
        78.41914663029772
    ],
    "RMSE_score": [
        93.08171753657723,
        193.07902486869227,
        124.59518285989908,
        181.57854037070808,
        107.42210888794722,
        137.19733520588744,
        131.1635886045906,
        168.84774623978527,
        129.3647936612644,
        116.53753917281904
    ],
    "y_predict": [
        229.65809764851423,
        221.389529766811,
        213.12096188510773,
        204.8523940034045,
        150.43443343990162,
        135.6877620234822,
        120.94109060706273,
        -11.778952140712192,
        317.4581923407806,
        313.7367383717431,
        306.2938304336682,
        283.96510661944325,
        297.3865729827243,
        290.23500052873567,
        283.0834280747471,
        268.7802831667698,
        227.30914754178679,
        227.29577668087177,
        227.2824058199567,
        227.21555151538143,
        265.9337635471797,
        258.5129070011727,
        251.09205045516575,
        213.98776772513088,
        276.55956133840334,
        268.97479892007175,
        253.80527408340853,
        208.2966995734188,
        391.9702408283925,
        385.2848103708658,
        371.9139494558123,
        331.80136671065196,
        242.77314331993014,
        228.0264719035107,
        183.7864576542524,
        110.05310057215519,
        309.3362290629151,
        296.6223576359379,
        283.90848620896065,
        258.48074335500615,
        193.1940533330964,
        186.04248087910779,
        164.58776351714192,
        128.82990124719873,
        296.12861512846786,
        285.50994774280355,
        270.3404229061403,
        255.17089806947706,
        490.2147319648058,
        457.14046043799283,
        424.06618891117984,
        390.9919173843669,
        150.14136156373132,
        135.3946901473119,
        120.64801873089243,
        105.90134731447301,
        108.39789151272242,
        100.95498357464743,
        93.51207563657249,
        86.0691676984975,
        234.18823793324313,
        213.57540793179462,
        187.80937042998397,
        136.27729542636266,
        196.79828061372848,
        194.22167686354743,
        186.49186561300422,
        173.60884686209891,
        91.66914937771992,
        76.49962454105668,
        61.33009970439343,
        46.16057486773019,
        304.0300811327206,
        300.3196528597171,
        296.60922458671365,
        289.1883680407067,
        392.77704426769634,
        384.50847638599305,
        376.2399085042898,
        367.9713406225866,
        174.56392224891312,
        168.20698653542448,
        155.49311510844726,
        130.0653722544928,
        187.10004695049045,
        180.41461649296372,
        167.04375557791028,
        140.30203374780336,
        206.910196299319,
        199.3254338809874,
        184.15590904432415,
        153.8168593709977,
        154.7759513706546,
        151.06552309765112,
        143.64466655164415,
        128.80295345963017,
        138.09935822782444,
        135.5227544776434,
        130.36954697728126,
        114.90992447619487,
        147.4907339179577,
        129.3958714807797,
        93.20614660642372,
        75.11128416924578,
        273.11456538794846,
        258.8114204799712,
        215.90198575603944,
        144.38626121615312,
        286.37363771946434,
        259.23134406369735,
        213.99418797075242,
        123.5198757848625,
        347.3210565899784,
        342.16784908961625,
        337.01464158925415,
        326.7082265885299,
        360.3661661668076,
        347.6522947398304,
        334.93842331285316,
        309.5106804588986,
        360.3661661668076,
        347.6522947398304,
        334.93842331285316,
        309.5106804588986,
        458.95433829488746,
        440.8594758577095,
        422.76461342053153,
        386.5748885461756,
        241.20289803894843,
        223.1080356017705,
        205.0131731645925,
        186.9183107274145,
        201.66594798997704,
        268.97479892007175,
        405.41773805656953,
        388.88060229316307,
        339.26919500294355,
        256.5835161859111,
        151.77597907359313,
        144.33307113551814,
        136.8901631974432,
        129.4472552593682,
        148.26216241271482,
        134.89130149766135,
        121.52044058260788,
        108.14957966755446,
        154.04605258292202,
        141.3321811559448,
        128.61830972896757,
        115.9044383019903,
        234.47491842310632,
        229.32171092274416,
        224.16850342238206,
        219.0152959220199,
        399.2395196167098,
        384.9363747087325,
        370.63322980075526,
        356.330084892778,
        305.4864639353141,
        291.1833190273368,
        276.8801741193595,
        262.5770292113823,
        340.26027236302167,
        375.8581668640961,
        375.8581668640961,
        306.24381774711026,
        298.80090980903526,
        283.9150939328853,
        269.0292780567354,
        283.2942791638194,
        265.1994167266414,
        210.91482941510753,
        120.44051722921756
    ],