{
    "R2_score": 0.6892556086118542,
    "MAE_score": 133.46880310817338,
    "RMSE_score": 188.2781428218482,
    "y_predict": [
        370.05704234747833,
        434.5779763163385,
        146.2742461496722,
        157.40281480037703,
        340.1531856007514,
        177.71176879332552,
        370.2176776855863,
        84.0484025092,
        184.43954548309614,
        229.79131514238253,
        252.73922058638277,
        153.9770769418758,
        61.10049706519976,
        457.52588176033873,
        272.9093508365556,
        370.2176776855863,
        287.98725169037635,
        480.473601163826,
        317.78708992582847,
        320.0308544684708,
        108.08126605387531,
        424.9785603496704,
        431.94480737675235,
        1087.3932591714943,
        441.3057530061091,
        379.0827494616699,
        524.890992445092,
        370.1717818746983,
        303.9673206576706,
        125.93841574888722,
        -168.25919476595607,
        42.35479568301372,
        0.8563019310942082,
        421.6567439271289,
        153.58987214582442,
        1133.2890700594949,
        457.52588176033873
    ],
    "y_true": [
        399.7,
        352.5,
        60.3,
        62.2,
        115.0,
        198.0,
        548.0,
        94.6,
        97.9,
        188.8,
        215.28,
        22.1,
        87.23,
        276.0,
        220.0,
        1074.5,
        6.0,
        193.6,
        67.6,
        232.0,
        11.6,
        419.13,
        201.8,
        1340.0,
        455.0,
        333.94,
        750.1,
        528.8,
        216.0,
        109.9,
        98.3,
        88.0,
        82.5,
        422.0,
        92.9,
        1440.0,
        308.0
    ],
    "features": [
        "CC_Thermal_Conductivity",
        "Current_Collector",
        "Current_Density",
        "E_Bare_Anion_Radius",
        "E_Cation_Radius",
        "Is_Binder",
        "M_Density",
        "Morphology_Encoded",
        "Potential_Window",
        "Synthesis_Method"
    ],
    "params": {
        "alpha": 0.013225319816859617,
        "l1_ratio": 0.6634064286119826
    }
}