{
    "R2_score": 0.38187616291380155,
    "MAE_score": 89.03991100199686,
    "RMSE_score": 115.13682150897795,
    "y_predict": [
        338.7953074687576,
        113.37486254775462,
        201.19642554516253,
        243.59347896308464,
        396.7896311368336,
        186.47047204904072,
        135.7983311109844,
        202.9512662676745,
        411.7386101789868,
        270.27701229833133,
        463.24454422471933,
        164.6394705415832,
        395.92276026558136,
        306.34655786460206,
        352.11330130730335,
        370.42700729556856,
        135.73620091895236,
        79.17247706839015,
        325.5286918996604,
        140.90803498678514,
        121.95814293502866,
        248.6650742653864,
        121.08730999225764,
        411.90921747591625,
        144.32268916423016,
        135.7983311109844,
        105.7643010632093,
        268.0795848399447,
        268.1842276932398,
        77.11120580856897,
        396.96023843376304,
        268.15432973515544,
        232.84922435198098,
        107.0091638928755,
        366.8916730525271
    ],
    "y_true": [
        140.0,
        149.0,
        310.4,
        118.4,
        333.94,
        82.5,
        240.6,
        198.0,
        354.8,
        377.13,
        565.3,
        260.4,
        131.0,
        25.0,
        325.0,
        455.0,
        287.4,
        94.6,
        423.0,
        11.6,
        118.4,
        211.8,
        58.1,
        391.6,
        59.7,
        221.9,
        66.5,
        145.9,
        548.0,
        64.8,
        352.5,
        355.6,
        235.0,
        93.4,
        305.0
    ],
    "features": [
        "CC_Electrical_Conductivity",
        "CC_Thermal_Conductivity",
        "Current_Density",
        "E_Anion_Radius",
        "E_Ionic_Conductivity",
        "Is_Binder",
        "M_Density",
        "Morphology_Encoded",
        "Potential_Window",
        "Synthesis_Method"
    ],
    "params": {
        "alpha": 0.03314791354547558,
        "l1_ratio": 0.686274905608282
    }
}