{
    "R2_score": [
        0.03687160573215942,
        0.42151215593506053,
        0.5396807461610668,
        0.3269908612395238,
        0.43793189374558994,
        0.4565979792598872,
        0.01280643177832319,
        0.0834041891683962,
        0.23832313379936354,
        0.3121653312310606
    ],
    "MAE_score": [
        170.13700338374179,
        174.2411758310944,
        129.39296775393564,
        122.63205875308847,
        152.75251272959432,
        102.3866614431332,
        92.33345325335101,
        165.9130056303554,
        124.08694793130609,
        110.75452302031343
    ],
    "RMSE_score": [
        237.23585402340436,
        297.721950293516,
        178.15411439360878,
        153.0636720530644,
        242.3918779770872,
        139.51600864641418,
        123.9756559904964,
        189.06882750365523,
        148.88065160447474,
        169.87280153384597
    ],
    "y_predict": [
        254.57348286741467,
        266.3694995546401,
        267.9898935073941,
        254.22534480639615,
        149.476141038832,
        155.72530273760404,
        147.88897776231872,
        89.54190077219425,
        354.8522286138083,
        369.7550707179797,
        324.4369674409345,
        326.9825218841311,
        276.38876415728555,
        279.2562252790235,
        263.6364195012235,
        267.95606421099166,
        319.20886047600186,
        338.8518215489066,
        340.6579329950079,
        319.17133277984055,
        326.9745027840407,
        348.808533580877,
        365.64364344453975,
        352.61974847160957,
        319.20886047600186,
        352.6675816026943,
        365.64364344453975,
        365.60676445215654,
        646.0134764826059,
        558.9308580799703,
        541.4665347992211,
        620.6595531012354,
        305.4787793486092,
        311.5746020536634,
        304.66080347752927,
        281.6383270869136,
        310.7910266006573,
        323.7511912936704,
        312.5204208042374,
        296.3876360894232,
        347.8405727575841,
        364.4133386966327,
        375.5203478669864,
        337.53829985886824,
        262.8834472943552,
        270.75384178358155,
        240.5267784347089,
        175.4570602684704,
        371.2312873895358,
        368.8116802914839,
        357.51383915646164,
        333.19343845457144,
        188.9016992821995,
        196.93254920616732,
        188.93801909258946,
        149.8687039438567,
        261.0084661423475,
        288.3579847293554,
        281.4992606128183,
        271.60490584876976,
        387.63929761091197,
        398.1837603771046,
        369.31403728763286,
        360.36935773019445,
        198.55960246619415,
        202.33882561234623,
        193.60666397197159,
        181.77688576580817,
        21.319223238191228,
        15.958123786569445,
        46.154214268071684,
        18.50953587104931,
        263.75008187801615,
        233.59740967571395,
        208.57674036865802,
        70.8865571215473,
        215.17745008790197,
        177.29275458152637,
        149.66203406882323,
        145.40400052501997,
        389.10090819233096,
        407.91113860626103,
        406.76155353597335,
        397.6416190037241,
        413.01933470797707,
        407.6124127561622,
        405.0471461938505,
        377.73586180938986,
        405.53603866243805,
        407.5977634578705,
        398.7018764439093,
        399.48949491533654,
        241.69611166331657,
        253.65831313540224,
        239.8990709859917,
        235.27772306611766,
        279.5090571980395,
        259.940938242631,
        254.57983879100922,
        238.89248273060338,
        268.13390965804996,
        265.46235081106,
        251.2315725572649,
        238.89248273060338,
        178.2231033157764,
        158.68354371509145,
        141.84193897755864,
        138.7283778637939,
        259.4744056431695,
        301.45111404331874,
        337.7104968894259,
        316.91232827333613,
        182.58302434574557,
        187.7908290815627,
        150.63254570148501,
        143.2567472248578,
        252.22446794358535,
        252.93016769345166,
        227.35570185543298,
        177.766790180544,
        289.52884144506936,
        261.75113280491917,
        209.4299511762145,
        208.5215776210099,
        373.1803200826499,
        416.7108858872111,
        355.7159968019007,
        393.1617798019173,
        399.80188338631183,
        429.3917889879852,
        413.2180168983579,
        397.33606074081763,
        416.5776776370709,
        424.5545870764771,
        413.5525978258856,
        359.78862668008463,
        433.55710572078164,
        392.0410597952081,
        429.4868174221772,
        395.2052068611515,
        237.27776112239187,
        278.2577405366554,
        221.33338409413864,
        267.5715051486957,
        206.8451745602231,
        307.1031273623437,
        250.0846732861938,
        317.76435755088687,
        305.8849912690072,
        278.1741231658957,
        162.56401517428094,
        141.84193897755864,
        142.72795840865646,
        142.4086201363699,
        201.25047659071586,
        170.50268692150985,
        190.18760993229796,
        166.44777398580044,
        175.3937055549505,
        168.7650255317004,
        160.26207639786386,
        156.8961898002367,
        208.61858292233686,
        201.57857058834,
        192.40204583726893,
        210.65830292093042,
        395.38802983121303,
        385.3534883571603,
        369.88642853526574,
        370.33284479846196,
        285.4965374747435,
        275.2628466100671,
        279.47150767061896,
        258.048141386775,
        331.0647020508528,
        380.88144731860814,
        384.96174946176893,
        263.5539058464953,
        266.14822135062116,
        266.0914734768531,
        226.6749134633594,
        306.3362640481429,
        299.47669283683547,
        309.7901486152017,
        245.35603104022704
    ],