{
    "R2_score": 0.33666109573298497,
    "MAE_score": 92.53423651449422,
    "RMSE_score": 119.2735717158853,
    "y_predict": [
        346.19548915186704,
        185.0138487043197,
        213.16066909254738,
        214.4578171208624,
        357.8217575327907,
        204.43386122657105,
        193.37460060764823,
        247.5556455784906,
        363.3955921350097,
        265.37849605293206,
        375.77936333561513,
        206.35073249416092,
        373.2028893800414,
        291.99031042250556,
        337.5200239397639,
        326.58089466180354,
        215.21398463296097,
        90.42180926294503,
        332.3651726095584,
        202.63469778860704,
        164.99527454072438,
        248.89601753789685,
        165.1300298691074,
        359.81536234863995,
        172.00651999463844,
        193.37460060764823,
        159.6140737849808,
        242.18714050946755,
        242.2261573516831,
        148.27377073406734,
        354.24152774642096,
        242.21500968247864,
        258.7033147829286,
        159.4214399385054,
        346.67408832835264
    ],
    "y_true": [
        140.0,
        149.0,
        310.4,
        118.4,
        333.94,
        82.5,
        240.6,
        198.0,
        354.8,
        377.13,
        565.3,
        260.4,
        131.0,
        25.0,
        325.0,
        455.0,
        287.4,
        94.6,
        423.0,
        11.6,
        118.4,
        211.8,
        58.1,
        391.6,
        59.7,
        221.9,
        66.5,
        145.9,
        548.0,
        64.8,
        352.5,
        355.6,
        235.0,
        93.4,
        305.0
    ],
    "features": [
        "CC_Electrical_Conductivity",
        "CC_Thermal_Conductivity",
        "Current_Density",
        "E_Anion_Radius",
        "E_Ionic_Conductivity",
        "Is_Binder",
        "M_Density",
        "Morphology_Encoded",
        "Potential_Window",
        "Synthesis_Method"
    ]
}