{
    "R2_score": 0.4005548639489238,
    "MAE_score": 169.30245424802132,
    "RMSE_score": 261.50077281598857,
    "y_predict": [
        309.95399719983635,
        366.64180866813444,
        192.264645580894,
        258.3491742359888,
        297.63671601663805,
        266.5718302795093,
        310.0001894608761,
        63.08545303515382,
        252.46285294140182,
        250.0583205749913,
        256.65721500924127,
        205.85173316003682,
        56.486558600903834,
        373.2407031023844,
        270.4819035995807,
        310.0001894608761,
        318.4412575176439,
        268.7028400546668,
        336.02087669906115,
        292.0539600239843,
        192.65394429153687,
        394.91371688495514,
        324.0322937536379,
        598.5019996797346,
        352.53283133002697,
        381.7159280164552,
        376.66742122393646,
        309.9869916720076,
        287.43473392000936,
        187.97593670918616,
        128.3309019940371,
        177.90900547716979,
        199.6716974674021,
        386.53718980613417,
        177.316151883489,
        611.6997885482347,
        373.2407031023844
    ],
    "y_true": [
        399.7,
        352.5,
        60.3,
        62.2,
        115.0,
        198.0,
        548.0,
        94.6,
        97.9,
        188.8,
        215.28,
        22.1,
        87.23,
        276.0,
        220.0,
        1074.5,
        6.0,
        193.6,
        67.6,
        232.0,
        11.6,
        419.13,
        201.8,
        1340.0,
        455.0,
        333.94,
        750.1,
        528.8,
        216.0,
        109.9,
        98.3,
        88.0,
        82.5,
        422.0,
        92.9,
        1440.0,
        308.0
    ],
    "features": [
        "CC_Thermal_Conductivity",
        "Current_Collector",
        "Current_Density",
        "E_Bare_Anion_Radius",
        "E_Cation_Radius",
        "Is_Binder",
        "M_Density",
        "Morphology_Encoded",
        "Potential_Window",
        "Synthesis_Method"
    ]
}