{
    "R2_score": [
        -0.08854956854551332,
        -2.957152025081133,
        0.12549219563815583,
        0.3267710701315679,
        0.6380664552764156,
        0.7624907555874516,
        -0.2920156468669892,
        0.22081794686212164,
        -0.618993148185409,
        -1.647412903458763
    ],
    "MAE_score": [
        138.29326288314417,
        163.95913742311953,
        98.25029176176335,
        283.66591749956444,
        83.49293220529925,
        113.56887483333523,
        93.01976947843862,
        93.24000097677124,
        180.64997946779653,
        192.28919854981055
    ],
    "RMSE_score": [
        210.82283809361147,
        164.8025777484799,
        123.30215341462427,
        410.3290677649339,
        119.52332702749744,
        124.81571070541186,
        112.97108743218543,
        118.08035403170894,
        222.9457443685744,
        237.7285632216451
    ],
    "y_predict": [
        334.37251565874413,
        324.9929385248568,
        315.61336139096943,
        306.23378425708205,
        49.162948422067814,
        30.61802273914907,
        12.073097056230267,
        -154.83123409003872,
        436.90862826292795,
        427.52905112904057,
        408.76989686126586,
        352.4924340579417,
        216.4451624732041,
        205.24837626603502,
        194.05159005886594,
        171.65801764452783,
        315.62601682388095,
        315.6067952491948,
        315.5875736745087,
        315.491465801078,
        364.0865390964957,
        364.06732946811087,
        364.04811983972604,
        363.95207169780167,
        399.05197378795464,
        399.03017383633505,
        399.00837388471547,
        398.8993741266176,
        657.9827437886474,
        629.1503817594426,
        590.7072323871695,
        533.0425083287598,
        759.6957375865701,
        741.1508119036513,
        722.6058862207325,
        629.8812578061386,
        226.1595105145171,
        215.68842893548268,
        194.74626577741378,
        131.9197763032072,
        440.3547165095615,
        429.15793030239246,
        406.7643578880543,
        339.5836406450399,
        280.8344084016172,
        259.0344567820455,
        193.63460192333048,
        84.63484382547205,
        426.91261067316054,
        408.15345640538584,
        389.39430213761113,
        351.87599360206167,
        128.88360669699568,
        119.61114385553628,
        91.79375533115808,
        45.43144112386119,
        316.1818943763211,
        303.0504863888788,
        284.2913321211041,
        265.53217785332936,
        551.8964647783412,
        512.0588632578026,
        472.22126173726406,
        432.3836602167255,
        211.05972395199342,
        191.14092319172414,
        171.22212243145486,
        151.30332167118559,
        -64.17679778624608,
        -86.11385699973584,
        -108.0509162132256,
        -129.98797542671537,
        261.97642882833816,
        160.39103005490986,
        33.409281588124486,
        -220.5542153454461,
        134.00744754476835,
        123.10747173498248,
        90.40754430562498,
        35.90766525669579,
        500.9624080746785,
        481.7527796898072,
        462.543151304936,
        443.33352292006475,
        582.2445986637522,
        571.7735170847177,
        561.3024355056833,
        540.3602723476145,
        372.2367114552845,
        361.33673564549866,
        350.4367598357128,
        339.536784025927,
        172.81149349464692,
        160.1133186479684,
        134.71696895461133,
        83.92426956789717,
        256.63732797575983,
        247.02654063269154,
        227.804965946555,
        189.36181657428187,
        220.01287159831475,
        210.4080574058791,
        191.19842902100783,
        152.77917225126538,
        140.16326770887758,
        129.6921861298432,
        108.75002297177429,
        66.86569665563661,
        329.13594586053716,
        318.16741625379234,
        296.2303570403026,
        230.41917939983338,
        135.93945428282683,
        114.99729112475791,
        73.11296480862023,
        52.170801650551255,
        186.72665385050135,
        167.50507916436487,
        109.84035510595521,
        13.732481675272368,
        275.2133513440169,
        241.62299272250974,
        185.63906168666438,
        73.67119961497372,
        430.2149233064244,
        404.8185736130673,
        379.42222391971023,
        328.62952453299613,
        472.8247302348975,
        452.90592947462824,
        432.98712871435896,
        393.14952719382046,
        529.2812150067673,
        510.7362893238485,
        492.1913636409297,
        455.10151227509215,
        517.2327793207353,
        496.2906161626664,
        475.34845300459756,
        433.46412668845977,
        162.48281755529223,
        140.68286593572054,
        118.88291431614888,
        97.08296269657723,
        -84.05009137924026,
        248.5655344057086,
        424.9887139587616,
        405.76713927262506,
        348.1024152142154,
        251.99454178353258,
        92.92706224280272,
        73.7174338579315,
        54.507805473060216,
        35.29817708818899,
        162.05925129204604,
        136.66290159868896,
        111.26655190533188,
        85.87020221197474,
        166.88966201046154,
        146.9708612501922,
        127.05206048992295,
        107.13325972965367,
        181.24652205039777,
        161.32772129012844,
        141.40892052985916,
        121.49011976958991,
        355.5547681884328,
        333.1611957740946,
        310.7676233597565,
        288.37405094541833,
        293.7395730632121,
        271.346000648874,
        248.95242823453586,
        226.55885582019772,
        281.6785418249774,
        438.21476242447443,
        438.21476242447443,
        196.1231527037207,
        177.363998435946,
        139.84568990039656,
        102.3273813648471,
        383.96690388944666,
        364.75727550457543,
        307.1283903499617,
        211.08024842560548
    ],