{
    "R2_score": [
        0.13933174454730546,
        0.8058673911963138,
        0.8104594492077026,
        0.339935029790846,
        0.8651246396662273,
        0.6097194685420889,
        -0.3265033982687693,
        0.24210353217950942,
        0.47368005181623496,
        0.3491042760803331
    ],
    "MAE_score": [
        154.0822076927038,
        129.19153785829826,
        92.34328119257101,
        123.40411580889084,
        81.86424684556209,
        93.46285524553731,
        114.09489233913433,
        139.95003603830358,
        98.51686269830238,
        107.75359051627099
    ],
    "RMSE_score": [
        224.26222402656947,
        172.469769096039,
        114.31872063399007,
        151.58456781786793,
        118.73804694030618,
        118.23658089684507,
        143.71081085892087,
        171.92377496041587,
        123.75928554930921,
        165.2485006114834
    ],
    "y_predict": [
        270.8606441020545,
        272.2792230705504,
        266.6362654138903,
        253.5951370819012,
        134.24122513058174,
        119.80884913269523,
        91.44296159054747,
        -95.73980965053244,
        416.6958516286653,
        433.47684820328806,
        382.4219194831475,
        323.97903404494156,
        207.3054688419684,
        209.2738222431372,
        189.94223174682793,
        176.33289666250633,
        369.598312551415,
        392.40915798317246,
        391.5692893156443,
        369.4771600813468,
        377.00475239188194,
        403.33580601550943,
        420.7647815613121,
        397.8241742035763,
        369.598312551415,
        397.95389106085366,
        420.7647815613121,
        420.66558283604195,
        1149.817095478701,
        1061.722556099311,
        1008.0326556669435,
        1066.739643071166,
        627.840197488099,
        654.399381514499,
        600.5664867615084,
        528.176122563542,
        228.72571876118795,
        245.3948787113007,
        220.9468757865026,
        162.85808540427118,
        420.9436333173235,
        420.38073403459066,
        415.1495110731896,
        337.31840992646556,
        278.73700824957723,
        267.657167444843,
        194.65336496712973,
        81.55993833240956,
        395.834159568756,
        382.38454540095483,
        357.158439623471,
        307.9068041588379,
        123.458976969334,
        125.15816366364751,
        100.61420199633596,
        34.20473151314707,
        318.1811678905713,
        292.6746668288564,
        273.3368068562139,
        247.3284396216289,
        515.6480632647543,
        498.073053407373,
        485.52154180857366,
        444.53437527199105,
        182.5284847418731,
        184.99166511899304,
        158.14671490280918,
        140.04142845762053,
        67.83105956050412,
        50.52356383648072,
        35.48172253059545,
        1.0156052033395895,
        271.42028715455734,
        180.42485526632726,
        93.13345380238593,
        -250.77889874645484,
        144.12008171915312,
        123.40481784534742,
        86.6463036526763,
        36.92691299376236,
        362.6069868554248,
        384.20711691955864,
        366.0829828089435,
        345.6647790795536,
        569.4351982767881,
        547.6583356909656,
        547.8157220638918,
        553.1472510481609,
        351.7415875132599,
        356.7373033826387,
        333.2440281222276,
        333.93215004159987,
        177.19353487532092,
        180.8579601016184,
        151.67406775119065,
        118.25714770289898,
        280.63830583291235,
        250.25044704931196,
        232.94295132528862,
        185.01931936741795,
        263.69898166360224,
        254.270533188201,
        226.11646074783508,
        185.01931936741795,
        146.53837901391853,
        117.92136080410904,
        86.83961679998072,
        60.76199943357244,
        257.7095476020541,
        269.40332333851217,
        286.3046326058343,
        217.5372407949939,
        131.38709100806315,
        112.86642903470045,
        56.005606149774906,
        36.16586109574183,
        201.74893436286197,
        181.24336851634584,
        123.86672581347261,
        -48.20767506342412,
        287.659899126715,
        236.95424158693348,
        180.9635632010105,
        90.85773221253288,
        448.1565286752473,
        417.4714765198824,
        394.46662824287955,
        354.81470167886584,
        503.7445615538348,
        499.03807828461095,
        458.81538420877234,
        427.61610455365036,
        507.2000533223412,
        500.54593125647784,
        473.22641123572794,
        424.1551048007413,
        522.7625740585041,
        484.9076755589126,
        488.77657182030856,
        431.77246551913095,
        147.09382756678485,
        158.20118468367517,
        103.85487514099236,
        120.48739078207004,
        -30.942238554977223,
        218.8058462341714,
        408.13413141407545,
        389.3347231439567,
        330.3490223359189,
        224.04457870488633,
        117.67259753852579,
        86.83961679998072,
        75.82249724373247,
        61.772585703165646,
        158.62458247671114,
        121.46932406040204,
        133.6827838657657,
        93.73393054753996,
        132.99965011042815,
        118.98876417121053,
        97.55558764302123,
        73.78029777469146,
        159.27013105174578,
        142.73784267084625,
        113.65982436966823,
        110.5072448486149,
        343.99271719945165,
        332.99044054302396,
        305.48268595096124,
        287.8485765523332,
        282.81494472462543,
        271.72359939097487,
        251.36580178552933,
        221.8276639250618,
        248.3345942328003,
        432.45700679721296,
        445.5562299076186,
        326.7582594786957,
        372.89224819871106,
        362.6698986262365,
        227.55953420853035,
        354.1580314727902,
        338.49597860964536,
        286.4635072323523,
        155.47236106420206
    ],