{
    "R2_score": [
        0.16388176228750484,
        0.5426555583079915,
        0.4268673361476365,
        0.41516755343895884,
        0.3618588739317997,
        0.7003091078644169,
        0.4262071328500978,
        0.4652160396031396,
        0.5722281004414775,
        0.770488272084201
    ],
    "MAE_score": [
        104.7489752564963,
        77.87725908976563,
        95.1303296929109,
        97.1319164509365,
        97.36717274107046,
        77.24564365143294,
        75.45311741128933,
        109.81599957390745,
        92.28600330807234,
        75.53803026926923
    ],
    "RMSE_score": [
        126.71438384984732,
        100.37610875074964,
        121.51319077749828,
        114.49151606605157,
        114.6641035835993,
        107.19916278281185,
        94.66125657007055,
        134.9405106424295,
        125.58016078787055,
        98.80619081414206
    ],
    "y_predict": [
        219.05663433016178,
        224.14093460783022,
        213.99313509334232,
        215.58835103649685,
        186.67343346129582,
        173.49664233732415,
        152.2954004592715,
        0.2169451023199258,
        353.1940983356296,
        360.5662084207409,
        325.46458022575166,
        266.8751176131163,
        269.79504259086434,
        260.8480192522243,
        249.14653473953877,
        221.12841631389924,
        258.4236006623901,
        239.89219538166267,
        258.39034362029776,
        258.30720101506705,
        451.44536325405153,
        446.5911332696509,
        494.4307423836923,
        372.43149594069905,
        288.3809122790391,
        292.24968222324947,
        278.3393229280289,
        195.1155692592917,
        380.3244615754336,
        379.2222706774179,
        362.5937496312781,
        333.06610483733823,
        278.4309185872646,
        254.59321329847518,
        194.6963244557879,
        108.05647583828573,
        315.1219106581656,
        311.86528481814435,
        297.15035278899865,
        256.00873344627666,
        170.7626389218476,
        157.92997966590104,
        133.57435024640193,
        103.6418429479337,
        276.43701975888945,
        294.9493633774934,
        263.8754274255574,
        253.64369023888884,
        469.8231395850287,
        457.36410909315134,
        389.8400199052802,
        413.2621083653509,
        194.2728168516199,
        140.52962109451386,
        142.36726614093664,
        139.59324873713354,
        65.64077046002893,
        38.001913377441724,
        18.00613345750463,
        25.665551318773225,
        241.9281454967283,
        185.2918020971935,
        110.0427810271749,
        -157.9879332242873,
        170.7626389218476,
        193.08156547446745,
        139.44999136855478,
        126.58480813443742,
        107.19934898149091,
        82.66877462017993,
        100.08735487571022,
        99.69730954435562,
        477.7368429890909,
        486.14065131433307,
        507.52130754362673,
        480.1353232787395,
        339.61744074195053,
        373.84345407555384,
        382.81981172037206,
        352.1212958029489,
        181.4626986769081,
        181.1063178161101,
        163.00678971493465,
        118.33307589750086,
        231.56387601240985,
        226.12021651051543,
        208.98916969140427,
        172.31856958718367,
        227.81464175752922,
        195.72430214972053,
        197.6648229678,
        149.35150242333697,
        135.90515026582597,
        149.0488943354469,
        108.00159197366526,
        95.22934149191207,
        94.64004387819818,
        96.30332659220869,
        89.45760905666054,
        52.79352102769167,
        173.3046926956701,
        147.3151952595632,
        110.31969518409142,
        94.23187362682404,
        179.7834655056776,
        172.1878382113681,
        128.58224693670957,
        5.730714028902128,
        288.42410012212673,
        274.12565219867906,
        236.90125107157414,
        142.29032360513185,
        439.8046405529569,
        428.3498085162265,
        412.11272223656044,
        345.04863402752085,
        447.9368205450564,
        451.99810435881005,
        414.47489764510533,
        410.8195793356978,
        459.26915301241513,
        431.848998987789,
        430.3769757198256,
        401.4847984272361,
        479.244928048758,
        431.6639141461175,
        441.11934297158155,
        412.1742586484802,
        182.33703774319605,
        177.53543287787573,
        177.86248882279347,
        135.15588795239813,
        237.62042110047628,
        263.87163526334035,
        361.86473979062026,
        360.46601164068244,
        289.6748492258333,
        197.38008250836253,
        123.05139618766901,
        132.42037328930707,
        89.8295468988635,
        99.16333119702739,
        152.4408579206392,
        140.25076556115653,
        88.45303861948008,
        98.16930353437203,
        154.526577002681,
        115.5444239434351,
        86.97031907936906,
        81.0947407078765,
        190.18329131108936,
        181.52318434471442,
        163.07751075079022,
        133.75433081615552,
        317.4378447482619,
        323.62753733123384,
        308.16993742243926,
        299.7933178292857,
        243.73931793439965,
        216.2165955192441,
        213.7365592766608,
        202.64207838323435,
        328.69838345027176,
        400.749764086762,
        378.2844686749586,
        460.95551044063586,
        473.2580967553037,
        429.18234826576787,
        385.70648937061725,
        280.5166594094401,
        305.1169122359414,
        236.9301495751469,
        141.10439923134265
    ],