{
    "R2_score": 0.6864968272483822,
    "MAE_score": 134.1887587565197,
    "RMSE_score": 189.11206048775162,
    "y_predict": [
        367.3093213066248,
        433.52580713666157,
        145.03272869713794,
        163.75425891081412,
        339.1359337806111,
        181.10106379685269,
        367.46651038144114,
        80.25412716727232,
        186.2361556628112,
        229.58661620165094,
        252.0421983182771,
        153.99799740149717,
        57.79854505064617,
        455.9813892532877,
        272.1867473404737,
        367.46651038144114,
        289.8969470459956,
        469.6359498749208,
        320.98825735626167,
        319.02148206407196,
        109.08683316824488,
        427.1607609863843,
        428.95826224711567,
        1075.4312043765076,
        438.6608990026201,
        382.249596753132,
        519.4684623524945,
        367.42159921720787,
        303.30257458243364,
        127.18113747063362,
        -158.5965434909093,
        45.43914603809782,
        6.5914987298020264,
        423.28902419754223,
        152.7267392078421,
        1120.34236860976,
        455.9813892532878
    ],
    "y_true": [
        399.7,
        352.5,
        60.3,
        62.2,
        115.0,
        198.0,
        548.0,
        94.6,
        97.9,
        188.8,
        215.28,
        22.1,
        87.23,
        276.0,
        220.0,
        1074.5,
        6.0,
        193.6,
        67.6,
        232.0,
        11.6,
        419.13,
        201.8,
        1340.0,
        455.0,
        333.94,
        750.1,
        528.8,
        216.0,
        109.9,
        98.3,
        88.0,
        82.5,
        422.0,
        92.9,
        1440.0,
        308.0
    ],
    "features": [
        "CC_Thermal_Conductivity",
        "Current_Collector",
        "Current_Density",
        "E_Bare_Anion_Radius",
        "E_Cation_Radius",
        "Is_Binder",
        "M_Density",
        "Morphology_Encoded",
        "Potential_Window",
        "Synthesis_Method"
    ]
}