{
    "R2_score": 0.3855614934476902,
    "MAE_score": 88.89256258053929,
    "RMSE_score": 114.79307841999736,
    "y_predict": [
        335.08995866267827,
        111.48297629296093,
        201.75766641807516,
        245.63183106643902,
        395.21885537882395,
        186.83132445841449,
        134.45869378443592,
        199.72111010361579,
        410.5360003731406,
        269.62750683341017,
        464.60800846648414,
        163.0028033190482,
        392.11513792389724,
        306.3438791042831,
        351.3311048834655,
        371.93168356116496,
        131.77320188456036,
        79.08790159166199,
        322.41453051005305,
        139.57009696513677,
        121.85117482769556,
        248.77626254149243,
        121.33393118556137,
        412.59968486073205,
        144.7528495581501,
        134.45869378443592,
        105.79462580724606,
        270.80614003815555,
        270.91336005311575,
        75.89973984474557,
        397.28253986641545,
        270.8827257631271,
        230.3554000922491,
        106.53402983337895,
        364.5845653901906
    ],
    "y_true": [
        140.0,
        149.0,
        310.4,
        118.4,
        333.94,
        82.5,
        240.6,
        198.0,
        354.8,
        377.13,
        565.3,
        260.4,
        131.0,
        25.0,
        325.0,
        455.0,
        287.4,
        94.6,
        423.0,
        11.6,
        118.4,
        211.8,
        58.1,
        391.6,
        59.7,
        221.9,
        66.5,
        145.9,
        548.0,
        64.8,
        352.5,
        355.6,
        235.0,
        93.4,
        305.0
    ],
    "features": [
        "CC_Electrical_Conductivity",
        "CC_Thermal_Conductivity",
        "Current_Density",
        "E_Anion_Radius",
        "E_Ionic_Conductivity",
        "Is_Binder",
        "M_Density",
        "Morphology_Encoded",
        "Potential_Window",
        "Synthesis_Method"
    ]
}